Store,Product,2021-04-12,2021-04-19,2021-04-26,2021-05-03,2021-05-10,2021-05-17,2021-05-24,2021-05-31,2021-06-07,2021-06-14,2021-06-21,2021-06-28,2021-07-05,2021-07-12,2021-07-19,2021-07-26,2021-08-02,2021-08-09,2021-08-16,2021-08-23,2021-08-30,2021-09-06,2021-09-13,2021-09-20,2021-09-27,2021-10-04,2021-10-11,2021-10-18,2021-10-25,2021-11-01,2021-11-08,2021-11-15,2021-11-22,2021-11-29,2021-12-06,2021-12-13,2021-12-20,2021-12-27,2022-01-03,2022-01-10,2022-01-17,2022-01-24,2022-01-31,2022-02-07,2022-02-14,2022-02-21,2022-02-28,2022-03-07,2022-03-14,2022-03-21,2022-03-28,2022-04-04,2022-04-11,2022-04-18,2022-04-25,2022-05-02,2022-05-09,2022-05-16,2022-05-23,2022-05-30,2022-06-06,2022-06-13,2022-06-20,2022-06-27,2022-07-04,2022-07-11,2022-07-18,2022-07-25,2022-08-01,2022-08-08,2022-08-15,2022-08-22,2022-08-29,2022-09-05,2022-09-12,2022-09-19,2022-09-26,2022-10-03,2022-10-10,2022-10-17,2022-10-24,2022-10-31,2022-11-07,2022-11-14,2022-11-21,2022-11-28,2022-12-05,2022-12-12,2022-12-19,2022-12-26,2023-01-02,2023-01-09,2023-01-16,2023-01-23,2023-01-30,2023-02-06,2023-02-13,2023-02-20,2023-02-27,2023-03-06,2023-03-13,2023-03-20,2023-03-27,2023-04-03,2023-04-10,2023-04-17,2023-04-24,2023-05-01,2023-05-08,2023-05-15,2023-05-22,2023-05-29,2023-06-05,2023-06-12,2023-06-19,2023-06-26,2023-07-03,2023-07-10,2023-07-17,2023-07-24,2023-07-31,2023-08-07,2023-08-14,2023-08-21,2023-08-28,2023-09-04,2023-09-11,2023-09-18,2023-09-25,2023-10-02,2023-10-09,2023-10-16,2023-10-23,2023-10-30,2023-11-06,2023-11-13,2023-11-20,2023-11-27,2023-12-04,2023-12-11,2023-12-18,2023-12-25,2024-01-01,2024-01-08,2024-01-15,2024-01-22,2024-01-29,2024-02-05,2024-02-12,2024-02-19,2024-02-26,2024-03-04,2024-03-11,2024-03-18,2024-03-25,2024-04-01,2024-04-08,2024-04-15,2024-04-22,2024-04-29,2024-05-06,2024-05-13
0,126,0.0,0.0,3.0,3.0,0.0,1.0,1.0,0.0,1.0,0.0,0.0,0.0,0.0,0.0,0.0,0.0,0.0,0.0,0.0,0.0,5.0,0.0,0.0,4.0,0.0,2.0,0.0,0.0,0.0,0.0,0.0,0.0,2.0,0.0,0.0,6.0,0.0,2.0,0.0,4.0,0.0,5.0,0.0,0.0,2.0,0.0,5.0,4.0,2.0,6.0,2.0,0.0,2.0,6.0,10.0,6.0,6.0,2.0,0.0,5.0,6.0,3.0,3.0,2.0,2.0,2.0,0.0,10.0,0.0,0.0,0.0,0.0,0.0,0.0,0.0,0.0,4.0,0.0,2.0,5.0,3.0,2.0,2.0,3.0,4.0,2.0,0.0,2.0,2.0,0.0,0.0,0.0,0.0,0.0,0.0,0.0,2.0,4.0,4.0,4.0,0.0,6.0,0.0,4.0,2.0,5.0,4.0,2.0,8.0,4.0,0.0,5.0,5.0,6.0,6.0,5.0,5.0,3.0,4.0,0.0,2.0,0.0,0.0,4.0,4.0,2.0,5.0,5.0,5.0,0.0,7.0,0.0,2.0,0.0,0.0,6.0,11.0,0.0,2.0,4.0,11.0,0.0,0.0,2.0,2.0,0.0,0.0,0.0,2.0,2.0,0.0,0.0,0.0,0.0,0.0,2.0,2.0,0.0,0.0,0.0,0.0,0.0
0,182,0.0,0.0,0.0,0.0,0.0,0.0,0.0,0.0,0.0,0.0,0.0,0.0,0.0,0.0,0.0,0.0,0.0,0.0,0.0,0.0,0.0,0.0,0.0,0.0,0.0,0.0,0.0,0.0,0.0,0.0,0.0,0.0,0.0,0.0,0.0,0.0,0.0,0.0,0.0,0.0,0.0,0.0,0.0,0.0,3.0,3.0,0.0,0.0,1.0,4.0,2.0,0.0,0.0,0.0,0.0,0.0,1.0,1.0,0.0,2.0,1.0,1.0,0.0,0.0,3.0,1.0,1.0,2.0,0.0,4.0,2.0,2.0,1.0,0.0,0.0,2.0,2.0,1.0,0.0,0.0,2.0,0.0,0.0,1.0,0.0,0.0,1.0,0.0,0.0,1.0,0.0,0.0,1.0,1.0,2.0,0.0,0.0,0.0,0.0,0.0,2.0,2.0,0.0,0.0,1.0,1.0,1.0,2.0,0.0,1.0,0.0,1.0,1.0,1.0,2.0,0.0,3.0,1.0,1.0,4.0,2.0,1.0,2.0,2.0,0.0,0.0,0.0,0.0,0.0,0.0,0.0,1.0,1.0,1.0,0.0,2.0,0.0,0.0,1.0,1.0,0.0,1.0,1.0,1.0,1.0,0.0,1.0,1.0,1.0,0.0,0.0,1.0,1.0,0.0,3.0,1.0,1.0,0.0,1.0,1.0,1.0,0.0
1,124,13.0,4.0,10.0,5.0,1.0,2.0,3.0,4.0,2.0,1.0,3.0,3.0,7.0,0.0,6.0,10.0,11.0,10.0,6.0,1.0,8.0,10.0,9.0,12.0,10.0,12.0,9.0,12.0,13.0,0.0,0.0,0.0,0.0,0.0,0.0,0.0,0.0,0.0,0.0,0.0,0.0,0.0,0.0,0.0,0.0,0.0,0.0,0.0,0.0,0.0,0.0,0.0,0.0,0.0,5.0,8.0,8.0,3.0,9.0,5.0,9.0,8.0,2.0,3.0,4.0,3.0,5.0,5.0,0.0,12.0,10.0,0.0,0.0,0.0,0.0,0.0,0.0,5.0,9.0,8.0,11.0,12.0,9.0,10.0,6.0,7.0,7.0,18.0,36.0,11.0,9.0,6.0,4.0,7.0,6.0,11.0,9.0,5.0,8.0,7.0,2.0,2.0,7.0,0.0,0.0,0.0,0.0,6.0,3.0,2.0,3.0,6.0,3.0,6.0,5.0,9.0,4.0,4.0,5.0,2.0,5.0,1.0,3.0,1.0,3.0,3.0,3.0,7.0,10.0,2.0,1.0,3.0,1.0,8.0,3.0,2.0,8.0,5.0,4.0,7.0,22.0,7.0,10.0,5.0,11.0,7.0,13.0,8.0,17.0,6.0,11.0,8.0,12.0,6.0,7.0,9.0,7.0,10.0,8.0,14.0,15.0,13.0
2,124,5.0,5.0,12.0,16.0,10.0,8.0,10.0,9.0,7.0,10.0,4.0,6.0,6.0,11.0,4.0,5.0,13.0,2.0,11.0,8.0,8.0,12.0,17.0,19.0,12.0,10.0,3.0,11.0,12.0,16.0,18.0,14.0,15.0,10.0,10.0,12.0,27.0,7.0,6.0,3.0,7.0,11.0,13.0,4.0,2.0,10.0,9.0,5.0,12.0,5.0,11.0,10.0,13.0,5.0,8.0,14.0,13.0,11.0,14.0,15.0,11.0,12.0,7.0,6.0,10.0,10.0,8.0,14.0,10.0,14.0,7.0,7.0,11.0,12.0,11.0,7.0,4.0,8.0,9.0,9.0,9.0,6.0,9.0,19.0,18.0,15.0,12.0,13.0,22.0,8.0,11.0,4.0,10.0,8.0,2.0,5.0,6.0,6.0,12.0,5.0,10.0,7.0,12.0,6.0,11.0,11.0,17.0,2.0,9.0,4.0,4.0,6.0,11.0,18.0,6.0,3.0,23.0,5.0,7.0,9.0,6.0,8.0,11.0,12.0,3.0,9.0,9.0,7.0,7.0,2.0,7.0,6.0,9.0,4.0,2.0,7.0,6.0,8.0,4.0,9.0,20.0,4.0,8.0,6.0,7.0,9.0,7.0,6.0,8.0,8.0,18.0,11.0,14.0,3.0,12.0,13.0,2.0,8.0,6.0,16.0,17.0,15.0
2,126,0.0,0.0,6.0,5.0,7.0,4.0,1.0,2.0,6.0,5.0,1.0,3.0,0.0,4.0,0.0,0.0,8.0,0.0,0.0,5.0,2.0,3.0,5.0,7.0,2.0,0.0,0.0,0.0,9.0,5.0,6.0,4.0,2.0,4.0,0.0,0.0,5.0,0.0,15.0,3.0,0.0,7.0,4.0,0.0,4.0,14.0,5.0,10.0,2.0,0.0,2.0,0.0,6.0,2.0,0.0,3.0,0.0,0.0,0.0,2.0,0.0,0.0,2.0,0.0,2.0,0.0,0.0,2.0,0.0,2.0,4.0,0.0,8.0,4.0,2.0,2.0,2.0,4.0,2.0,0.0,0.0,0.0,0.0,2.0,0.0,0.0,0.0,2.0,2.0,0.0,15.0,0.0,0.0,0.0,0.0,0.0,4.0,4.0,2.0,0.0,0.0,9.0,2.0,2.0,0.0,0.0,4.0,0.0,4.0,5.0,0.0,3.0,4.0,7.0,3.0,2.0,11.0,4.0,2.0,0.0,3.0,0.0,6.0,5.0,0.0,4.0,2.0,3.0,2.0,0.0,10.0,0.0,0.0,0.0,0.0,0.0,2.0,0.0,0.0,2.0,0.0,0.0,0.0,0.0,0.0,0.0,0.0,2.0,0.0,2.0,5.0,2.0,2.0,4.0,2.0,3.0,2.0,0.0,0.0,0.0,2.0,0.0
3,126,1.0,0.0,0.0,0.0,1.0,0.0,0.0,0.0,1.0,0.0,0.0,0.0,0.0,0.0,0.0,0.0,0.0,0.0,4.0,0.0,0.0,8.0,2.0,4.0,4.0,2.0,4.0,0.0,0.0,0.0,16.0,0.0,0.0,10.0,2.0,6.0,11.0,0.0,0.0,0.0,0.0,0.0,2.0,18.0,3.0,4.0,2.0,3.0,3.0,3.0,2.0,2.0,0.0,0.0,2.0,2.0,4.0,0.0,20.0,0.0,2.0,4.0,3.0,4.0,0.0,5.0,3.0,0.0,0.0,0.0,9.0,0.0,0.0,2.0,2.0,2.0,13.0,0.0,0.0,0.0,0.0,0.0,0.0,4.0,0.0,0.0,13.0,0.0,2.0,0.0,3.0,0.0,7.0,2.0,0.0,2.0,4.0,20.0,3.0,4.0,0.0,4.0,7.0,5.0,9.0,4.0,0.0,0.0,0.0,0.0,18.0,0.0,2.0,0.0,17.0,8.0,2.0,0.0,5.0,2.0,0.0,0.0,5.0,14.0,12.0,5.0,2.0,6.0,6.0,7.0,2.0,0.0,0.0,0.0,0.0,0.0,0.0,2.0,0.0,2.0,7.0,27.0,0.0,0.0,0.0,2.0,0.0,0.0,2.0,3.0,0.0,0.0,0.0,0.0,2.0,0.0,0.0,0.0,3.0,0.0,0.0,0.0
4,124,10.0,7.0,16.0,8.0,12.0,8.0,5.0,7.0,5.0,3.0,7.0,7.0,6.0,11.0,8.0,16.0,1.0,10.0,8.0,7.0,20.0,12.0,12.0,14.0,13.0,17.0,17.0,7.0,17.0,11.0,16.0,20.0,8.0,17.0,16.0,18.0,19.0,8.0,15.0,7.0,17.0,7.0,15.0,7.0,17.0,10.0,19.0,10.0,8.0,12.0,10.0,4.0,16.0,12.0,9.0,14.0,20.0,10.0,11.0,18.0,19.0,18.0,8.0,5.0,12.0,13.0,11.0,17.0,6.0,14.0,12.0,6.0,6.0,20.0,20.0,14.0,14.0,8.0,14.0,7.0,10.0,16.0,8.0,16.0,20.0,15.0,13.0,20.0,31.0,11.0,13.0,10.0,10.0,12.0,10.0,13.0,4.0,15.0,5.0,16.0,19.0,9.0,8.0,12.0,10.0,5.0,10.0,10.0,16.0,10.0,3.0,7.0,13.0,13.0,13.0,6.0,9.0,12.0,5.0,11.0,9.0,5.0,13.0,13.0,11.0,8.0,4.0,7.0,6.0,9.0,8.0,13.0,7.0,11.0,10.0,9.0,10.0,11.0,19.0,13.0,29.0,17.0,6.0,11.0,15.0,12.0,11.0,9.0,13.0,13.0,15.0,5.0,13.0,8.0,6.0,7.0,12.0,12.0,4.0,10.0,14.0,16.0
4,126,0.0,0.0,0.0,0.0,0.0,0.0,0.0,0.0,0.0,0.0,0.0,1.0,2.0,2.0,0.0,0.0,0.0,0.0,0.0,2.0,2.0,0.0,0.0,10.0,0.0,5.0,2.0,0.0,3.0,0.0,3.0,0.0,2.0,2.0,8.0,4.0,2.0,0.0,4.0,0.0,4.0,2.0,4.0,0.0,9.0,3.0,13.0,7.0,7.0,0.0,6.0,4.0,2.0,0.0,4.0,0.0,3.0,2.0,6.0,4.0,0.0,6.0,2.0,2.0,2.0,4.0,4.0,0.0,4.0,4.0,4.0,0.0,0.0,4.0,4.0,2.0,5.0,0.0,2.0,0.0,0.0,2.0,0.0,0.0,4.0,2.0,0.0,0.0,5.0,0.0,0.0,2.0,0.0,2.0,3.0,0.0,0.0,7.0,2.0,7.0,11.0,0.0,2.0,0.0,0.0,0.0,2.0,0.0,6.0,7.0,2.0,0.0,2.0,4.0,5.0,0.0,6.0,5.0,0.0,2.0,2.0,0.0,2.0,2.0,0.0,4.0,2.0,0.0,4.0,0.0,0.0,0.0,0.0,0.0,0.0,3.0,0.0,0.0,0.0,2.0,0.0,3.0,2.0,0.0,0.0,0.0,2.0,2.0,0.0,0.0,0.0,0.0,2.0,2.0,0.0,0.0,0.0,0.0,0.0,0.0,0.0,0.0
5,126,0.0,1.0,1.0,0.0,0.0,0.0,0.0,0.0,0.0,0.0,0.0,0.0,0.0,0.0,0.0,3.0,5.0,3.0,6.0,2.0,2.0,2.0,3.0,2.0,5.0,2.0,0.0,9.0,0.0,3.0,2.0,4.0,11.0,2.0,5.0,10.0,15.0,5.0,4.0,2.0,0.0,5.0,6.0,15.0,16.0,0.0,0.0,5.0,0.0,0.0,5.0,3.0,0.0,0.0,2.0,4.0,5.0,7.0,4.0,0.0,8.0,8.0,0.0,0.0,6.0,2.0,2.0,2.0,0.0,0.0,0.0,0.0,2.0,0.0,2.0,0.0,2.0,2.0,0.0,2.0,4.0,2.0,2.0,0.0,7.0,3.0,0.0,2.0,4.0,0.0,2.0,0.0,5.0,10.0,2.0,3.0,9.0,3.0,3.0,4.0,7.0,5.0,3.0,2.0,0.0,0.0,9.0,2.0,10.0,4.0,0.0,0.0,6.0,6.0,7.0,10.0,0.0,5.0,4.0,4.0,4.0,4.0,9.0,3.0,3.0,2.0,2.0,0.0,8.0,2.0,4.0,0.0,0.0,2.0,0.0,2.0,2.0,9.0,0.0,7.0,10.0,16.0,0.0,15.0,0.0,0.0,0.0,2.0,0.0,10.0,2.0,0.0,0.0,17.0,0.0,0.0,0.0,5.0,0.0,0.0,0.0,7.0
6,124,8.0,4.0,1.0,1.0,2.0,0.0,1.0,2.0,2.0,1.0,0.0,1.0,0.0,0.0,0.0,0.0,0.0,0.0,10.0,21.0,12.0,8.0,11.0,10.0,8.0,19.0,3.0,10.0,4.0,11.0,17.0,14.0,13.0,6.0,6.0,1.0,0.0,4.0,7.0,6.0,11.0,7.0,13.0,6.0,4.0,0.0,3.0,5.0,5.0,14.0,3.0,6.0,7.0,8.0,2.0,0.0,0.0,0.0,0.0,0.0,0.0,0.0,0.0,0.0,0.0,3.0,3.0,1.0,2.0,8.0,7.0,6.0,9.0,1.0,5.0,6.0,3.0,6.0,4.0,0.0,3.0,5.0,0.0,2.0,2.0,1.0,0.0,0.0,3.0,0.0,2.0,0.0,3.0,3.0,0.0,3.0,5.0,7.0,8.0,4.0,5.0,2.0,2.0,5.0,6.0,6.0,1.0,6.0,3.0,3.0,6.0,9.0,4.0,2.0,3.0,4.0,10.0,11.0,11.0,5.0,9.0,7.0,11.0,10.0,4.0,13.0,14.0,10.0,10.0,3.0,7.0,4.0,3.0,2.0,8.0,21.0,5.0,5.0,8.0,11.0,7.0,1.0,4.0,2.0,0.0,4.0,7.0,12.0,8.0,4.0,7.0,10.0,9.0,6.0,6.0,10.0,7.0,15.0,7.0,4.0,20.0,10.0
7,126,0.0,0.0,2.0,3.0,0.0,0.0,1.0,2.0,1.0,0.0,1.0,1.0,0.0,1.0,2.0,0.0,0.0,4.0,3.0,0.0,6.0,0.0,10.0,0.0,0.0,4.0,0.0,7.0,0.0,0.0,0.0,0.0,4.0,0.0,0.0,12.0,9.0,2.0,0.0,4.0,2.0,20.0,5.0,5.0,3.0,7.0,7.0,0.0,2.0,0.0,4.0,4.0,0.0,6.0,2.0,0.0,4.0,3.0,2.0,0.0,0.0,6.0,2.0,0.0,2.0,4.0,2.0,0.0,0.0,2.0,0.0,9.0,2.0,7.0,7.0,0.0,0.0,0.0,0.0,0.0,0.0,2.0,6.0,6.0,0.0,0.0,0.0,4.0,4.0,2.0,2.0,0.0,0.0,2.0,2.0,2.0,6.0,4.0,2.0,5.0,8.0,2.0,6.0,3.0,7.0,5.0,2.0,8.0,7.0,2.0,5.0,5.0,7.0,5.0,2.0,5.0,6.0,2.0,2.0,5.0,5.0,8.0,2.0,9.0,4.0,0.0,6.0,3.0,0.0,4.0,2.0,3.0,0.0,0.0,0.0,2.0,0.0,4.0,0.0,0.0,21.0,7.0,0.0,2.0,0.0,0.0,0.0,0.0,0.0,0.0,0.0,0.0,10.0,0.0,0.0,0.0,0.0,5.0,0.0,0.0,0.0,0.0
8,126,0.0,0.0,0.0,0.0,1.0,0.0,3.0,1.0,1.0,1.0,1.0,0.0,0.0,0.0,0.0,2.0,2.0,6.0,8.0,2.0,6.0,0.0,0.0,10.0,4.0,5.0,5.0,9.0,6.0,2.0,0.0,15.0,4.0,0.0,9.0,2.0,11.0,13.0,6.0,5.0,0.0,5.0,10.0,4.0,4.0,4.0,7.0,0.0,12.0,4.0,4.0,4.0,0.0,3.0,0.0,7.0,0.0,0.0,9.0,2.0,0.0,0.0,7.0,0.0,12.0,8.0,6.0,0.0,9.0,6.0,0.0,10.0,0.0,0.0,12.0,9.0,2.0,5.0,0.0,6.0,5.0,0.0,0.0,0.0,0.0,22.0,0.0,4.0,0.0,9.0,0.0,7.0,0.0,2.0,2.0,2.0,0.0,0.0,13.0,6.0,2.0,9.0,0.0,6.0,0.0,5.0,0.0,14.0,6.0,0.0,0.0,7.0,16.0,0.0,12.0,3.0,3.0,3.0,0.0,7.0,3.0,3.0,0.0,10.0,0.0,22.0,5.0,4.0,0.0,0.0,0.0,7.0,0.0,2.0,0.0,0.0,0.0,0.0,0.0,5.0,0.0,0.0,18.0,0.0,0.0,2.0,0.0,2.0,0.0,0.0,0.0,13.0,3.0,2.0,0.0,0.0,3.0,0.0,0.0,0.0,4.0,0.0
9,49,1.0,0.0,0.0,0.0,0.0,0.0,0.0,0.0,0.0,0.0,1.0,0.0,0.0,0.0,1.0,0.0,0.0,0.0,2.0,0.0,0.0,0.0,0.0,0.0,1.0,0.0,0.0,0.0,0.0,0.0,0.0,0.0,0.0,0.0,0.0,0.0,0.0,0.0,0.0,0.0,0.0,0.0,0.0,1.0,0.0,0.0,0.0,0.0,0.0,0.0,0.0,0.0,0.0,0.0,0.0,1.0,0.0,1.0,0.0,0.0,0.0,1.0,1.0,1.0,0.0,0.0,0.0,0.0,0.0,0.0,0.0,0.0,0.0,0.0,0.0,2.0,0.0,0.0,0.0,0.0,0.0,1.0,0.0,1.0,1.0,0.0,2.0,1.0,0.0,1.0,0.0,1.0,1.0,1.0,0.0,0.0,1.0,1.0,1.0,0.0,1.0,1.0,0.0,0.0,0.0,0.0,0.0,0.0,0.0,0.0,0.0,0.0,2.0,0.0,0.0,0.0,0.0,0.0,1.0,1.0,0.0,1.0,2.0,1.0,1.0,0.0,1.0,0.0,1.0,0.0,1.0,0.0,1.0,1.0,1.0,0.0,0.0,0.0,1.0,1.0,1.0,0.0,1.0,1.0,1.0,3.0,0.0,1.0,0.0,0.0,0.0,1.0,2.0,1.0,0.0,0.0,1.0,1.0,1.0,0.0,1.0,0.0
9,124,8.0,11.0,17.0,12.0,18.0,8.0,3.0,7.0,7.0,9.0,16.0,14.0,11.0,14.0,11.0,13.0,13.0,8.0,16.0,14.0,13.0,17.0,11.0,16.0,11.0,14.0,14.0,13.0,13.0,10.0,27.0,18.0,9.0,10.0,12.0,14.0,9.0,13.0,21.0,11.0,21.0,11.0,7.0,12.0,14.0,9.0,11.0,10.0,8.0,14.0,6.0,11.0,17.0,10.0,6.0,14.0,12.0,9.0,11.0,12.0,15.0,16.0,9.0,17.0,9.0,15.0,13.0,11.0,15.0,20.0,13.0,16.0,9.0,15.0,19.0,4.0,13.0,11.0,10.0,15.0,10.0,22.0,10.0,31.0,29.0,13.0,16.0,17.0,19.0,20.0,25.0,7.0,19.0,7.0,9.0,19.0,13.0,15.0,13.0,10.0,12.0,11.0,11.0,7.0,14.0,8.0,13.0,9.0,13.0,4.0,6.0,16.0,9.0,11.0,13.0,13.0,12.0,15.0,14.0,9.0,15.0,19.0,16.0,12.0,14.0,10.0,9.0,17.0,14.0,7.0,14.0,11.0,13.0,9.0,7.0,23.0,20.0,3.0,7.0,17.0,21.0,18.0,36.0,14.0,13.0,16.0,21.0,19.0,20.0,14.0,22.0,18.0,22.0,25.0,15.0,23.0,16.0,20.0,25.0,17.0,19.0,15.0
9,126,2.0,1.0,2.0,2.0,0.0,1.0,2.0,0.0,1.0,1.0,1.0,1.0,0.0,3.0,5.0,4.0,2.0,2.0,2.0,10.0,0.0,18.0,7.0,5.0,0.0,3.0,4.0,2.0,4.0,4.0,4.0,10.0,5.0,7.0,4.0,2.0,7.0,8.0,9.0,0.0,0.0,5.0,9.0,2.0,3.0,4.0,3.0,7.0,10.0,3.0,4.0,0.0,2.0,2.0,10.0,5.0,0.0,0.0,0.0,0.0,0.0,7.0,7.0,0.0,6.0,3.0,4.0,2.0,2.0,0.0,6.0,0.0,2.0,0.0,2.0,4.0,2.0,0.0,2.0,2.0,3.0,4.0,2.0,2.0,0.0,0.0,0.0,2.0,0.0,6.0,20.0,2.0,5.0,4.0,8.0,6.0,13.0,2.0,7.0,0.0,0.0,0.0,4.0,2.0,2.0,2.0,2.0,7.0,10.0,6.0,4.0,4.0,5.0,5.0,2.0,4.0,3.0,4.0,9.0,2.0,7.0,0.0,9.0,3.0,4.0,9.0,3.0,2.0,3.0,3.0,0.0,4.0,0.0,0.0,2.0,0.0,0.0,0.0,0.0,0.0,2.0,0.0,6.0,0.0,0.0,2.0,0.0,0.0,0.0,3.0,0.0,0.0,5.0,2.0,5.0,6.0,2.0,6.0,5.0,0.0,0.0,0.0
10,126,1.0,1.0,0.0,1.0,0.0,1.0,0.0,0.0,0.0,1.0,0.0,1.0,0.0,0.0,2.0,0.0,0.0,0.0,0.0,0.0,0.0,0.0,0.0,0.0,0.0,0.0,0.0,0.0,0.0,0.0,0.0,2.0,0.0,0.0,0.0,0.0,0.0,2.0,8.0,0.0,0.0,0.0,0.0,0.0,0.0,0.0,0.0,5.0,0.0,0.0,5.0,0.0,0.0,3.0,5.0,0.0,4.0,2.0,0.0,0.0,0.0,0.0,2.0,2.0,0.0,4.0,0.0,4.0,7.0,0.0,2.0,0.0,4.0,0.0,6.0,3.0,0.0,2.0,0.0,5.0,0.0,0.0,0.0,0.0,4.0,0.0,4.0,8.0,0.0,2.0,14.0,0.0,0.0,0.0,4.0,0.0,2.0,0.0,2.0,2.0,7.0,6.0,5.0,4.0,6.0,2.0,0.0,2.0,2.0,2.0,2.0,2.0,4.0,6.0,0.0,6.0,2.0,4.0,2.0,0.0,5.0,0.0,0.0,4.0,0.0,0.0,0.0,5.0,4.0,0.0,0.0,2.0,0.0,2.0,0.0,0.0,2.0,0.0,2.0,4.0,6.0,2.0,2.0,0.0,0.0,0.0,0.0,3.0,0.0,0.0,0.0,4.0,0.0,0.0,0.0,0.0,0.0,0.0,0.0,0.0,2.0,0.0
11,126,0.0,2.0,4.0,0.0,3.0,0.0,1.0,1.0,1.0,2.0,0.0,3.0,0.0,2.0,4.0,2.0,4.0,2.0,2.0,3.0,6.0,3.0,3.0,2.0,2.0,4.0,2.0,4.0,7.0,3.0,7.0,8.0,2.0,9.0,2.0,4.0,7.0,4.0,2.0,2.0,11.0,2.0,2.0,4.0,4.0,2.0,17.0,0.0,4.0,0.0,2.0,4.0,0.0,0.0,2.0,0.0,0.0,0.0,2.0,4.0,0.0,4.0,4.0,0.0,5.0,5.0,8.0,0.0,0.0,0.0,0.0,0.0,2.0,0.0,2.0,0.0,0.0,3.0,0.0,10.0,4.0,0.0,0.0,0.0,2.0,0.0,0.0,0.0,3.0,2.0,0.0,7.0,9.0,0.0,4.0,0.0,2.0,5.0,2.0,0.0,2.0,2.0,2.0,0.0,0.0,2.0,4.0,2.0,6.0,4.0,3.0,2.0,6.0,4.0,5.0,2.0,0.0,0.0,5.0,2.0,2.0,2.0,0.0,2.0,2.0,3.0,0.0,2.0,0.0,0.0,0.0,0.0,2.0,0.0,0.0,4.0,0.0,0.0,0.0,2.0,0.0,2.0,0.0,2.0,0.0,0.0,0.0,0.0,0.0,2.0,0.0,3.0,0.0,0.0,0.0,0.0,2.0,2.0,0.0,0.0,0.0,0.0
12,124,4.0,2.0,5.0,2.0,5.0,0.0,0.0,0.0,1.0,0.0,1.0,0.0,0.0,0.0,0.0,0.0,1.0,1.0,3.0,1.0,3.0,4.0,1.0,1.0,1.0,1.0,1.0,0.0,0.0,0.0,1.0,0.0,1.0,1.0,3.0,2.0,2.0,5.0,2.0,0.0,1.0,0.0,1.0,0.0,1.0,1.0,2.0,4.0,0.0,0.0,0.0,1.0,2.0,3.0,1.0,3.0,4.0,2.0,1.0,1.0,1.0,0.0,0.0,0.0,3.0,2.0,1.0,4.0,1.0,3.0,7.0,4.0,5.0,7.0,6.0,8.0,8.0,14.0,3.0,10.0,16.0,9.0,10.0,9.0,15.0,5.0,9.0,10.0,9.0,10.0,13.0,5.0,5.0,4.0,5.0,7.0,4.0,6.0,8.0,8.0,4.0,10.0,3.0,2.0,4.0,1.0,3.0,3.0,0.0,4.0,5.0,2.0,5.0,4.0,2.0,5.0,3.0,0.0,1.0,4.0,1.0,3.0,4.0,1.0,2.0,6.0,1.0,3.0,4.0,9.0,7.0,4.0,3.0,3.0,2.0,5.0,5.0,5.0,10.0,4.0,7.0,8.0,5.0,2.0,3.0,5.0,6.0,11.0,12.0,2.0,8.0,9.0,9.0,7.0,11.0,9.0,10.0,10.0,3.0,6.0,12.0,4.0
13,103,0.0,0.0,0.0,0.0,0.0,0.0,0.0,0.0,0.0,0.0,0.0,0.0,0.0,0.0,0.0,0.0,2.0,8.0,2.0,4.0,3.0,0.0,0.0,0.0,10.0,4.0,0.0,4.0,6.0,0.0,2.0,0.0,0.0,0.0,0.0,2.0,0.0,0.0,0.0,9.0,5.0,0.0,0.0,11.0,2.0,2.0,0.0,0.0,0.0,2.0,2.0,0.0,3.0,0.0,3.0,0.0,2.0,2.0,0.0,0.0,4.0,2.0,2.0,17.0,9.0,3.0,4.0,2.0,0.0,0.0,8.0,2.0,0.0,15.0,2.0,5.0,2.0,0.0,2.0,2.0,0.0,2.0,13.0,0.0,0.0,2.0,8.0,0.0,7.0,4.0,5.0,0.0,0.0,0.0,0.0,0.0,2.0,15.0,0.0,0.0,0.0,2.0,2.0,4.0,5.0,0.0,3.0,2.0,2.0,2.0,4.0,12.0,20.0,2.0,0.0,0.0,5.0,5.0,3.0,0.0,3.0,2.0,4.0,2.0,19.0,2.0,2.0,3.0,5.0,0.0,2.0,0.0,0.0,0.0,5.0,0.0,0.0,2.0,3.0,4.0,6.0,0.0,24.0,2.0,0.0,0.0,0.0,0.0,0.0,0.0,0.0,0.0,0.0,0.0,0.0,0.0,0.0,0.0,2.0,0.0,0.0,3.0
14,124,1.0,3.0,3.0,3.0,4.0,0.0,0.0,1.0,1.0,0.0,6.0,5.0,1.0,7.0,9.0,4.0,16.0,24.0,8.0,16.0,11.0,13.0,12.0,8.0,20.0,27.0,6.0,21.0,10.0,11.0,16.0,22.0,12.0,13.0,16.0,22.0,23.0,8.0,3.0,5.0,9.0,9.0,13.0,18.0,12.0,20.0,19.0,20.0,17.0,19.0,16.0,17.0,19.0,11.0,5.0,8.0,8.0,14.0,12.0,5.0,7.0,8.0,11.0,10.0,7.0,12.0,12.0,8.0,10.0,10.0,10.0,2.0,3.0,4.0,16.0,20.0,19.0,9.0,10.0,9.0,10.0,7.0,14.0,13.0,24.0,12.0,16.0,23.0,31.0,7.0,10.0,3.0,5.0,7.0,4.0,12.0,14.0,10.0,11.0,10.0,8.0,15.0,8.0,6.0,12.0,8.0,12.0,7.0,14.0,6.0,8.0,7.0,7.0,9.0,12.0,11.0,1.0,6.0,11.0,10.0,10.0,11.0,7.0,15.0,0.0,11.0,7.0,13.0,15.0,10.0,13.0,15.0,13.0,16.0,16.0,7.0,0.0,0.0,0.0,0.0,3.0,3.0,11.0,15.0,15.0,16.0,18.0,20.0,9.0,22.0,16.0,22.0,18.0,11.0,15.0,12.0,21.0,22.0,15.0,25.0,30.0,12.0
14,126,0.0,0.0,0.0,0.0,0.0,1.0,1.0,0.0,1.0,0.0,0.0,0.0,0.0,0.0,2.0,4.0,8.0,7.0,2.0,6.0,8.0,8.0,10.0,3.0,6.0,5.0,2.0,11.0,8.0,5.0,5.0,20.0,4.0,5.0,4.0,5.0,12.0,14.0,0.0,0.0,2.0,6.0,4.0,12.0,9.0,6.0,7.0,11.0,3.0,5.0,8.0,4.0,0.0,2.0,2.0,5.0,5.0,5.0,2.0,2.0,2.0,0.0,6.0,7.0,2.0,10.0,8.0,6.0,4.0,7.0,0.0,0.0,4.0,2.0,2.0,5.0,7.0,4.0,4.0,3.0,6.0,3.0,2.0,11.0,10.0,2.0,5.0,6.0,2.0,2.0,9.0,2.0,0.0,10.0,4.0,10.0,6.0,10.0,14.0,8.0,5.0,6.0,2.0,9.0,5.0,2.0,2.0,4.0,6.0,0.0,11.0,9.0,5.0,11.0,14.0,8.0,8.0,8.0,8.0,9.0,0.0,10.0,2.0,7.0,14.0,3.0,4.0,0.0,3.0,0.0,2.0,0.0,0.0,0.0,2.0,0.0,5.0,0.0,6.0,2.0,6.0,2.0,0.0,0.0,0.0,0.0,0.0,0.0,0.0,8.0,2.0,0.0,0.0,2.0,0.0,0.0,2.0,0.0,2.0,4.0,0.0,3.0
15,126,0.0,0.0,0.0,0.0,0.0,0.0,0.0,0.0,0.0,0.0,0.0,0.0,0.0,0.0,0.0,0.0,0.0,0.0,0.0,0.0,0.0,2.0,0.0,2.0,0.0,0.0,0.0,0.0,0.0,0.0,0.0,0.0,0.0,0.0,0.0,0.0,0.0,0.0,2.0,2.0,0.0,0.0,0.0,0.0,0.0,0.0,0.0,0.0,0.0,0.0,0.0,0.0,0.0,0.0,3.0,0.0,0.0,0.0,2.0,0.0,2.0,0.0,0.0,2.0,9.0,0.0,5.0,4.0,2.0,0.0,5.0,2.0,2.0,0.0,0.0,0.0,2.0,0.0,2.0,4.0,0.0,0.0,2.0,0.0,0.0,0.0,0.0,0.0,0.0,0.0,18.0,0.0,0.0,2.0,2.0,2.0,0.0,5.0,3.0,4.0,2.0,2.0,8.0,6.0,2.0,2.0,0.0,2.0,0.0,4.0,2.0,2.0,4.0,6.0,4.0,8.0,6.0,0.0,0.0,2.0,0.0,0.0,3.0,0.0,2.0,0.0,0.0,0.0,0.0,5.0,2.0,0.0,0.0,2.0,0.0,0.0,5.0,0.0,0.0,3.0,0.0,0.0,0.0,0.0,0.0,0.0,0.0,0.0,0.0,2.0,2.0,2.0,2.0,0.0,2.0,0.0,0.0,0.0,0.0,0.0,0.0,0.0
16,126,1.0,1.0,1.0,3.0,0.0,1.0,0.0,2.0,0.0,0.0,1.0,0.0,0.0,0.0,0.0,0.0,0.0,0.0,0.0,3.0,0.0,5.0,0.0,4.0,0.0,2.0,2.0,0.0,6.0,0.0,0.0,2.0,0.0,0.0,2.0,26.0,2.0,16.0,0.0,4.0,0.0,2.0,11.0,0.0,0.0,2.0,2.0,5.0,12.0,0.0,7.0,0.0,5.0,0.0,2.0,2.0,2.0,9.0,0.0,0.0,0.0,0.0,0.0,2.0,0.0,24.0,0.0,0.0,12.0,0.0,0.0,5.0,0.0,0.0,13.0,3.0,2.0,0.0,2.0,0.0,2.0,0.0,2.0,2.0,0.0,0.0,0.0,7.0,0.0,0.0,9.0,0.0,0.0,8.0,2.0,2.0,3.0,4.0,4.0,0.0,0.0,0.0,2.0,2.0,6.0,0.0,3.0,5.0,2.0,2.0,0.0,14.0,2.0,3.0,0.0,3.0,4.0,0.0,3.0,0.0,0.0,2.0,0.0,2.0,5.0,5.0,4.0,4.0,2.0,0.0,4.0,0.0,0.0,0.0,0.0,0.0,0.0,4.0,2.0,0.0,2.0,2.0,0.0,3.0,0.0,0.0,13.0,0.0,0.0,0.0,0.0,2.0,2.0,7.0,0.0,5.0,4.0,2.0,0.0,0.0,0.0,0.0
17,126,2.0,0.0,2.0,0.0,2.0,3.0,1.0,1.0,1.0,3.0,2.0,1.0,0.0,4.0,0.0,0.0,0.0,3.0,2.0,0.0,0.0,2.0,2.0,3.0,0.0,0.0,0.0,0.0,0.0,0.0,0.0,2.0,0.0,0.0,0.0,0.0,2.0,2.0,4.0,0.0,0.0,0.0,2.0,0.0,3.0,0.0,0.0,0.0,0.0,0.0,0.0,0.0,0.0,0.0,0.0,0.0,5.0,0.0,0.0,0.0,3.0,0.0,0.0,0.0,0.0,0.0,0.0,0.0,0.0,2.0,0.0,4.0,2.0,4.0,0.0,6.0,0.0,5.0,4.0,0.0,6.0,13.0,0.0,0.0,5.0,2.0,2.0,4.0,9.0,2.0,0.0,0.0,4.0,7.0,5.0,2.0,0.0,4.0,2.0,4.0,0.0,5.0,5.0,6.0,3.0,0.0,2.0,2.0,13.0,2.0,4.0,5.0,7.0,5.0,2.0,3.0,4.0,2.0,0.0,2.0,6.0,2.0,0.0,4.0,3.0,2.0,2.0,4.0,6.0,0.0,2.0,5.0,0.0,0.0,0.0,0.0,0.0,0.0,2.0,0.0,6.0,0.0,0.0,3.0,0.0,4.0,19.0,0.0,2.0,2.0,0.0,0.0,0.0,0.0,0.0,0.0,6.0,0.0,0.0,0.0,0.0,0.0
18,124,13.0,8.0,6.0,10.0,11.0,4.0,10.0,5.0,5.0,3.0,7.0,7.0,11.0,13.0,10.0,15.0,0.0,8.0,9.0,15.0,16.0,22.0,27.0,28.0,13.0,13.0,20.0,17.0,22.0,16.0,29.0,15.0,15.0,12.0,7.0,25.0,34.0,11.0,8.0,9.0,13.0,13.0,13.0,12.0,17.0,10.0,13.0,20.0,11.0,10.0,15.0,16.0,8.0,12.0,11.0,15.0,19.0,14.0,18.0,12.0,17.0,11.0,3.0,11.0,16.0,18.0,24.0,14.0,17.0,12.0,11.0,11.0,11.0,19.0,12.0,19.0,22.0,20.0,19.0,11.0,16.0,12.0,12.0,28.0,21.0,13.0,23.0,8.0,36.0,14.0,20.0,12.0,16.0,17.0,20.0,20.0,9.0,10.0,12.0,20.0,8.0,14.0,14.0,10.0,13.0,15.0,10.0,17.0,17.0,0.0,17.0,26.0,15.0,19.0,12.0,19.0,16.0,10.0,9.0,14.0,16.0,8.0,12.0,16.0,13.0,12.0,9.0,11.0,6.0,11.0,18.0,12.0,5.0,10.0,13.0,25.0,17.0,0.0,10.0,18.0,36.0,12.0,9.0,5.0,4.0,3.0,6.0,6.0,0.0,12.0,17.0,8.0,15.0,15.0,13.0,20.0,9.0,18.0,20.0,20.0,21.0,16.0
18,126,4.0,2.0,1.0,4.0,1.0,1.0,5.0,0.0,0.0,1.0,0.0,1.0,4.0,2.0,9.0,4.0,0.0,2.0,3.0,4.0,4.0,5.0,2.0,5.0,0.0,4.0,3.0,13.0,2.0,4.0,6.0,0.0,0.0,0.0,2.0,2.0,11.0,2.0,14.0,0.0,0.0,2.0,2.0,10.0,2.0,0.0,0.0,12.0,5.0,6.0,6.0,2.0,0.0,2.0,4.0,4.0,3.0,4.0,3.0,0.0,0.0,0.0,4.0,4.0,2.0,3.0,5.0,10.0,4.0,2.0,0.0,2.0,0.0,6.0,4.0,0.0,7.0,2.0,0.0,2.0,0.0,0.0,3.0,5.0,5.0,0.0,0.0,2.0,2.0,0.0,0.0,0.0,2.0,7.0,6.0,2.0,2.0,4.0,0.0,9.0,2.0,8.0,2.0,0.0,2.0,2.0,4.0,6.0,10.0,6.0,9.0,8.0,6.0,8.0,2.0,7.0,8.0,8.0,0.0,0.0,2.0,4.0,4.0,6.0,0.0,5.0,2.0,3.0,0.0,7.0,4.0,0.0,0.0,0.0,0.0,2.0,2.0,2.0,0.0,2.0,4.0,0.0,0.0,12.0,0.0,0.0,0.0,0.0,5.0,2.0,0.0,0.0,2.0,0.0,0.0,0.0,0.0,0.0,0.0,2.0,0.0,0.0
19,17,11.0,11.0,9.0,8.0,16.0,7.0,10.0,6.0,10.0,10.0,8.0,4.0,16.0,13.0,11.0,11.0,18.0,22.0,22.0,14.0,19.0,12.0,12.0,15.0,17.0,26.0,24.0,20.0,17.0,16.0,33.0,35.0,25.0,21.0,13.0,24.0,40.0,16.0,22.0,20.0,17.0,20.0,26.0,17.0,11.0,17.0,19.0,20.0,23.0,16.0,16.0,8.0,17.0,8.0,11.0,21.0,19.0,18.0,19.0,24.0,27.0,19.0,20.0,20.0,23.0,28.0,32.0,24.0,21.0,20.0,34.0,18.0,20.0,22.0,27.0,27.0,29.0,18.0,22.0,12.0,26.0,19.0,21.0,18.0,27.0,12.0,16.0,26.0,50.0,19.0,19.0,14.0,14.0,12.0,15.0,19.0,10.0,24.0,18.0,19.0,24.0,15.0,14.0,13.0,27.0,8.0,11.0,23.0,19.0,20.0,24.0,20.0,15.0,22.0,21.0,24.0,25.0,16.0,22.0,8.0,21.0,21.0,20.0,23.0,19.0,12.0,19.0,23.0,25.0,13.0,18.0,14.0,10.0,17.0,16.0,0.0,0.0,0.0,16.0,22.0,30.0,17.0,15.0,15.0,11.0,16.0,21.0,22.0,24.0,25.0,10.0,18.0,21.0,9.0,25.0,11.0,19.0,15.0,15.0,4.0,29.0,24.0
19,103,0.0,1.0,0.0,0.0,0.0,0.0,0.0,0.0,0.0,0.0,0.0,0.0,0.0,0.0,0.0,0.0,5.0,4.0,16.0,2.0,2.0,2.0,0.0,0.0,8.0,10.0,9.0,9.0,4.0,2.0,3.0,6.0,7.0,4.0,0.0,4.0,0.0,3.0,0.0,7.0,0.0,2.0,6.0,2.0,0.0,14.0,6.0,6.0,0.0,11.0,0.0,0.0,0.0,0.0,2.0,6.0,41.0,0.0,0.0,0.0,5.0,0.0,20.0,0.0,9.0,4.0,4.0,16.0,16.0,30.0,80.0,0.0,0.0,3.0,0.0,0.0,0.0,0.0,0.0,0.0,0.0,0.0,0.0,0.0,0.0,104.0,0.0,7.0,9.0,10.0,0.0,7.0,10.0,2.0,0.0,10.0,0.0,5.0,35.0,0.0,10.0,0.0,0.0,57.0,6.0,10.0,0.0,0.0,20.0,0.0,0.0,25.0,0.0,0.0,25.0,0.0,25.0,0.0,12.0,2.0,9.0,9.0,0.0,7.0,14.0,3.0,0.0,5.0,0.0,2.0,0.0,0.0,11.0,3.0,0.0,3.0,2.0,0.0,0.0,0.0,0.0,0.0,0.0,25.0,0.0,0.0,8.0,0.0,9.0,5.0,0.0,0.0,13.0,0.0,0.0,0.0,11.0,0.0,0.0,0.0,0.0,0.0
20,126,0.0,0.0,0.0,0.0,0.0,2.0,1.0,1.0,1.0,1.0,1.0,1.0,0.0,0.0,0.0,0.0,0.0,0.0,2.0,12.0,3.0,2.0,8.0,2.0,9.0,2.0,4.0,7.0,2.0,4.0,7.0,6.0,11.0,5.0,4.0,7.0,12.0,4.0,8.0,2.0,4.0,6.0,12.0,5.0,4.0,7.0,4.0,2.0,6.0,13.0,0.0,6.0,0.0,7.0,10.0,3.0,2.0,3.0,2.0,2.0,0.0,5.0,5.0,8.0,5.0,2.0,7.0,3.0,2.0,2.0,0.0,0.0,6.0,0.0,0.0,4.0,3.0,0.0,0.0,6.0,0.0,0.0,0.0,7.0,2.0,9.0,2.0,2.0,2.0,3.0,2.0,0.0,15.0,5.0,6.0,5.0,7.0,0.0,0.0,6.0,0.0,9.0,8.0,10.0,0.0,2.0,5.0,0.0,8.0,0.0,2.0,5.0,15.0,4.0,16.0,3.0,6.0,2.0,0.0,8.0,0.0,4.0,5.0,8.0,4.0,8.0,2.0,2.0,6.0,7.0,0.0,6.0,0.0,0.0,0.0,2.0,0.0,0.0,0.0,4.0,2.0,9.0,0.0,0.0,3.0,3.0,0.0,0.0,0.0,0.0,0.0,2.0,2.0,4.0,0.0,5.0,0.0,0.0,0.0,0.0,4.0,0.0
21,124,5.0,4.0,7.0,9.0,7.0,5.0,5.0,1.0,5.0,6.0,4.0,7.0,6.0,8.0,6.0,6.0,3.0,6.0,15.0,9.0,8.0,14.0,8.0,13.0,20.0,6.0,0.0,13.0,13.0,11.0,22.0,15.0,6.0,5.0,16.0,18.0,19.0,10.0,11.0,7.0,7.0,5.0,5.0,0.0,12.0,8.0,13.0,5.0,6.0,5.0,6.0,5.0,0.0,10.0,2.0,3.0,2.0,8.0,4.0,15.0,6.0,13.0,8.0,11.0,12.0,10.0,14.0,6.0,12.0,9.0,8.0,4.0,13.0,8.0,6.0,9.0,9.0,1.0,5.0,12.0,6.0,9.0,7.0,29.0,23.0,16.0,30.0,27.0,25.0,12.0,7.0,11.0,13.0,14.0,11.0,10.0,21.0,14.0,17.0,16.0,25.0,15.0,11.0,12.0,8.0,15.0,15.0,21.0,17.0,7.0,5.0,13.0,13.0,20.0,9.0,18.0,14.0,23.0,16.0,10.0,11.0,10.0,10.0,14.0,21.0,7.0,12.0,20.0,13.0,14.0,13.0,15.0,5.0,8.0,23.0,15.0,19.0,12.0,22.0,26.0,32.0,9.0,5.0,16.0,7.0,9.0,14.0,12.0,7.0,16.0,17.0,10.0,15.0,7.0,10.0,11.0,16.0,5.0,12.0,9.0,20.0,18.0
21,126,0.0,0.0,1.0,1.0,0.0,0.0,0.0,0.0,0.0,0.0,0.0,0.0,0.0,3.0,8.0,0.0,2.0,4.0,5.0,3.0,8.0,11.0,5.0,3.0,11.0,2.0,2.0,4.0,0.0,6.0,9.0,2.0,5.0,5.0,10.0,8.0,10.0,9.0,2.0,2.0,4.0,2.0,2.0,6.0,10.0,4.0,12.0,8.0,0.0,0.0,0.0,0.0,0.0,6.0,12.0,2.0,2.0,6.0,2.0,2.0,2.0,7.0,12.0,4.0,7.0,0.0,5.0,5.0,0.0,0.0,2.0,0.0,2.0,2.0,2.0,4.0,0.0,0.0,3.0,2.0,2.0,0.0,0.0,7.0,2.0,0.0,4.0,6.0,2.0,0.0,0.0,10.0,2.0,5.0,4.0,2.0,10.0,0.0,7.0,6.0,4.0,9.0,4.0,2.0,0.0,4.0,6.0,2.0,5.0,2.0,6.0,0.0,3.0,6.0,0.0,5.0,2.0,19.0,6.0,0.0,0.0,0.0,0.0,0.0,6.0,0.0,2.0,2.0,0.0,2.0,0.0,9.0,0.0,2.0,0.0,0.0,7.0,0.0,2.0,0.0,2.0,6.0,0.0,0.0,10.0,0.0,0.0,0.0,0.0,0.0,2.0,7.0,0.0,0.0,0.0,0.0,0.0,0.0,4.0,4.0,0.0,0.0
22,126,0.0,0.0,0.0,0.0,0.0,0.0,0.0,0.0,0.0,0.0,0.0,1.0,0.0,0.0,0.0,0.0,0.0,0.0,0.0,0.0,0.0,0.0,0.0,0.0,0.0,0.0,0.0,0.0,0.0,0.0,0.0,0.0,0.0,0.0,0.0,0.0,0.0,0.0,0.0,0.0,0.0,0.0,0.0,0.0,0.0,0.0,0.0,0.0,0.0,0.0,0.0,0.0,0.0,0.0,0.0,0.0,0.0,0.0,0.0,0.0,0.0,0.0,0.0,0.0,0.0,0.0,0.0,0.0,0.0,0.0,0.0,5.0,2.0,2.0,4.0,7.0,7.0,0.0,3.0,0.0,0.0,11.0,0.0,0.0,0.0,0.0,0.0,0.0,30.0,6.0,6.0,2.0,0.0,2.0,7.0,2.0,0.0,15.0,0.0,0.0,0.0,0.0,0.0,23.0,0.0,0.0,0.0,0.0,0.0,12.0,2.0,5.0,19.0,5.0,8.0,8.0,6.0,15.0,2.0,3.0,0.0,0.0,6.0,2.0,6.0,5.0,2.0,0.0,4.0,8.0,0.0,2.0,0.0,15.0,2.0,7.0,0.0,0.0,0.0,0.0,0.0,2.0,10.0,0.0,0.0,0.0,0.0,0.0,8.0,8.0,2.0,0.0,0.0,7.0,2.0,0.0,2.0,3.0,0.0,0.0,2.0,3.0
23,124,1.0,8.0,5.0,7.0,6.0,5.0,1.0,1.0,1.0,0.0,1.0,0.0,4.0,4.0,2.0,3.0,5.0,12.0,12.0,11.0,8.0,13.0,16.0,7.0,12.0,10.0,5.0,10.0,15.0,4.0,27.0,12.0,12.0,8.0,9.0,14.0,17.0,5.0,6.0,8.0,11.0,6.0,10.0,12.0,9.0,10.0,16.0,12.0,10.0,6.0,11.0,11.0,5.0,7.0,18.0,15.0,19.0,7.0,7.0,12.0,8.0,12.0,7.0,13.0,7.0,7.0,17.0,9.0,10.0,11.0,10.0,15.0,6.0,9.0,11.0,12.0,11.0,13.0,14.0,3.0,7.0,12.0,9.0,28.0,13.0,10.0,10.0,11.0,25.0,9.0,7.0,14.0,10.0,10.0,7.0,13.0,9.0,13.0,9.0,5.0,8.0,10.0,12.0,12.0,8.0,4.0,6.0,16.0,8.0,2.0,7.0,11.0,12.0,11.0,8.0,11.0,7.0,5.0,5.0,8.0,14.0,10.0,10.0,7.0,7.0,12.0,6.0,10.0,7.0,5.0,9.0,9.0,15.0,10.0,7.0,12.0,14.0,11.0,2.0,18.0,23.0,6.0,3.0,10.0,4.0,6.0,9.0,7.0,6.0,2.0,21.0,9.0,8.0,12.0,6.0,9.0,8.0,11.0,3.0,9.0,10.0,4.0
24,126,0.0,0.0,1.0,0.0,0.0,0.0,0.0,0.0,0.0,0.0,0.0,0.0,0.0,0.0,2.0,8.0,0.0,2.0,4.0,2.0,6.0,10.0,3.0,0.0,4.0,4.0,0.0,3.0,0.0,0.0,5.0,7.0,2.0,2.0,0.0,2.0,10.0,3.0,3.0,0.0,2.0,5.0,6.0,2.0,4.0,2.0,0.0,5.0,8.0,2.0,3.0,2.0,0.0,0.0,3.0,7.0,2.0,0.0,0.0,4.0,4.0,0.0,9.0,3.0,6.0,0.0,5.0,4.0,2.0,2.0,2.0,0.0,7.0,7.0,7.0,0.0,0.0,0.0,6.0,3.0,0.0,2.0,5.0,2.0,2.0,2.0,0.0,10.0,6.0,0.0,0.0,0.0,0.0,9.0,2.0,0.0,5.0,2.0,3.0,0.0,14.0,7.0,0.0,0.0,0.0,2.0,0.0,2.0,6.0,0.0,2.0,4.0,10.0,2.0,0.0,4.0,8.0,4.0,8.0,0.0,0.0,0.0,4.0,3.0,0.0,0.0,0.0,2.0,3.0,0.0,0.0,0.0,0.0,0.0,0.0,0.0,0.0,0.0,2.0,3.0,2.0,3.0,0.0,5.0,2.0,0.0,0.0,0.0,0.0,0.0,2.0,2.0,0.0,2.0,0.0,0.0,3.0,0.0,0.0,0.0,0.0,11.0
25,124,1.0,7.0,1.0,4.0,1.0,4.0,5.0,2.0,0.0,2.0,0.0,5.0,4.0,1.0,0.0,0.0,2.0,2.0,11.0,2.0,7.0,12.0,2.0,3.0,3.0,2.0,3.0,3.0,3.0,2.0,9.0,4.0,3.0,3.0,4.0,3.0,8.0,3.0,1.0,2.0,0.0,1.0,0.0,0.0,1.0,3.0,1.0,1.0,0.0,3.0,4.0,2.0,8.0,3.0,0.0,1.0,2.0,0.0,3.0,6.0,5.0,4.0,0.0,4.0,3.0,4.0,0.0,0.0,0.0,0.0,0.0,3.0,4.0,7.0,5.0,8.0,1.0,1.0,3.0,4.0,4.0,4.0,2.0,10.0,5.0,7.0,3.0,6.0,11.0,5.0,7.0,8.0,3.0,7.0,7.0,2.0,8.0,1.0,5.0,7.0,3.0,5.0,6.0,2.0,6.0,11.0,6.0,4.0,4.0,8.0,11.0,3.0,6.0,5.0,6.0,5.0,1.0,6.0,7.0,13.0,4.0,6.0,7.0,4.0,4.0,1.0,1.0,5.0,2.0,3.0,3.0,1.0,0.0,5.0,2.0,2.0,0.0,7.0,0.0,3.0,1.0,2.0,2.0,0.0,2.0,3.0,13.0,8.0,10.0,12.0,14.0,7.0,11.0,5.0,13.0,9.0,14.0,13.0,9.0,9.0,26.0,14.0
25,126,1.0,2.0,0.0,2.0,1.0,1.0,0.0,4.0,0.0,0.0,0.0,3.0,0.0,0.0,0.0,0.0,0.0,0.0,0.0,0.0,2.0,8.0,2.0,4.0,3.0,0.0,0.0,0.0,6.0,0.0,0.0,7.0,2.0,2.0,2.0,10.0,8.0,2.0,0.0,2.0,3.0,2.0,3.0,2.0,0.0,4.0,4.0,0.0,0.0,5.0,2.0,0.0,4.0,0.0,0.0,5.0,3.0,6.0,4.0,3.0,3.0,0.0,0.0,0.0,4.0,0.0,0.0,2.0,6.0,2.0,4.0,0.0,0.0,3.0,7.0,0.0,4.0,0.0,0.0,0.0,0.0,2.0,0.0,2.0,4.0,0.0,0.0,7.0,5.0,0.0,2.0,2.0,0.0,0.0,8.0,0.0,6.0,0.0,2.0,2.0,0.0,4.0,5.0,0.0,2.0,6.0,5.0,5.0,0.0,2.0,10.0,3.0,5.0,0.0,2.0,2.0,3.0,5.0,5.0,2.0,4.0,3.0,5.0,12.0,2.0,0.0,4.0,4.0,2.0,13.0,0.0,0.0,0.0,2.0,0.0,0.0,2.0,0.0,0.0,4.0,3.0,2.0,0.0,2.0,0.0,0.0,0.0,0.0,0.0,3.0,23.0,0.0,0.0,0.0,0.0,0.0,0.0,0.0,0.0,0.0,0.0,0.0
26,126,0.0,0.0,2.0,1.0,2.0,1.0,1.0,1.0,1.0,2.0,0.0,1.0,0.0,0.0,0.0,0.0,4.0,2.0,4.0,6.0,4.0,3.0,5.0,7.0,0.0,5.0,5.0,2.0,4.0,2.0,0.0,3.0,0.0,3.0,23.0,7.0,11.0,4.0,5.0,2.0,0.0,7.0,2.0,3.0,5.0,0.0,4.0,0.0,5.0,11.0,0.0,7.0,0.0,0.0,0.0,0.0,20.0,0.0,2.0,5.0,0.0,0.0,0.0,0.0,18.0,3.0,0.0,0.0,6.0,0.0,0.0,0.0,0.0,0.0,31.0,0.0,0.0,0.0,0.0,0.0,0.0,0.0,0.0,0.0,0.0,0.0,26.0,0.0,0.0,3.0,0.0,3.0,2.0,0.0,0.0,10.0,14.0,2.0,3.0,3.0,0.0,2.0,2.0,0.0,0.0,0.0,8.0,0.0,0.0,2.0,3.0,3.0,7.0,3.0,4.0,5.0,3.0,0.0,2.0,7.0,2.0,4.0,0.0,0.0,0.0,20.0,2.0,2.0,0.0,5.0,0.0,0.0,2.0,2.0,0.0,0.0,0.0,0.0,2.0,0.0,2.0,13.0,0.0,5.0,5.0,5.0,12.0,3.0,6.0,2.0,0.0,9.0,0.0,2.0,3.0,2.0,2.0,3.0,2.0,3.0,0.0,5.0
27,124,0.0,0.0,0.0,0.0,0.0,0.0,0.0,0.0,0.0,0.0,0.0,0.0,0.0,0.0,0.0,0.0,0.0,0.0,1.0,3.0,1.0,1.0,0.0,0.0,0.0,0.0,0.0,0.0,0.0,1.0,0.0,1.0,0.0,0.0,0.0,0.0,3.0,0.0,0.0,2.0,0.0,1.0,3.0,2.0,1.0,0.0,0.0,0.0,0.0,1.0,0.0,0.0,0.0,0.0,0.0,0.0,0.0,0.0,0.0,0.0,0.0,2.0,0.0,0.0,0.0,0.0,0.0,0.0,0.0,0.0,0.0,0.0,4.0,1.0,1.0,1.0,8.0,4.0,2.0,12.0,1.0,4.0,5.0,4.0,8.0,4.0,10.0,13.0,14.0,6.0,7.0,6.0,7.0,9.0,1.0,1.0,0.0,2.0,4.0,0.0,1.0,1.0,5.0,4.0,7.0,7.0,2.0,4.0,8.0,5.0,6.0,5.0,4.0,6.0,6.0,2.0,6.0,7.0,12.0,6.0,11.0,12.0,8.0,4.0,7.0,7.0,8.0,13.0,11.0,10.0,4.0,9.0,5.0,7.0,14.0,14.0,18.0,9.0,8.0,18.0,36.0,8.0,10.0,12.0,7.0,10.0,7.0,5.0,7.0,5.0,8.0,7.0,6.0,9.0,7.0,6.0,8.0,9.0,15.0,9.0,15.0,5.0
27,126,4.0,5.0,5.0,6.0,9.0,5.0,9.0,6.0,3.0,14.0,6.0,4.0,0.0,3.0,0.0,2.0,6.0,2.0,0.0,2.0,6.0,5.0,8.0,0.0,0.0,0.0,0.0,18.0,4.0,0.0,2.0,0.0,2.0,0.0,2.0,2.0,7.0,0.0,2.0,5.0,3.0,0.0,4.0,10.0,0.0,0.0,6.0,0.0,4.0,2.0,0.0,0.0,4.0,0.0,3.0,2.0,0.0,2.0,0.0,9.0,2.0,2.0,2.0,6.0,2.0,3.0,2.0,5.0,0.0,2.0,0.0,0.0,2.0,2.0,4.0,0.0,4.0,0.0,3.0,5.0,0.0,0.0,0.0,0.0,0.0,5.0,3.0,2.0,8.0,0.0,0.0,0.0,0.0,0.0,7.0,2.0,0.0,0.0,8.0,2.0,4.0,4.0,9.0,2.0,2.0,2.0,0.0,2.0,2.0,9.0,2.0,2.0,0.0,2.0,12.0,2.0,0.0,10.0,7.0,0.0,0.0,2.0,3.0,2.0,5.0,2.0,0.0,0.0,0.0,2.0,3.0,0.0,2.0,2.0,2.0,0.0,0.0,0.0,0.0,7.0,2.0,0.0,0.0,7.0,0.0,0.0,0.0,0.0,0.0,0.0,0.0,2.0,0.0,0.0,0.0,0.0,0.0,2.0,11.0,0.0,0.0,0.0
28,17,14.0,13.0,18.0,14.0,15.0,18.0,9.0,11.0,17.0,22.0,11.0,15.0,12.0,12.0,19.0,10.0,10.0,15.0,3.0,7.0,13.0,7.0,12.0,14.0,14.0,17.0,18.0,24.0,23.0,21.0,49.0,32.0,23.0,24.0,12.0,16.0,18.0,27.0,26.0,10.0,4.0,25.0,18.0,17.0,23.0,25.0,12.0,20.0,21.0,29.0,10.0,18.0,16.0,23.0,20.0,19.0,12.0,13.0,14.0,32.0,11.0,19.0,14.0,23.0,19.0,17.0,22.0,18.0,18.0,27.0,19.0,11.0,13.0,15.0,19.0,20.0,17.0,14.0,21.0,16.0,19.0,11.0,16.0,32.0,29.0,11.0,17.0,33.0,28.0,35.0,40.0,13.0,17.0,18.0,23.0,22.0,29.0,23.0,11.0,17.0,22.0,21.0,25.0,23.0,21.0,14.0,22.0,18.0,13.0,22.0,23.0,17.0,29.0,25.0,19.0,30.0,19.0,20.0,24.0,19.0,21.0,12.0,32.0,19.0,23.0,14.0,22.0,24.0,28.0,18.0,12.0,18.0,17.0,18.0,32.0,39.0,28.0,24.0,15.0,11.0,21.0,29.0,19.0,16.0,25.0,21.0,13.0,15.0,29.0,19.0,25.0,13.0,19.0,17.0,18.0,15.0,16.0,12.0,18.0,8.0,33.0,23.0
28,103,0.0,0.0,0.0,0.0,0.0,0.0,0.0,0.0,0.0,0.0,0.0,0.0,0.0,0.0,0.0,0.0,0.0,4.0,0.0,2.0,0.0,0.0,0.0,0.0,13.0,9.0,7.0,3.0,2.0,0.0,5.0,0.0,0.0,5.0,2.0,4.0,5.0,6.0,0.0,0.0,0.0,5.0,2.0,0.0,4.0,8.0,8.0,4.0,2.0,2.0,0.0,0.0,3.0,0.0,2.0,2.0,5.0,0.0,0.0,0.0,0.0,0.0,7.0,6.0,6.0,0.0,0.0,0.0,0.0,3.0,0.0,0.0,0.0,7.0,3.0,7.0,0.0,3.0,0.0,0.0,4.0,0.0,13.0,0.0,3.0,0.0,0.0,8.0,9.0,15.0,18.0,0.0,0.0,4.0,12.0,7.0,13.0,13.0,3.0,2.0,5.0,3.0,10.0,10.0,6.0,5.0,4.0,6.0,0.0,10.0,6.0,9.0,5.0,9.0,11.0,10.0,6.0,2.0,8.0,6.0,12.0,0.0,17.0,12.0,14.0,2.0,13.0,8.0,11.0,8.0,2.0,0.0,6.0,3.0,6.0,2.0,2.0,2.0,2.0,0.0,0.0,12.0,0.0,0.0,7.0,0.0,0.0,0.0,2.0,0.0,4.0,2.0,2.0,2.0,4.0,0.0,0.0,0.0,2.0,0.0,0.0,5.0
29,17,2.0,3.0,2.0,2.0,3.0,2.0,1.0,2.0,0.0,3.0,3.0,0.0,2.0,6.0,5.0,5.0,0.0,6.0,6.0,3.0,5.0,1.0,4.0,4.0,1.0,4.0,3.0,3.0,5.0,2.0,11.0,6.0,4.0,3.0,3.0,6.0,6.0,5.0,5.0,3.0,2.0,4.0,0.0,2.0,5.0,3.0,5.0,2.0,1.0,5.0,2.0,2.0,2.0,4.0,3.0,3.0,5.0,2.0,4.0,3.0,3.0,3.0,10.0,5.0,1.0,1.0,3.0,8.0,3.0,3.0,3.0,2.0,1.0,1.0,2.0,3.0,0.0,3.0,2.0,1.0,3.0,3.0,2.0,7.0,8.0,3.0,8.0,3.0,5.0,9.0,7.0,5.0,6.0,2.0,2.0,6.0,6.0,4.0,5.0,1.0,5.0,7.0,6.0,3.0,5.0,4.0,2.0,5.0,3.0,1.0,5.0,2.0,2.0,0.0,3.0,6.0,1.0,5.0,4.0,6.0,3.0,10.0,7.0,11.0,6.0,4.0,5.0,6.0,5.0,7.0,6.0,7.0,4.0,13.0,12.0,28.0,19.0,13.0,8.0,10.0,12.0,16.0,14.0,10.0,21.0,18.0,11.0,11.0,7.0,10.0,15.0,15.0,9.0,5.0,0.0,3.0,11.0,14.0,11.0,3.0,17.0,15.0
30,126,1.0,0.0,0.0,0.0,1.0,0.0,0.0,0.0,0.0,0.0,1.0,0.0,0.0,0.0,0.0,0.0,0.0,0.0,0.0,0.0,0.0,0.0,0.0,0.0,0.0,0.0,0.0,2.0,2.0,0.0,2.0,6.0,0.0,2.0,2.0,0.0,2.0,0.0,0.0,0.0,0.0,0.0,2.0,2.0,3.0,2.0,4.0,2.0,3.0,6.0,0.0,0.0,0.0,0.0,7.0,2.0,2.0,2.0,2.0,0.0,0.0,2.0,4.0,2.0,3.0,2.0,0.0,2.0,0.0,0.0,0.0,0.0,0.0,0.0,0.0,0.0,3.0,0.0,0.0,0.0,2.0,5.0,6.0,2.0,0.0,0.0,2.0,5.0,6.0,2.0,0.0,5.0,4.0,2.0,7.0,2.0,5.0,4.0,4.0,2.0,2.0,0.0,0.0,0.0,2.0,0.0,2.0,0.0,8.0,0.0,0.0,4.0,0.0,0.0,2.0,0.0,6.0,4.0,0.0,0.0,4.0,4.0,3.0,3.0,0.0,2.0,2.0,5.0,2.0,0.0,4.0,0.0,0.0,3.0,0.0,7.0,2.0,0.0,0.0,0.0,0.0,0.0,0.0,0.0,0.0,0.0,0.0,0.0,2.0,0.0,0.0,0.0,0.0,0.0,0.0,2.0,2.0,1.0,2.0,2.0,2.0,0.0
31,126,0.0,0.0,0.0,0.0,0.0,0.0,1.0,0.0,0.0,0.0,0.0,0.0,0.0,0.0,0.0,0.0,0.0,0.0,0.0,0.0,0.0,0.0,0.0,0.0,0.0,0.0,0.0,5.0,0.0,4.0,12.0,0.0,3.0,2.0,7.0,2.0,8.0,0.0,0.0,0.0,2.0,0.0,3.0,2.0,2.0,2.0,0.0,2.0,4.0,2.0,2.0,2.0,0.0,2.0,3.0,5.0,4.0,2.0,0.0,0.0,4.0,0.0,0.0,5.0,2.0,7.0,6.0,0.0,7.0,2.0,2.0,0.0,0.0,0.0,2.0,7.0,0.0,2.0,3.0,0.0,0.0,0.0,0.0,4.0,0.0,4.0,0.0,3.0,0.0,2.0,0.0,0.0,0.0,2.0,2.0,0.0,0.0,6.0,2.0,0.0,2.0,9.0,3.0,0.0,6.0,0.0,2.0,2.0,0.0,0.0,0.0,2.0,6.0,0.0,5.0,0.0,0.0,3.0,5.0,4.0,8.0,7.0,2.0,7.0,3.0,6.0,4.0,2.0,0.0,0.0,0.0,3.0,0.0,2.0,0.0,6.0,0.0,0.0,0.0,0.0,7.0,0.0,2.0,0.0,0.0,2.0,0.0,0.0,2.0,0.0,2.0,0.0,0.0,5.0,0.0,0.0,0.0,0.0,0.0,0.0,0.0,4.0
32,124,6.0,6.0,5.0,7.0,6.0,4.0,8.0,3.0,4.0,2.0,8.0,6.0,1.0,3.0,5.0,5.0,10.0,5.0,11.0,8.0,0.0,9.0,0.0,2.0,1.0,4.0,3.0,4.0,4.0,15.0,13.0,20.0,6.0,10.0,7.0,21.0,23.0,7.0,10.0,2.0,9.0,3.0,1.0,6.0,8.0,1.0,1.0,1.0,5.0,4.0,5.0,3.0,1.0,2.0,2.0,1.0,5.0,4.0,4.0,7.0,6.0,0.0,7.0,8.0,4.0,3.0,8.0,17.0,13.0,15.0,16.0,12.0,12.0,8.0,7.0,7.0,5.0,7.0,13.0,7.0,10.0,8.0,11.0,17.0,18.0,9.0,15.0,13.0,39.0,12.0,13.0,3.0,9.0,6.0,10.0,5.0,5.0,5.0,9.0,8.0,8.0,10.0,8.0,7.0,4.0,6.0,6.0,9.0,11.0,1.0,7.0,7.0,6.0,7.0,5.0,13.0,7.0,6.0,10.0,6.0,3.0,11.0,4.0,8.0,1.0,2.0,2.0,3.0,1.0,0.0,0.0,0.0,4.0,6.0,6.0,17.0,9.0,5.0,17.0,16.0,18.0,6.0,2.0,4.0,9.0,9.0,8.0,11.0,9.0,8.0,16.0,3.0,11.0,8.0,7.0,11.0,4.0,11.0,8.0,8.0,11.0,6.0
32,126,1.0,0.0,0.0,1.0,0.0,0.0,1.0,1.0,1.0,1.0,1.0,2.0,0.0,3.0,2.0,0.0,4.0,10.0,2.0,4.0,2.0,0.0,2.0,2.0,0.0,0.0,4.0,2.0,2.0,4.0,4.0,5.0,5.0,0.0,2.0,8.0,11.0,10.0,2.0,0.0,0.0,2.0,0.0,2.0,4.0,4.0,2.0,4.0,2.0,2.0,3.0,0.0,5.0,2.0,7.0,0.0,4.0,2.0,0.0,3.0,4.0,0.0,0.0,6.0,5.0,2.0,0.0,2.0,5.0,3.0,2.0,3.0,0.0,3.0,2.0,2.0,0.0,0.0,4.0,3.0,2.0,0.0,2.0,0.0,0.0,0.0,4.0,5.0,0.0,2.0,0.0,3.0,0.0,6.0,10.0,0.0,0.0,2.0,3.0,4.0,4.0,7.0,5.0,2.0,0.0,0.0,5.0,6.0,2.0,0.0,0.0,5.0,0.0,3.0,2.0,6.0,0.0,0.0,4.0,4.0,0.0,5.0,0.0,5.0,0.0,2.0,2.0,0.0,2.0,2.0,2.0,0.0,4.0,0.0,0.0,0.0,0.0,2.0,0.0,0.0,0.0,20.0,0.0,0.0,2.0,0.0,0.0,3.0,0.0,3.0,0.0,0.0,2.0,0.0,0.0,3.0,0.0,0.0,0.0,0.0,0.0,0.0
33,126,2.0,0.0,5.0,3.0,2.0,6.0,4.0,3.0,5.0,3.0,2.0,3.0,2.0,9.0,0.0,1.0,0.0,0.0,0.0,0.0,5.0,2.0,3.0,5.0,0.0,2.0,3.0,2.0,0.0,2.0,2.0,7.0,4.0,5.0,7.0,9.0,3.0,12.0,2.0,0.0,2.0,2.0,0.0,29.0,0.0,2.0,2.0,2.0,0.0,5.0,0.0,0.0,4.0,0.0,3.0,0.0,0.0,0.0,0.0,0.0,0.0,0.0,0.0,0.0,0.0,16.0,2.0,6.0,4.0,2.0,0.0,0.0,2.0,6.0,0.0,0.0,0.0,0.0,7.0,0.0,0.0,2.0,0.0,0.0,0.0,2.0,0.0,0.0,2.0,2.0,0.0,2.0,0.0,0.0,2.0,10.0,3.0,2.0,6.0,0.0,3.0,3.0,2.0,0.0,11.0,4.0,0.0,2.0,2.0,2.0,0.0,0.0,0.0,0.0,0.0,8.0,3.0,8.0,2.0,5.0,15.0,0.0,0.0,0.0,2.0,2.0,2.0,0.0,2.0,0.0,2.0,0.0,2.0,0.0,0.0,0.0,0.0,0.0,0.0,12.0,2.0,0.0,0.0,0.0,11.0,0.0,0.0,5.0,0.0,0.0,0.0,6.0,0.0,0.0,0.0,0.0,0.0,0.0,2.0,0.0,0.0,5.0
34,17,1.0,5.0,3.0,2.0,1.0,1.0,0.0,1.0,2.0,1.0,2.0,2.0,2.0,4.0,2.0,1.0,6.0,8.0,6.0,12.0,8.0,8.0,13.0,6.0,10.0,9.0,9.0,6.0,4.0,6.0,9.0,5.0,3.0,4.0,3.0,5.0,1.0,2.0,6.0,5.0,1.0,5.0,4.0,9.0,3.0,1.0,2.0,2.0,3.0,4.0,7.0,2.0,6.0,4.0,6.0,4.0,3.0,2.0,2.0,5.0,5.0,4.0,1.0,1.0,3.0,6.0,4.0,3.0,1.0,4.0,0.0,1.0,1.0,1.0,2.0,3.0,3.0,1.0,5.0,3.0,1.0,1.0,0.0,3.0,2.0,6.0,2.0,4.0,7.0,4.0,6.0,3.0,6.0,4.0,7.0,2.0,7.0,4.0,4.0,5.0,5.0,4.0,7.0,9.0,6.0,3.0,2.0,2.0,1.0,6.0,1.0,3.0,1.0,5.0,7.0,8.0,4.0,7.0,5.0,7.0,8.0,5.0,4.0,7.0,6.0,5.0,3.0,7.0,4.0,7.0,6.0,6.0,5.0,10.0,8.0,16.0,18.0,7.0,12.0,13.0,19.0,14.0,26.0,9.0,7.0,6.0,11.0,7.0,11.0,5.0,10.0,11.0,8.0,11.0,10.0,2.0,6.0,9.0,10.0,2.0,8.0,13.0
34,103,0.0,0.0,0.0,0.0,0.0,0.0,0.0,0.0,0.0,0.0,0.0,0.0,0.0,0.0,0.0,0.0,0.0,4.0,3.0,7.0,2.0,3.0,14.0,2.0,13.0,4.0,5.0,2.0,0.0,2.0,2.0,2.0,0.0,2.0,24.0,0.0,0.0,0.0,0.0,0.0,0.0,4.0,8.0,2.0,6.0,0.0,9.0,2.0,0.0,2.0,5.0,0.0,6.0,2.0,4.0,0.0,0.0,0.0,7.0,0.0,2.0,4.0,0.0,0.0,8.0,4.0,0.0,2.0,3.0,3.0,0.0,5.0,0.0,2.0,7.0,7.0,0.0,0.0,0.0,4.0,4.0,8.0,9.0,2.0,4.0,0.0,2.0,2.0,0.0,0.0,9.0,7.0,0.0,0.0,0.0,0.0,3.0,0.0,0.0,5.0,5.0,0.0,9.0,3.0,7.0,3.0,5.0,0.0,3.0,0.0,2.0,0.0,2.0,2.0,0.0,9.0,0.0,3.0,2.0,8.0,0.0,2.0,0.0,3.0,0.0,0.0,0.0,4.0,2.0,2.0,8.0,4.0,0.0,0.0,0.0,3.0,0.0,0.0,0.0,0.0,2.0,0.0,18.0,3.0,0.0,0.0,0.0,0.0,0.0,0.0,3.0,0.0,2.0,0.0,0.0,0.0,0.0,0.0,0.0,0.0,0.0,0.0
35,17,18.0,10.0,3.0,7.0,8.0,8.0,15.0,7.0,10.0,5.0,14.0,6.0,8.0,11.0,9.0,9.0,7.0,9.0,14.0,8.0,8.0,3.0,13.0,9.0,12.0,10.0,11.0,13.0,10.0,10.0,16.0,22.0,4.0,16.0,9.0,12.0,13.0,12.0,24.0,13.0,6.0,12.0,12.0,11.0,14.0,11.0,8.0,9.0,5.0,12.0,5.0,9.0,10.0,14.0,6.0,6.0,9.0,8.0,14.0,6.0,8.0,10.0,15.0,13.0,9.0,13.0,5.0,13.0,12.0,20.0,18.0,6.0,23.0,14.0,12.0,16.0,13.0,13.0,15.0,17.0,13.0,7.0,13.0,20.0,26.0,12.0,15.0,23.0,18.0,23.0,34.0,7.0,12.0,15.0,13.0,10.0,10.0,12.0,13.0,7.0,8.0,11.0,13.0,10.0,17.0,15.0,10.0,10.0,10.0,11.0,14.0,9.0,11.0,14.0,8.0,13.0,12.0,16.0,10.0,8.0,10.0,23.0,14.0,14.0,10.0,6.0,14.0,16.0,11.0,13.0,18.0,12.0,6.0,12.0,2.0,13.0,8.0,11.0,15.0,17.0,15.0,20.0,16.0,12.0,15.0,10.0,8.0,9.0,12.0,7.0,8.0,8.0,8.0,5.0,13.0,8.0,10.0,13.0,6.0,4.0,6.0,10.0
36,124,2.0,5.0,11.0,14.0,19.0,13.0,9.0,10.0,13.0,14.0,10.0,15.0,9.0,16.0,13.0,9.0,13.0,15.0,16.0,8.0,8.0,15.0,7.0,8.0,9.0,12.0,17.0,8.0,13.0,14.0,22.0,10.0,12.0,6.0,6.0,8.0,11.0,6.0,13.0,10.0,10.0,11.0,9.0,11.0,12.0,9.0,7.0,8.0,14.0,6.0,3.0,6.0,7.0,9.0,4.0,11.0,16.0,16.0,3.0,13.0,12.0,10.0,6.0,12.0,11.0,9.0,9.0,6.0,9.0,11.0,11.0,10.0,14.0,10.0,8.0,3.0,10.0,7.0,11.0,10.0,8.0,6.0,6.0,9.0,20.0,9.0,7.0,17.0,15.0,8.0,10.0,4.0,1.0,9.0,9.0,8.0,13.0,8.0,8.0,14.0,9.0,4.0,2.0,11.0,3.0,4.0,5.0,5.0,7.0,1.0,7.0,11.0,6.0,9.0,7.0,6.0,7.0,12.0,3.0,13.0,9.0,14.0,6.0,10.0,10.0,7.0,7.0,9.0,12.0,7.0,7.0,13.0,4.0,5.0,5.0,11.0,13.0,13.0,6.0,4.0,16.0,9.0,13.0,12.0,8.0,6.0,12.0,11.0,10.0,11.0,8.0,8.0,10.0,6.0,9.0,10.0,9.0,6.0,11.0,13.0,13.0,3.0
36,126,3.0,0.0,3.0,1.0,4.0,8.0,7.0,6.0,10.0,7.0,2.0,3.0,0.0,6.0,4.0,5.0,2.0,4.0,2.0,4.0,5.0,11.0,2.0,2.0,0.0,2.0,4.0,0.0,2.0,2.0,5.0,4.0,0.0,6.0,3.0,0.0,4.0,2.0,0.0,2.0,7.0,0.0,2.0,5.0,4.0,2.0,4.0,2.0,5.0,0.0,2.0,0.0,2.0,0.0,2.0,5.0,2.0,2.0,0.0,6.0,5.0,4.0,6.0,2.0,8.0,2.0,6.0,3.0,2.0,2.0,3.0,2.0,6.0,2.0,0.0,2.0,0.0,0.0,2.0,0.0,4.0,2.0,0.0,0.0,2.0,0.0,4.0,0.0,7.0,0.0,0.0,2.0,0.0,0.0,4.0,9.0,3.0,4.0,4.0,8.0,0.0,5.0,0.0,2.0,0.0,2.0,0.0,3.0,4.0,2.0,0.0,2.0,2.0,13.0,2.0,2.0,2.0,4.0,4.0,0.0,2.0,5.0,0.0,2.0,0.0,0.0,2.0,2.0,2.0,3.0,0.0,3.0,0.0,0.0,0.0,0.0,0.0,2.0,0.0,0.0,0.0,2.0,0.0,4.0,0.0,0.0,0.0,0.0,0.0,0.0,0.0,0.0,0.0,0.0,0.0,4.0,4.0,0.0,0.0,0.0,0.0,0.0
37,103,0.0,0.0,1.0,0.0,0.0,0.0,0.0,0.0,0.0,0.0,0.0,0.0,0.0,0.0,0.0,2.0,2.0,9.0,9.0,15.0,0.0,6.0,4.0,4.0,9.0,7.0,0.0,2.0,8.0,4.0,5.0,5.0,0.0,0.0,2.0,0.0,10.0,0.0,0.0,0.0,0.0,5.0,2.0,15.0,3.0,3.0,6.0,4.0,7.0,7.0,5.0,4.0,0.0,2.0,2.0,0.0,2.0,3.0,2.0,0.0,10.0,0.0,5.0,2.0,6.0,7.0,7.0,2.0,2.0,18.0,6.0,11.0,4.0,4.0,2.0,7.0,7.0,5.0,0.0,25.0,0.0,0.0,4.0,0.0,4.0,0.0,0.0,0.0,0.0,7.0,13.0,2.0,6.0,3.0,3.0,6.0,0.0,2.0,8.0,2.0,6.0,4.0,5.0,5.0,4.0,7.0,4.0,7.0,6.0,4.0,0.0,9.0,3.0,5.0,3.0,2.0,13.0,9.0,2.0,8.0,5.0,3.0,7.0,13.0,9.0,0.0,0.0,0.0,7.0,5.0,7.0,4.0,17.0,25.0,8.0,6.0,0.0,0.0,2.0,0.0,2.0,15.0,8.0,0.0,0.0,0.0,0.0,2.0,16.0,0.0,4.0,0.0,0.0,0.0,7.0,0.0,9.0,0.0,9.0,0.0,0.0,2.0
38,126,0.0,0.0,0.0,0.0,0.0,2.0,0.0,0.0,1.0,0.0,0.0,0.0,0.0,0.0,0.0,0.0,0.0,4.0,4.0,0.0,0.0,3.0,5.0,0.0,4.0,6.0,2.0,0.0,0.0,2.0,7.0,11.0,4.0,0.0,5.0,4.0,13.0,4.0,0.0,4.0,2.0,4.0,14.0,4.0,3.0,2.0,2.0,4.0,0.0,3.0,2.0,3.0,0.0,0.0,0.0,2.0,2.0,2.0,0.0,2.0,4.0,0.0,4.0,2.0,4.0,0.0,2.0,2.0,4.0,4.0,0.0,0.0,6.0,0.0,2.0,0.0,0.0,4.0,0.0,2.0,3.0,0.0,2.0,0.0,2.0,0.0,6.0,0.0,4.0,2.0,0.0,0.0,9.0,0.0,2.0,2.0,4.0,6.0,4.0,8.0,0.0,0.0,4.0,6.0,2.0,6.0,2.0,0.0,5.0,9.0,4.0,0.0,2.0,5.0,6.0,6.0,7.0,4.0,2.0,7.0,0.0,2.0,0.0,2.0,5.0,2.0,0.0,2.0,6.0,0.0,0.0,0.0,0.0,4.0,4.0,0.0,0.0,4.0,0.0,4.0,2.0,5.0,0.0,2.0,0.0,0.0,0.0,0.0,0.0,0.0,5.0,0.0,0.0,0.0,0.0,2.0,0.0,0.0,0.0,2.0,2.0,0.0
39,17,2.0,1.0,9.0,8.0,6.0,2.0,8.0,9.0,4.0,6.0,12.0,5.0,8.0,9.0,5.0,4.0,5.0,4.0,7.0,5.0,8.0,8.0,10.0,9.0,3.0,9.0,6.0,3.0,5.0,2.0,8.0,5.0,1.0,6.0,2.0,5.0,5.0,2.0,13.0,3.0,7.0,1.0,5.0,4.0,4.0,4.0,8.0,6.0,6.0,3.0,4.0,5.0,6.0,6.0,3.0,3.0,7.0,4.0,4.0,2.0,5.0,4.0,4.0,6.0,3.0,5.0,7.0,9.0,6.0,10.0,12.0,12.0,9.0,5.0,8.0,11.0,11.0,6.0,7.0,8.0,4.0,8.0,7.0,12.0,9.0,12.0,6.0,7.0,8.0,6.0,14.0,3.0,4.0,1.0,5.0,4.0,6.0,5.0,0.0,3.0,2.0,3.0,1.0,0.0,2.0,2.0,2.0,5.0,4.0,2.0,2.0,4.0,2.0,4.0,6.0,3.0,2.0,0.0,6.0,5.0,6.0,11.0,10.0,5.0,7.0,7.0,7.0,8.0,6.0,5.0,5.0,8.0,7.0,5.0,10.0,15.0,10.0,7.0,6.0,4.0,6.0,6.0,7.0,6.0,10.0,4.0,6.0,12.0,7.0,4.0,5.0,5.0,6.0,5.0,7.0,9.0,13.0,5.0,8.0,4.0,10.0,11.0
40,17,8.0,10.0,4.0,15.0,10.0,8.0,6.0,11.0,8.0,14.0,9.0,7.0,18.0,21.0,7.0,14.0,18.0,15.0,20.0,19.0,6.0,12.0,10.0,21.0,23.0,10.0,20.0,12.0,13.0,10.0,26.0,20.0,16.0,11.0,7.0,8.0,9.0,14.0,25.0,9.0,11.0,11.0,10.0,16.0,9.0,8.0,10.0,13.0,16.0,13.0,12.0,5.0,8.0,12.0,8.0,10.0,6.0,6.0,9.0,9.0,11.0,14.0,12.0,9.0,9.0,12.0,9.0,11.0,17.0,12.0,6.0,8.0,9.0,4.0,7.0,7.0,10.0,8.0,8.0,5.0,7.0,7.0,7.0,4.0,17.0,15.0,7.0,5.0,6.0,12.0,17.0,6.0,4.0,7.0,4.0,5.0,4.0,8.0,2.0,15.0,12.0,7.0,7.0,6.0,18.0,12.0,10.0,9.0,10.0,11.0,18.0,11.0,9.0,11.0,7.0,10.0,11.0,8.0,17.0,8.0,17.0,16.0,7.0,12.0,7.0,18.0,17.0,9.0,12.0,11.0,4.0,15.0,6.0,9.0,7.0,26.0,12.0,5.0,5.0,13.0,17.0,7.0,10.0,3.0,10.0,8.0,6.0,7.0,5.0,12.0,6.0,12.0,4.0,1.0,4.0,1.0,6.0,11.0,23.0,5.0,26.0,35.0
40,103,1.0,5.0,1.0,11.0,5.0,4.0,2.0,3.0,1.0,6.0,5.0,2.0,0.0,12.0,2.0,5.0,6.0,11.0,4.0,19.0,0.0,2.0,5.0,7.0,2.0,13.0,7.0,5.0,2.0,0.0,13.0,2.0,3.0,2.0,0.0,2.0,0.0,0.0,0.0,0.0,5.0,2.0,0.0,8.0,3.0,3.0,2.0,5.0,5.0,5.0,7.0,0.0,3.0,2.0,12.0,0.0,0.0,0.0,0.0,4.0,6.0,3.0,7.0,9.0,3.0,3.0,3.0,3.0,2.0,2.0,2.0,0.0,3.0,7.0,2.0,0.0,0.0,4.0,0.0,0.0,0.0,0.0,0.0,0.0,2.0,7.0,2.0,0.0,0.0,6.0,6.0,0.0,0.0,0.0,0.0,0.0,0.0,5.0,0.0,6.0,8.0,3.0,3.0,2.0,12.0,3.0,2.0,6.0,7.0,5.0,11.0,6.0,3.0,5.0,5.0,2.0,7.0,13.0,8.0,11.0,2.0,13.0,2.0,3.0,7.0,2.0,5.0,2.0,0.0,0.0,0.0,0.0,0.0,0.0,0.0,2.0,0.0,0.0,0.0,0.0,0.0,0.0,0.0,0.0,0.0,0.0,0.0,0.0,0.0,0.0,0.0,0.0,0.0,0.0,0.0,0.0,0.0,0.0,0.0,0.0,0.0,5.0
41,17,12.0,11.0,8.0,16.0,14.0,7.0,5.0,11.0,5.0,2.0,6.0,7.0,7.0,5.0,8.0,12.0,11.0,20.0,8.0,16.0,16.0,15.0,13.0,8.0,9.0,9.0,9.0,11.0,12.0,11.0,20.0,13.0,13.0,13.0,3.0,10.0,10.0,12.0,9.0,9.0,3.0,12.0,14.0,14.0,18.0,10.0,12.0,7.0,14.0,11.0,11.0,10.0,8.0,7.0,7.0,12.0,14.0,8.0,7.0,9.0,8.0,9.0,11.0,12.0,6.0,8.0,5.0,12.0,8.0,16.0,17.0,17.0,15.0,7.0,5.0,13.0,12.0,15.0,9.0,9.0,6.0,12.0,7.0,13.0,11.0,10.0,12.0,15.0,13.0,19.0,18.0,8.0,8.0,13.0,14.0,12.0,12.0,10.0,5.0,8.0,9.0,6.0,6.0,1.0,8.0,8.0,10.0,9.0,17.0,13.0,16.0,7.0,14.0,19.0,9.0,8.0,9.0,11.0,8.0,8.0,3.0,12.0,6.0,6.0,9.0,4.0,7.0,11.0,11.0,4.0,6.0,8.0,7.0,14.0,6.0,13.0,11.0,9.0,10.0,10.0,12.0,9.0,13.0,4.0,4.0,5.0,9.0,13.0,10.0,11.0,18.0,9.0,14.0,7.0,14.0,11.0,14.0,6.0,11.0,1.0,10.0,15.0
41,103,0.0,1.0,0.0,1.0,0.0,0.0,0.0,1.0,1.0,0.0,0.0,0.0,0.0,0.0,0.0,0.0,0.0,8.0,0.0,6.0,0.0,16.0,2.0,2.0,0.0,2.0,2.0,2.0,2.0,0.0,0.0,0.0,0.0,0.0,9.0,0.0,0.0,0.0,0.0,0.0,0.0,2.0,4.0,2.0,2.0,11.0,0.0,0.0,0.0,0.0,4.0,3.0,0.0,0.0,0.0,0.0,5.0,0.0,0.0,0.0,0.0,22.0,2.0,0.0,2.0,0.0,0.0,2.0,2.0,0.0,0.0,5.0,5.0,23.0,0.0,2.0,8.0,11.0,0.0,6.0,3.0,2.0,0.0,0.0,5.0,0.0,2.0,2.0,0.0,18.0,2.0,0.0,0.0,12.0,0.0,2.0,0.0,2.0,0.0,1.0,9.0,2.0,8.0,6.0,4.0,5.0,0.0,5.0,5.0,9.0,10.0,3.0,7.0,9.0,0.0,2.0,4.0,7.0,3.0,2.0,0.0,6.0,0.0,4.0,4.0,21.0,5.0,6.0,5.0,0.0,5.0,2.0,4.0,0.0,0.0,5.0,8.0,2.0,2.0,0.0,2.0,0.0,7.0,3.0,0.0,2.0,0.0,0.0,5.0,2.0,0.0,0.0,2.0,2.0,0.0,0.0,0.0,0.0,7.0,2.0,0.0,0.0
42,17,1.0,2.0,3.0,2.0,1.0,4.0,1.0,1.0,0.0,2.0,1.0,2.0,2.0,1.0,4.0,1.0,0.0,3.0,5.0,3.0,6.0,12.0,7.0,6.0,4.0,8.0,8.0,5.0,8.0,5.0,14.0,8.0,8.0,2.0,7.0,14.0,15.0,5.0,9.0,5.0,1.0,6.0,2.0,3.0,4.0,3.0,5.0,5.0,0.0,7.0,8.0,2.0,4.0,7.0,5.0,2.0,5.0,8.0,3.0,8.0,4.0,5.0,4.0,3.0,1.0,6.0,6.0,6.0,5.0,10.0,7.0,3.0,4.0,6.0,4.0,0.0,3.0,2.0,6.0,3.0,4.0,1.0,4.0,5.0,9.0,5.0,4.0,8.0,23.0,5.0,5.0,5.0,2.0,9.0,1.0,2.0,6.0,5.0,1.0,3.0,3.0,1.0,3.0,2.0,7.0,5.0,5.0,5.0,5.0,3.0,3.0,3.0,2.0,6.0,5.0,4.0,2.0,2.0,0.0,1.0,0.0,7.0,2.0,2.0,2.0,2.0,2.0,2.0,1.0,3.0,0.0,1.0,2.0,5.0,4.0,0.0,0.0,3.0,2.0,7.0,16.0,4.0,8.0,2.0,1.0,8.0,5.0,1.0,6.0,4.0,3.0,4.0,3.0,1.0,3.0,6.0,3.0,7.0,3.0,3.0,5.0,7.0
42,103,0.0,0.0,0.0,0.0,0.0,0.0,0.0,0.0,0.0,0.0,0.0,0.0,0.0,0.0,0.0,0.0,0.0,6.0,0.0,5.0,2.0,2.0,2.0,2.0,0.0,0.0,2.0,6.0,3.0,4.0,6.0,0.0,2.0,0.0,2.0,6.0,2.0,0.0,0.0,2.0,2.0,3.0,0.0,2.0,2.0,0.0,4.0,0.0,0.0,0.0,4.0,2.0,2.0,3.0,0.0,3.0,0.0,4.0,0.0,0.0,4.0,0.0,2.0,0.0,5.0,6.0,2.0,0.0,0.0,0.0,0.0,5.0,9.0,7.0,4.0,0.0,2.0,2.0,0.0,0.0,4.0,0.0,0.0,2.0,2.0,0.0,0.0,4.0,2.0,0.0,0.0,2.0,0.0,0.0,3.0,2.0,2.0,0.0,2.0,0.0,2.0,0.0,6.0,0.0,0.0,0.0,6.0,0.0,3.0,0.0,2.0,0.0,0.0,2.0,4.0,2.0,0.0,0.0,5.0,2.0,4.0,2.0,0.0,2.0,0.0,0.0,0.0,2.0,0.0,3.0,0.0,0.0,3.0,0.0,0.0,2.0,4.0,2.0,2.0,5.0,10.0,2.0,0.0,0.0,0.0,3.0,0.0,0.0,0.0,2.0,4.0,0.0,0.0,0.0,0.0,0.0,0.0,0.0,5.0,0.0,2.0,0.0
43,17,6.0,4.0,2.0,1.0,4.0,4.0,4.0,4.0,1.0,5.0,3.0,1.0,1.0,4.0,3.0,4.0,0.0,2.0,2.0,3.0,0.0,4.0,6.0,5.0,1.0,8.0,2.0,1.0,2.0,0.0,4.0,2.0,1.0,3.0,1.0,4.0,3.0,7.0,5.0,5.0,1.0,5.0,2.0,2.0,4.0,3.0,0.0,2.0,3.0,1.0,0.0,4.0,1.0,1.0,0.0,1.0,0.0,1.0,3.0,2.0,2.0,6.0,3.0,2.0,2.0,2.0,5.0,6.0,5.0,3.0,10.0,8.0,9.0,4.0,13.0,5.0,6.0,10.0,11.0,9.0,13.0,4.0,6.0,6.0,9.0,7.0,6.0,7.0,12.0,13.0,17.0,4.0,4.0,6.0,5.0,8.0,3.0,5.0,4.0,4.0,4.0,4.0,6.0,5.0,5.0,8.0,0.0,1.0,1.0,2.0,2.0,5.0,5.0,5.0,2.0,6.0,10.0,8.0,5.0,7.0,7.0,6.0,1.0,10.0,3.0,0.0,8.0,7.0,6.0,7.0,5.0,9.0,6.0,3.0,6.0,9.0,7.0,8.0,6.0,6.0,6.0,3.0,20.0,9.0,4.0,7.0,3.0,3.0,8.0,4.0,7.0,5.0,9.0,3.0,0.0,3.0,3.0,9.0,5.0,3.0,5.0,6.0
44,17,8.0,13.0,7.0,8.0,13.0,10.0,5.0,4.0,7.0,8.0,7.0,4.0,7.0,6.0,9.0,9.0,17.0,10.0,13.0,8.0,7.0,5.0,12.0,12.0,12.0,7.0,15.0,8.0,15.0,8.0,20.0,20.0,11.0,14.0,12.0,14.0,12.0,9.0,22.0,4.0,9.0,20.0,9.0,21.0,16.0,13.0,18.0,11.0,16.0,15.0,16.0,22.0,12.0,12.0,17.0,11.0,12.0,5.0,6.0,8.0,10.0,12.0,21.0,12.0,20.0,14.0,14.0,23.0,20.0,16.0,16.0,16.0,18.0,17.0,13.0,7.0,15.0,13.0,15.0,13.0,11.0,12.0,15.0,16.0,14.0,9.0,20.0,18.0,18.0,11.0,30.0,9.0,22.0,15.0,14.0,12.0,16.0,12.0,12.0,22.0,18.0,18.0,18.0,18.0,16.0,17.0,12.0,16.0,20.0,12.0,13.0,14.0,23.0,21.0,14.0,12.0,13.0,19.0,16.0,19.0,16.0,15.0,18.0,12.0,21.0,15.0,15.0,16.0,15.0,13.0,19.0,22.0,14.0,20.0,11.0,20.0,16.0,12.0,13.0,19.0,15.0,21.0,26.0,9.0,11.0,25.0,10.0,8.0,10.0,18.0,12.0,9.0,11.0,7.0,12.0,8.0,10.0,15.0,9.0,5.0,18.0,14.0
44,103,1.0,1.0,0.0,1.0,1.0,0.0,0.0,0.0,0.0,1.0,0.0,1.0,0.0,0.0,0.0,0.0,4.0,0.0,2.0,15.0,4.0,2.0,3.0,10.0,8.0,2.0,5.0,3.0,5.0,5.0,2.0,7.0,0.0,0.0,2.0,2.0,0.0,6.0,0.0,0.0,0.0,10.0,0.0,7.0,2.0,6.0,11.0,3.0,0.0,2.0,8.0,2.0,4.0,4.0,2.0,5.0,2.0,0.0,0.0,0.0,0.0,0.0,10.0,4.0,4.0,3.0,3.0,4.0,6.0,2.0,6.0,2.0,10.0,3.0,0.0,2.0,6.0,2.0,0.0,0.0,10.0,2.0,3.0,2.0,5.0,0.0,6.0,3.0,4.0,4.0,9.0,0.0,5.0,2.0,13.0,4.0,6.0,0.0,5.0,6.0,2.0,12.0,12.0,7.0,7.0,5.0,3.0,3.0,9.0,5.0,13.0,3.0,11.0,3.0,19.0,4.0,4.0,6.0,8.0,12.0,4.0,10.0,11.0,4.0,14.0,7.0,4.0,5.0,4.0,6.0,6.0,7.0,0.0,0.0,0.0,0.0,0.0,2.0,0.0,5.0,0.0,11.0,0.0,0.0,3.0,3.0,3.0,0.0,0.0,2.0,0.0,0.0,2.0,2.0,2.0,0.0,0.0,0.0,7.0,0.0,0.0,0.0
45,17,6.0,2.0,1.0,2.0,3.0,3.0,3.0,3.0,5.0,7.0,3.0,0.0,8.0,3.0,5.0,6.0,4.0,1.0,4.0,0.0,2.0,2.0,4.0,1.0,4.0,5.0,4.0,2.0,6.0,6.0,6.0,3.0,5.0,9.0,3.0,7.0,4.0,4.0,3.0,3.0,3.0,2.0,2.0,1.0,4.0,2.0,5.0,2.0,4.0,5.0,6.0,1.0,6.0,4.0,1.0,2.0,4.0,0.0,3.0,2.0,0.0,4.0,6.0,1.0,4.0,3.0,6.0,4.0,3.0,2.0,3.0,1.0,3.0,3.0,1.0,4.0,1.0,2.0,2.0,4.0,2.0,4.0,3.0,4.0,4.0,1.0,2.0,0.0,1.0,2.0,1.0,2.0,4.0,0.0,1.0,0.0,1.0,0.0,5.0,11.0,5.0,11.0,17.0,13.0,13.0,11.0,11.0,15.0,20.0,16.0,13.0,20.0,14.0,16.0,16.0,12.0,21.0,16.0,14.0,15.0,18.0,8.0,13.0,10.0,12.0,26.0,10.0,15.0,18.0,17.0,20.0,9.0,14.0,18.0,15.0,21.0,24.0,16.0,14.0,39.0,30.0,29.0,35.0,5.0,14.0,21.0,14.0,17.0,14.0,11.0,8.0,21.0,7.0,16.0,10.0,14.0,14.0,11.0,10.0,2.0,16.0,12.0
45,103,0.0,0.0,0.0,0.0,0.0,0.0,0.0,0.0,0.0,1.0,1.0,0.0,0.0,0.0,0.0,0.0,0.0,0.0,0.0,0.0,0.0,0.0,0.0,0.0,2.0,7.0,0.0,3.0,2.0,0.0,0.0,0.0,2.0,2.0,5.0,2.0,3.0,0.0,15.0,2.0,6.0,0.0,0.0,0.0,0.0,2.0,7.0,0.0,0.0,5.0,3.0,0.0,2.0,0.0,3.0,4.0,3.0,0.0,4.0,2.0,0.0,2.0,4.0,4.0,4.0,4.0,0.0,0.0,0.0,2.0,4.0,7.0,6.0,6.0,0.0,4.0,4.0,5.0,0.0,2.0,0.0,5.0,3.0,0.0,0.0,0.0,0.0,0.0,0.0,0.0,0.0,0.0,0.0,0.0,0.0,0.0,0.0,0.0,0.0,0.0,0.0,5.0,7.0,4.0,2.0,2.0,0.0,2.0,10.0,7.0,2.0,19.0,7.0,3.0,6.0,5.0,4.0,6.0,0.0,4.0,6.0,11.0,4.0,3.0,6.0,2.0,0.0,2.0,6.0,6.0,4.0,0.0,0.0,3.0,0.0,2.0,2.0,18.0,0.0,19.0,0.0,10.0,0.0,0.0,0.0,0.0,0.0,9.0,14.0,0.0,0.0,0.0,0.0,0.0,0.0,0.0,4.0,0.0,0.0,0.0,0.0,0.0
46,126,0.0,2.0,2.0,10.0,2.0,5.0,4.0,2.0,0.0,6.0,0.0,1.0,0.0,3.0,0.0,0.0,0.0,0.0,3.0,3.0,4.0,2.0,2.0,5.0,4.0,0.0,3.0,9.0,0.0,2.0,19.0,6.0,0.0,0.0,2.0,13.0,6.0,6.0,6.0,0.0,2.0,9.0,12.0,8.0,3.0,4.0,0.0,7.0,4.0,2.0,2.0,3.0,0.0,0.0,6.0,7.0,3.0,2.0,7.0,0.0,0.0,2.0,0.0,6.0,9.0,4.0,6.0,2.0,0.0,3.0,0.0,0.0,0.0,2.0,2.0,0.0,7.0,2.0,2.0,0.0,0.0,0.0,2.0,2.0,0.0,2.0,2.0,6.0,3.0,3.0,10.0,0.0,0.0,0.0,0.0,0.0,0.0,2.0,4.0,0.0,2.0,0.0,0.0,3.0,2.0,0.0,0.0,2.0,11.0,0.0,3.0,0.0,3.0,3.0,2.0,0.0,3.0,2.0,0.0,4.0,0.0,3.0,12.0,0.0,0.0,0.0,0.0,0.0,0.0,0.0,2.0,0.0,4.0,0.0,0.0,0.0,0.0,0.0,6.0,2.0,7.0,0.0,2.0,4.0,0.0,0.0,0.0,0.0,6.0,5.0,2.0,0.0,0.0,0.0,4.0,0.0,4.0,0.0,0.0,0.0,2.0,0.0
47,124,1.0,0.0,0.0,0.0,0.0,0.0,0.0,0.0,0.0,0.0,0.0,0.0,0.0,0.0,0.0,1.0,8.0,4.0,12.0,6.0,2.0,5.0,9.0,8.0,8.0,5.0,15.0,7.0,8.0,2.0,0.0,0.0,4.0,11.0,8.0,4.0,3.0,10.0,8.0,2.0,2.0,0.0,2.0,6.0,4.0,2.0,2.0,2.0,5.0,6.0,0.0,0.0,2.0,4.0,4.0,5.0,2.0,3.0,2.0,2.0,3.0,1.0,1.0,2.0,4.0,4.0,1.0,6.0,2.0,0.0,0.0,1.0,1.0,4.0,1.0,0.0,3.0,5.0,4.0,4.0,1.0,0.0,1.0,5.0,8.0,6.0,4.0,8.0,4.0,10.0,14.0,2.0,6.0,6.0,9.0,5.0,7.0,6.0,6.0,11.0,14.0,6.0,3.0,13.0,9.0,6.0,7.0,1.0,3.0,3.0,3.0,3.0,4.0,4.0,2.0,6.0,0.0,4.0,3.0,4.0,6.0,7.0,3.0,2.0,1.0,3.0,8.0,1.0,4.0,7.0,3.0,8.0,3.0,11.0,7.0,16.0,1.0,9.0,7.0,8.0,6.0,7.0,18.0,4.0,3.0,2.0,8.0,6.0,6.0,4.0,2.0,5.0,6.0,6.0,4.0,6.0,6.0,7.0,10.0,4.0,9.0,7.0
48,126,0.0,0.0,3.0,5.0,9.0,2.0,3.0,4.0,4.0,3.0,3.0,3.0,0.0,0.0,0.0,0.0,0.0,0.0,0.0,0.0,0.0,0.0,0.0,0.0,0.0,0.0,0.0,0.0,0.0,0.0,0.0,0.0,0.0,0.0,3.0,2.0,3.0,0.0,0.0,18.0,0.0,2.0,4.0,11.0,4.0,0.0,0.0,0.0,0.0,0.0,25.0,2.0,0.0,0.0,0.0,2.0,0.0,0.0,0.0,0.0,0.0,23.0,0.0,0.0,0.0,0.0,0.0,39.0,6.0,0.0,6.0,0.0,9.0,0.0,0.0,0.0,0.0,15.0,0.0,0.0,0.0,0.0,15.0,0.0,0.0,0.0,11.0,0.0,0.0,13.0,0.0,0.0,5.0,0.0,0.0,9.0,8.0,3.0,0.0,0.0,15.0,0.0,2.0,2.0,5.0,12.0,4.0,0.0,7.0,0.0,11.0,10.0,4.0,7.0,0.0,7.0,5.0,11.0,6.0,2.0,6.0,4.0,2.0,9.0,2.0,15.0,3.0,5.0,3.0,0.0,14.0,6.0,0.0,0.0,0.0,2.0,0.0,0.0,0.0,4.0,2.0,9.0,0.0,2.0,0.0,0.0,0.0,0.0,7.0,5.0,0.0,0.0,4.0,0.0,0.0,0.0,3.0,0.0,0.0,0.0,0.0,0.0
49,17,0.0,0.0,0.0,0.0,0.0,0.0,0.0,0.0,0.0,0.0,0.0,0.0,0.0,0.0,0.0,0.0,0.0,0.0,0.0,0.0,0.0,0.0,0.0,0.0,0.0,0.0,0.0,0.0,0.0,0.0,0.0,0.0,0.0,0.0,0.0,0.0,0.0,0.0,0.0,0.0,0.0,0.0,0.0,0.0,0.0,0.0,0.0,0.0,0.0,0.0,0.0,0.0,0.0,0.0,0.0,0.0,0.0,0.0,0.0,0.0,0.0,0.0,0.0,0.0,0.0,0.0,0.0,0.0,0.0,0.0,0.0,0.0,2.0,6.0,1.0,1.0,1.0,3.0,1.0,0.0,2.0,5.0,2.0,5.0,3.0,5.0,4.0,11.0,22.0,10.0,2.0,7.0,1.0,1.0,12.0,4.0,6.0,9.0,8.0,5.0,9.0,6.0,8.0,15.0,5.0,8.0,9.0,7.0,7.0,11.0,4.0,7.0,5.0,10.0,6.0,9.0,4.0,12.0,13.0,6.0,11.0,7.0,9.0,10.0,9.0,18.0,12.0,8.0,12.0,12.0,6.0,10.0,4.0,12.0,7.0,0.0,7.0,6.0,9.0,16.0,37.0,11.0,13.0,12.0,7.0,7.0,7.0,6.0,8.0,8.0,6.0,7.0,4.0,8.0,14.0,12.0,9.0,15.0,16.0,3.0,8.0,9.0
49,103,0.0,0.0,0.0,0.0,0.0,0.0,0.0,0.0,0.0,0.0,0.0,0.0,0.0,0.0,0.0,0.0,0.0,2.0,0.0,0.0,0.0,0.0,0.0,0.0,2.0,2.0,2.0,0.0,4.0,0.0,0.0,0.0,0.0,42.0,0.0,0.0,0.0,0.0,0.0,0.0,2.0,0.0,0.0,4.0,0.0,0.0,0.0,0.0,0.0,0.0,8.0,0.0,2.0,2.0,0.0,0.0,0.0,0.0,6.0,0.0,0.0,0.0,0.0,0.0,7.0,0.0,0.0,0.0,0.0,0.0,0.0,0.0,0.0,0.0,0.0,0.0,0.0,0.0,2.0,0.0,0.0,0.0,0.0,0.0,0.0,0.0,0.0,0.0,2.0,0.0,17.0,0.0,0.0,0.0,10.0,0.0,0.0,0.0,0.0,0.0,2.0,3.0,4.0,0.0,4.0,2.0,0.0,0.0,0.0,0.0,0.0,0.0,25.0,0.0,0.0,0.0,20.0,5.0,12.0,0.0,4.0,2.0,2.0,4.0,7.0,16.0,10.0,5.0,6.0,7.0,0.0,0.0,3.0,0.0,4.0,0.0,0.0,2.0,0.0,2.0,13.0,0.0,6.0,0.0,2.0,0.0,0.0,0.0,0.0,2.0,0.0,2.0,4.0,0.0,0.0,0.0,0.0,0.0,0.0,0.0,0.0,0.0
50,126,0.0,0.0,0.0,1.0,1.0,0.0,0.0,0.0,0.0,1.0,2.0,3.0,5.0,0.0,0.0,0.0,0.0,2.0,0.0,0.0,0.0,0.0,0.0,0.0,0.0,0.0,0.0,0.0,10.0,11.0,4.0,5.0,3.0,7.0,8.0,5.0,0.0,0.0,0.0,5.0,6.0,0.0,4.0,7.0,4.0,4.0,7.0,7.0,2.0,2.0,4.0,0.0,0.0,7.0,0.0,5.0,0.0,5.0,2.0,8.0,0.0,2.0,2.0,9.0,2.0,2.0,0.0,0.0,2.0,2.0,4.0,3.0,2.0,0.0,2.0,0.0,0.0,12.0,0.0,5.0,0.0,2.0,0.0,11.0,2.0,0.0,0.0,0.0,2.0,9.0,0.0,0.0,2.0,0.0,6.0,13.0,0.0,7.0,2.0,2.0,0.0,3.0,6.0,4.0,4.0,0.0,0.0,3.0,12.0,0.0,4.0,5.0,7.0,8.0,3.0,7.0,12.0,0.0,0.0,3.0,4.0,0.0,0.0,5.0,4.0,0.0,0.0,0.0,0.0,12.0,0.0,0.0,0.0,0.0,7.0,10.0,14.0,0.0,7.0,3.0,38.0,0.0,0.0,5.0,0.0,13.0,8.0,2.0,5.0,10.0,2.0,8.0,0.0,0.0,0.0,2.0,0.0,8.0,0.0,7.0,2.0,0.0
51,124,5.0,2.0,7.0,3.0,6.0,2.0,3.0,1.0,3.0,10.0,7.0,4.0,3.0,6.0,9.0,6.0,7.0,5.0,11.0,10.0,4.0,9.0,9.0,9.0,3.0,10.0,4.0,2.0,7.0,5.0,10.0,14.0,6.0,6.0,7.0,11.0,22.0,6.0,10.0,5.0,4.0,2.0,0.0,1.0,7.0,3.0,6.0,3.0,3.0,4.0,9.0,3.0,4.0,7.0,8.0,10.0,10.0,6.0,5.0,6.0,8.0,7.0,11.0,9.0,8.0,8.0,4.0,7.0,23.0,16.0,4.0,3.0,3.0,8.0,6.0,4.0,7.0,1.0,9.0,12.0,6.0,6.0,7.0,17.0,5.0,10.0,10.0,10.0,12.0,7.0,7.0,6.0,4.0,8.0,3.0,8.0,12.0,9.0,7.0,1.0,9.0,6.0,11.0,4.0,7.0,8.0,5.0,9.0,13.0,7.0,12.0,7.0,7.0,6.0,7.0,5.0,7.0,10.0,13.0,11.0,1.0,6.0,11.0,6.0,8.0,5.0,7.0,6.0,8.0,14.0,10.0,7.0,4.0,6.0,5.0,19.0,7.0,3.0,9.0,17.0,18.0,3.0,8.0,7.0,5.0,0.0,0.0,0.0,0.0,1.0,3.0,7.0,5.0,9.0,8.0,3.0,2.0,9.0,5.0,13.0,14.0,10.0
52,126,0.0,0.0,0.0,0.0,0.0,0.0,0.0,0.0,0.0,0.0,0.0,0.0,0.0,0.0,0.0,0.0,0.0,0.0,0.0,0.0,0.0,0.0,0.0,0.0,0.0,0.0,0.0,5.0,0.0,0.0,0.0,0.0,0.0,0.0,0.0,0.0,0.0,4.0,5.0,3.0,2.0,8.0,2.0,4.0,7.0,7.0,4.0,3.0,4.0,0.0,0.0,0.0,0.0,0.0,2.0,6.0,0.0,2.0,0.0,0.0,2.0,2.0,6.0,3.0,3.0,3.0,5.0,0.0,0.0,2.0,0.0,2.0,0.0,2.0,4.0,3.0,4.0,3.0,0.0,0.0,2.0,4.0,2.0,5.0,2.0,4.0,0.0,2.0,2.0,2.0,3.0,2.0,0.0,0.0,2.0,5.0,17.0,0.0,4.0,0.0,6.0,0.0,2.0,0.0,0.0,2.0,3.0,2.0,5.0,3.0,2.0,2.0,0.0,2.0,18.0,9.0,9.0,2.0,4.0,4.0,2.0,8.0,3.0,0.0,0.0,3.0,4.0,9.0,0.0,3.0,2.0,2.0,2.0,2.0,3.0,3.0,0.0,3.0,4.0,0.0,9.0,0.0,0.0,2.0,6.0,4.0,0.0,0.0,0.0,0.0,0.0,5.0,7.0,2.0,0.0,2.0,0.0,0.0,0.0,0.0,4.0,3.0
52,239,0.0,0.0,0.0,0.0,0.0,0.0,0.0,0.0,0.0,0.0,0.0,0.0,0.0,0.0,0.0,0.0,0.0,0.0,0.0,0.0,0.0,0.0,0.0,0.0,0.0,0.0,0.0,0.0,0.0,0.0,0.0,0.0,0.0,0.0,0.0,0.0,0.0,0.0,0.0,0.0,0.0,0.0,0.0,0.0,0.0,0.0,0.0,0.0,0.0,0.0,0.0,0.0,0.0,0.0,0.0,0.0,0.0,0.0,0.0,0.0,0.0,0.0,0.0,0.0,2.0,0.0,2.0,0.0,0.0,1.0,0.0,0.0,1.0,0.0,0.0,2.0,0.0,0.0,1.0,0.0,0.0,0.0,1.0,1.0,2.0,0.0,0.0,1.0,0.0,1.0,0.0,2.0,0.0,0.0,2.0,0.0,0.0,0.0,0.0,0.0,0.0,2.0,0.0,1.0,1.0,2.0,0.0,0.0,0.0,0.0,1.0,0.0,1.0,0.0,0.0,1.0,2.0,1.0,2.0,0.0,0.0,1.0,0.0,1.0,1.0,1.0,4.0,2.0,3.0,3.0,0.0,0.0,1.0,1.0,0.0,1.0,2.0,0.0,1.0,0.0,1.0,1.0,0.0,1.0,0.0,0.0,0.0,0.0,0.0,0.0,1.0,0.0,0.0,2.0,2.0,0.0,0.0,1.0,0.0,0.0,0.0,0.0
53,17,0.0,0.0,0.0,0.0,0.0,0.0,0.0,0.0,0.0,0.0,0.0,0.0,0.0,0.0,0.0,0.0,0.0,0.0,0.0,0.0,0.0,0.0,0.0,0.0,0.0,0.0,0.0,0.0,0.0,0.0,0.0,0.0,0.0,0.0,0.0,0.0,0.0,0.0,12.0,13.0,9.0,10.0,14.0,11.0,11.0,7.0,8.0,16.0,14.0,8.0,14.0,3.0,7.0,7.0,9.0,10.0,11.0,5.0,5.0,15.0,13.0,11.0,8.0,17.0,13.0,17.0,13.0,12.0,8.0,13.0,23.0,15.0,12.0,5.0,6.0,8.0,7.0,5.0,6.0,4.0,4.0,10.0,8.0,10.0,6.0,12.0,13.0,17.0,12.0,8.0,28.0,6.0,5.0,7.0,9.0,9.0,11.0,7.0,11.0,7.0,6.0,9.0,7.0,7.0,7.0,9.0,5.0,10.0,14.0,5.0,7.0,6.0,12.0,7.0,7.0,11.0,9.0,8.0,5.0,3.0,7.0,4.0,3.0,5.0,5.0,4.0,3.0,8.0,7.0,2.0,6.0,8.0,5.0,4.0,12.0,14.0,12.0,5.0,5.0,22.0,8.0,9.0,9.0,9.0,13.0,7.0,10.0,17.0,6.0,5.0,17.0,17.0,6.0,9.0,3.0,7.0,14.0,10.0,13.0,3.0,10.0,11.0
54,17,0.0,0.0,0.0,0.0,0.0,0.0,0.0,0.0,0.0,0.0,0.0,0.0,0.0,0.0,0.0,0.0,0.0,0.0,0.0,0.0,0.0,0.0,0.0,0.0,0.0,0.0,0.0,0.0,0.0,0.0,0.0,0.0,0.0,0.0,0.0,0.0,0.0,0.0,0.0,0.0,0.0,0.0,0.0,0.0,0.0,0.0,0.0,0.0,0.0,0.0,7.0,7.0,6.0,8.0,9.0,14.0,5.0,10.0,7.0,7.0,6.0,7.0,2.0,7.0,6.0,4.0,2.0,10.0,7.0,7.0,11.0,6.0,4.0,1.0,3.0,7.0,4.0,3.0,2.0,7.0,10.0,8.0,1.0,5.0,2.0,7.0,4.0,15.0,5.0,13.0,26.0,7.0,9.0,11.0,7.0,0.0,9.0,6.0,7.0,6.0,10.0,11.0,9.0,6.0,5.0,13.0,9.0,6.0,13.0,5.0,4.0,16.0,13.0,9.0,7.0,11.0,5.0,10.0,13.0,11.0,8.0,13.0,14.0,13.0,7.0,13.0,18.0,8.0,7.0,3.0,8.0,8.0,4.0,6.0,12.0,13.0,9.0,12.0,10.0,9.0,14.0,5.0,30.0,3.0,6.0,7.0,10.0,7.0,10.0,10.0,8.0,12.0,6.0,7.0,9.0,12.0,9.0,9.0,13.0,7.0,12.0,13.0
54,103,0.0,0.0,0.0,0.0,0.0,0.0,0.0,0.0,0.0,0.0,0.0,0.0,0.0,0.0,0.0,0.0,0.0,0.0,0.0,0.0,0.0,0.0,0.0,0.0,0.0,0.0,0.0,0.0,0.0,0.0,0.0,0.0,0.0,0.0,0.0,0.0,0.0,0.0,0.0,0.0,0.0,0.0,0.0,0.0,0.0,0.0,0.0,0.0,0.0,0.0,0.0,0.0,0.0,0.0,2.0,3.0,0.0,0.0,0.0,0.0,0.0,2.0,0.0,2.0,0.0,0.0,0.0,2.0,0.0,2.0,0.0,5.0,0.0,0.0,0.0,2.0,0.0,0.0,0.0,0.0,4.0,0.0,0.0,0.0,0.0,0.0,3.0,2.0,0.0,0.0,4.0,0.0,11.0,6.0,0.0,0.0,0.0,0.0,0.0,2.0,0.0,2.0,4.0,0.0,6.0,2.0,3.0,0.0,3.0,0.0,0.0,0.0,6.0,0.0,21.0,2.0,0.0,0.0,5.0,5.0,0.0,2.0,6.0,10.0,6.0,4.0,6.0,3.0,2.0,0.0,2.0,7.0,0.0,2.0,0.0,6.0,2.0,5.0,2.0,2.0,0.0,0.0,6.0,0.0,0.0,0.0,0.0,0.0,0.0,2.0,7.0,0.0,0.0,0.0,0.0,2.0,3.0,3.0,0.0,2.0,0.0,2.0
55,103,0.0,0.0,0.0,0.0,0.0,0.0,0.0,0.0,0.0,0.0,0.0,0.0,0.0,0.0,0.0,0.0,0.0,0.0,0.0,0.0,0.0,0.0,0.0,0.0,0.0,0.0,0.0,0.0,0.0,0.0,0.0,0.0,0.0,0.0,0.0,0.0,0.0,0.0,0.0,0.0,0.0,0.0,0.0,0.0,0.0,0.0,0.0,0.0,0.0,0.0,0.0,0.0,0.0,0.0,0.0,0.0,0.0,0.0,0.0,0.0,0.0,0.0,0.0,0.0,0.0,0.0,0.0,0.0,0.0,0.0,0.0,0.0,0.0,0.0,0.0,0.0,0.0,0.0,19.0,0.0,0.0,0.0,0.0,0.0,0.0,0.0,0.0,2.0,2.0,6.0,33.0,2.0,0.0,0.0,4.0,0.0,0.0,2.0,4.0,7.0,4.0,5.0,5.0,3.0,8.0,2.0,0.0,2.0,0.0,2.0,2.0,6.0,5.0,2.0,3.0,3.0,6.0,0.0,4.0,4.0,0.0,5.0,7.0,9.0,3.0,3.0,6.0,7.0,4.0,5.0,0.0,8.0,2.0,0.0,0.0,9.0,3.0,0.0,0.0,0.0,0.0,0.0,35.0,0.0,0.0,0.0,0.0,0.0,8.0,0.0,0.0,2.0,4.0,0.0,0.0,0.0,0.0,0.0,2.0,0.0,0.0,2.0
56,126,0.0,0.0,0.0,0.0,0.0,0.0,0.0,0.0,0.0,0.0,0.0,0.0,0.0,0.0,0.0,0.0,0.0,0.0,0.0,0.0,0.0,0.0,0.0,0.0,0.0,0.0,0.0,0.0,0.0,0.0,0.0,0.0,0.0,0.0,0.0,0.0,0.0,0.0,0.0,0.0,0.0,0.0,0.0,0.0,0.0,0.0,0.0,0.0,0.0,0.0,0.0,0.0,0.0,0.0,0.0,0.0,0.0,0.0,0.0,0.0,0.0,0.0,0.0,0.0,0.0,0.0,0.0,0.0,0.0,0.0,0.0,0.0,0.0,0.0,0.0,0.0,0.0,2.0,0.0,0.0,0.0,2.0,2.0,2.0,0.0,7.0,0.0,0.0,0.0,0.0,4.0,0.0,0.0,0.0,0.0,0.0,6.0,5.0,0.0,3.0,3.0,2.0,0.0,3.0,0.0,0.0,0.0,2.0,3.0,0.0,2.0,2.0,9.0,2.0,5.0,2.0,5.0,3.0,3.0,0.0,4.0,2.0,0.0,2.0,0.0,3.0,0.0,0.0,0.0,2.0,0.0,6.0,0.0,2.0,2.0,0.0,0.0,0.0,0.0,0.0,0.0,0.0,2.0,2.0,4.0,2.0,0.0,0.0,0.0,2.0,2.0,0.0,2.0,0.0,2.0,0.0,0.0,0.0,0.0,2.0,2.0,2.0
57,17,0.0,0.0,0.0,0.0,0.0,0.0,0.0,0.0,0.0,0.0,0.0,0.0,0.0,0.0,0.0,0.0,0.0,0.0,0.0,0.0,0.0,0.0,0.0,0.0,0.0,0.0,0.0,0.0,0.0,0.0,0.0,0.0,0.0,0.0,0.0,0.0,0.0,0.0,0.0,0.0,0.0,0.0,0.0,0.0,0.0,0.0,0.0,0.0,0.0,0.0,0.0,0.0,0.0,0.0,0.0,0.0,0.0,0.0,0.0,0.0,0.0,0.0,0.0,0.0,0.0,0.0,0.0,0.0,0.0,0.0,0.0,0.0,0.0,0.0,0.0,0.0,0.0,0.0,0.0,6.0,9.0,14.0,4.0,16.0,7.0,7.0,7.0,6.0,6.0,7.0,13.0,6.0,4.0,7.0,6.0,3.0,5.0,2.0,7.0,3.0,1.0,4.0,8.0,4.0,2.0,6.0,4.0,3.0,8.0,6.0,6.0,5.0,1.0,9.0,5.0,7.0,6.0,7.0,7.0,5.0,12.0,5.0,11.0,7.0,6.0,3.0,6.0,6.0,4.0,4.0,5.0,5.0,3.0,3.0,8.0,12.0,6.0,2.0,3.0,11.0,14.0,8.0,16.0,8.0,12.0,12.0,12.0,8.0,8.0,4.0,9.0,6.0,6.0,4.0,4.0,9.0,5.0,4.0,7.0,6.0,7.0,3.0
58,17,0.0,0.0,0.0,0.0,0.0,0.0,0.0,0.0,0.0,0.0,0.0,0.0,0.0,0.0,0.0,0.0,0.0,0.0,0.0,0.0,0.0,0.0,0.0,0.0,0.0,0.0,0.0,0.0,0.0,0.0,0.0,0.0,0.0,0.0,0.0,0.0,0.0,0.0,0.0,0.0,0.0,0.0,0.0,0.0,0.0,0.0,0.0,0.0,0.0,0.0,0.0,0.0,0.0,0.0,0.0,0.0,0.0,0.0,0.0,0.0,0.0,0.0,0.0,0.0,0.0,0.0,0.0,0.0,0.0,0.0,0.0,0.0,0.0,0.0,0.0,0.0,0.0,0.0,0.0,0.0,0.0,10.0,13.0,15.0,18.0,12.0,17.0,9.0,14.0,6.0,7.0,8.0,9.0,6.0,4.0,6.0,1.0,2.0,2.0,7.0,7.0,3.0,2.0,2.0,4.0,5.0,6.0,9.0,9.0,4.0,0.0,6.0,8.0,10.0,12.0,7.0,9.0,8.0,6.0,4.0,4.0,3.0,4.0,1.0,4.0,11.0,12.0,10.0,2.0,6.0,7.0,11.0,3.0,9.0,9.0,12.0,8.0,10.0,4.0,8.0,18.0,16.0,7.0,9.0,7.0,10.0,4.0,4.0,14.0,8.0,9.0,16.0,9.0,5.0,4.0,10.0,4.0,6.0,10.0,1.0,10.0,6.0
59,126,0.0,0.0,0.0,0.0,0.0,0.0,0.0,0.0,0.0,0.0,0.0,0.0,0.0,0.0,0.0,0.0,0.0,0.0,0.0,0.0,0.0,0.0,0.0,0.0,0.0,0.0,0.0,0.0,0.0,0.0,0.0,0.0,0.0,0.0,0.0,0.0,0.0,0.0,0.0,0.0,0.0,0.0,0.0,0.0,0.0,0.0,0.0,0.0,0.0,0.0,0.0,0.0,0.0,0.0,0.0,0.0,0.0,0.0,0.0,0.0,0.0,0.0,0.0,0.0,0.0,0.0,0.0,0.0,0.0,0.0,0.0,0.0,0.0,0.0,0.0,0.0,0.0,0.0,0.0,0.0,0.0,0.0,0.0,0.0,0.0,0.0,0.0,0.0,0.0,0.0,0.0,0.0,0.0,9.0,5.0,7.0,4.0,9.0,4.0,4.0,10.0,14.0,4.0,3.0,2.0,6.0,4.0,0.0,3.0,6.0,4.0,8.0,4.0,4.0,9.0,8.0,8.0,4.0,4.0,4.0,0.0,0.0,7.0,4.0,6.0,2.0,5.0,11.0,2.0,2.0,3.0,8.0,0.0,0.0,0.0,0.0,4.0,2.0,2.0,0.0,0.0,0.0,2.0,2.0,0.0,0.0,0.0,0.0,0.0,0.0,0.0,2.0,2.0,0.0,5.0,2.0,0.0,2.0,2.0,0.0,0.0,3.0
60,2,0.0,0.0,0.0,1.0,1.0,1.0,1.0,0.0,0.0,1.0,0.0,0.0,0.0,0.0,1.0,0.0,1.0,1.0,0.0,0.0,0.0,0.0,0.0,0.0,1.0,1.0,0.0,1.0,1.0,0.0,2.0,0.0,0.0,1.0,1.0,3.0,4.0,2.0,0.0,0.0,0.0,0.0,0.0,0.0,2.0,0.0,0.0,0.0,1.0,0.0,0.0,1.0,0.0,0.0,0.0,1.0,1.0,1.0,2.0,0.0,0.0,2.0,0.0,1.0,1.0,0.0,0.0,1.0,0.0,0.0,0.0,0.0,0.0,0.0,0.0,0.0,0.0,0.0,1.0,1.0,1.0,1.0,1.0,1.0,1.0,1.0,0.0,2.0,8.0,3.0,0.0,0.0,1.0,0.0,2.0,0.0,0.0,0.0,0.0,2.0,1.0,0.0,2.0,0.0,0.0,1.0,1.0,3.0,1.0,0.0,1.0,1.0,0.0,0.0,0.0,3.0,1.0,1.0,0.0,0.0,1.0,0.0,0.0,0.0,2.0,0.0,0.0,0.0,2.0,0.0,1.0,0.0,2.0,0.0,0.0,0.0,2.0,2.0,0.0,2.0,5.0,0.0,1.0,0.0,2.0,0.0,1.0,1.0,3.0,0.0,0.0,0.0,1.0,0.0,0.0,0.0,1.0,2.0,0.0,3.0,0.0,2.0
60,3,2.0,0.0,2.0,2.0,5.0,3.0,3.0,2.0,1.0,2.0,0.0,1.0,2.0,0.0,1.0,3.0,2.0,2.0,1.0,2.0,0.0,0.0,4.0,2.0,2.0,1.0,3.0,0.0,2.0,3.0,4.0,4.0,1.0,1.0,0.0,1.0,5.0,0.0,2.0,0.0,2.0,1.0,2.0,2.0,1.0,1.0,0.0,2.0,0.0,0.0,2.0,6.0,1.0,2.0,1.0,0.0,0.0,0.0,1.0,0.0,1.0,4.0,1.0,2.0,1.0,3.0,2.0,1.0,4.0,3.0,0.0,1.0,1.0,0.0,0.0,0.0,1.0,0.0,0.0,0.0,0.0,2.0,0.0,0.0,1.0,3.0,3.0,0.0,0.0,0.0,6.0,1.0,1.0,0.0,2.0,2.0,1.0,0.0,0.0,0.0,0.0,0.0,0.0,2.0,4.0,0.0,2.0,1.0,0.0,2.0,0.0,1.0,2.0,0.0,0.0,2.0,2.0,1.0,3.0,1.0,1.0,1.0,1.0,1.0,0.0,1.0,1.0,2.0,0.0,1.0,1.0,4.0,0.0,4.0,1.0,1.0,2.0,1.0,1.0,1.0,0.0,0.0,0.0,1.0,0.0,4.0,0.0,2.0,1.0,6.0,1.0,0.0,1.0,0.0,2.0,1.0,3.0,0.0,1.0,2.0,1.0,0.0
60,4,3.0,1.0,0.0,0.0,3.0,1.0,3.0,1.0,0.0,0.0,0.0,0.0,1.0,1.0,1.0,1.0,0.0,0.0,1.0,0.0,1.0,0.0,1.0,0.0,1.0,2.0,1.0,2.0,3.0,0.0,0.0,1.0,0.0,2.0,2.0,3.0,1.0,1.0,2.0,2.0,1.0,1.0,1.0,0.0,2.0,0.0,0.0,2.0,1.0,2.0,0.0,1.0,0.0,1.0,0.0,0.0,2.0,1.0,0.0,1.0,0.0,4.0,2.0,0.0,1.0,1.0,3.0,0.0,3.0,0.0,1.0,0.0,0.0,0.0,0.0,0.0,2.0,1.0,2.0,4.0,0.0,1.0,1.0,3.0,3.0,3.0,5.0,4.0,2.0,0.0,5.0,0.0,2.0,0.0,1.0,0.0,1.0,5.0,1.0,1.0,1.0,2.0,1.0,0.0,1.0,1.0,3.0,2.0,0.0,2.0,1.0,4.0,2.0,0.0,1.0,0.0,2.0,1.0,3.0,1.0,0.0,1.0,1.0,1.0,0.0,2.0,0.0,2.0,2.0,3.0,1.0,1.0,1.0,1.0,0.0,2.0,3.0,2.0,0.0,0.0,1.0,1.0,3.0,0.0,0.0,0.0,0.0,1.0,1.0,3.0,2.0,0.0,1.0,2.0,0.0,2.0,2.0,3.0,2.0,0.0,1.0,3.0
60,7,1.0,0.0,0.0,1.0,0.0,1.0,0.0,0.0,0.0,1.0,0.0,0.0,0.0,0.0,0.0,0.0,0.0,0.0,0.0,0.0,0.0,0.0,0.0,0.0,1.0,0.0,1.0,3.0,0.0,1.0,0.0,2.0,0.0,0.0,1.0,6.0,2.0,0.0,0.0,0.0,0.0,0.0,0.0,0.0,0.0,1.0,1.0,1.0,1.0,0.0,0.0,1.0,0.0,0.0,1.0,2.0,1.0,0.0,1.0,0.0,0.0,0.0,0.0,1.0,0.0,3.0,4.0,1.0,0.0,0.0,1.0,0.0,1.0,0.0,1.0,0.0,0.0,1.0,0.0,1.0,1.0,0.0,0.0,1.0,2.0,0.0,1.0,2.0,4.0,6.0,0.0,0.0,0.0,0.0,3.0,1.0,0.0,0.0,0.0,1.0,1.0,0.0,0.0,0.0,0.0,0.0,2.0,0.0,1.0,0.0,0.0,0.0,1.0,2.0,0.0,0.0,1.0,0.0,1.0,1.0,0.0,3.0,1.0,1.0,2.0,1.0,0.0,0.0,0.0,0.0,1.0,1.0,0.0,0.0,4.0,3.0,0.0,0.0,1.0,3.0,4.0,1.0,1.0,0.0,0.0,1.0,0.0,0.0,0.0,0.0,2.0,0.0,2.0,2.0,1.0,2.0,1.0,1.0,1.0,1.0,3.0,0.0
60,8,5.0,2.0,1.0,0.0,5.0,1.0,2.0,2.0,1.0,0.0,0.0,1.0,0.0,0.0,0.0,0.0,1.0,0.0,0.0,0.0,1.0,0.0,1.0,0.0,0.0,0.0,0.0,2.0,0.0,0.0,2.0,1.0,0.0,0.0,1.0,3.0,2.0,1.0,2.0,0.0,0.0,0.0,4.0,1.0,1.0,0.0,0.0,2.0,1.0,1.0,1.0,1.0,1.0,2.0,0.0,0.0,0.0,0.0,1.0,1.0,0.0,0.0,1.0,0.0,0.0,2.0,0.0,2.0,1.0,0.0,1.0,0.0,0.0,2.0,0.0,0.0,3.0,0.0,3.0,4.0,6.0,9.0,3.0,4.0,4.0,1.0,2.0,1.0,7.0,3.0,4.0,1.0,3.0,1.0,3.0,3.0,2.0,2.0,0.0,1.0,0.0,2.0,2.0,1.0,1.0,0.0,0.0,1.0,3.0,2.0,0.0,2.0,1.0,1.0,1.0,3.0,3.0,0.0,0.0,0.0,0.0,2.0,1.0,3.0,1.0,1.0,0.0,2.0,2.0,1.0,0.0,4.0,2.0,0.0,1.0,6.0,0.0,0.0,4.0,0.0,3.0,2.0,1.0,3.0,2.0,0.0,0.0,2.0,2.0,1.0,2.0,1.0,0.0,0.0,0.0,2.0,1.0,3.0,0.0,1.0,0.0,3.0
60,10,1.0,0.0,0.0,0.0,1.0,1.0,1.0,0.0,0.0,1.0,1.0,0.0,1.0,1.0,1.0,0.0,0.0,0.0,0.0,0.0,0.0,1.0,1.0,1.0,0.0,0.0,0.0,0.0,0.0,0.0,0.0,2.0,0.0,1.0,0.0,0.0,0.0,1.0,1.0,0.0,1.0,1.0,0.0,0.0,0.0,1.0,0.0,2.0,2.0,0.0,0.0,0.0,0.0,0.0,0.0,1.0,0.0,0.0,0.0,0.0,1.0,3.0,1.0,1.0,0.0,1.0,0.0,1.0,0.0,0.0,1.0,1.0,1.0,0.0,1.0,0.0,0.0,0.0,0.0,0.0,1.0,2.0,0.0,0.0,1.0,2.0,0.0,0.0,0.0,1.0,0.0,1.0,0.0,0.0,2.0,0.0,2.0,1.0,1.0,1.0,0.0,3.0,1.0,1.0,0.0,1.0,0.0,1.0,2.0,2.0,0.0,0.0,2.0,0.0,0.0,0.0,0.0,0.0,0.0,1.0,0.0,1.0,0.0,0.0,0.0,0.0,0.0,0.0,0.0,2.0,1.0,1.0,0.0,1.0,0.0,1.0,1.0,1.0,3.0,0.0,0.0,1.0,2.0,0.0,1.0,1.0,1.0,1.0,1.0,0.0,1.0,1.0,0.0,1.0,0.0,1.0,1.0,0.0,1.0,0.0,1.0,0.0
60,18,1.0,2.0,0.0,0.0,0.0,1.0,0.0,0.0,1.0,2.0,0.0,1.0,1.0,0.0,2.0,1.0,0.0,0.0,0.0,0.0,0.0,0.0,0.0,0.0,0.0,0.0,0.0,1.0,0.0,1.0,1.0,2.0,1.0,0.0,1.0,1.0,0.0,2.0,0.0,3.0,1.0,1.0,0.0,1.0,0.0,1.0,2.0,1.0,1.0,0.0,1.0,0.0,1.0,1.0,0.0,1.0,1.0,0.0,0.0,0.0,0.0,1.0,0.0,1.0,3.0,0.0,2.0,1.0,1.0,0.0,0.0,1.0,3.0,1.0,0.0,0.0,0.0,0.0,0.0,0.0,0.0,1.0,1.0,1.0,0.0,1.0,2.0,1.0,1.0,2.0,0.0,0.0,2.0,0.0,0.0,0.0,1.0,1.0,0.0,1.0,0.0,1.0,1.0,0.0,2.0,0.0,0.0,2.0,0.0,1.0,2.0,0.0,2.0,0.0,0.0,1.0,3.0,0.0,2.0,1.0,0.0,0.0,1.0,4.0,0.0,0.0,1.0,0.0,0.0,1.0,1.0,1.0,1.0,1.0,1.0,2.0,2.0,2.0,1.0,1.0,2.0,1.0,2.0,2.0,0.0,1.0,0.0,0.0,1.0,2.0,3.0,0.0,1.0,0.0,2.0,0.0,0.0,1.0,1.0,1.0,1.0,1.0
60,19,1.0,1.0,1.0,1.0,4.0,2.0,0.0,1.0,0.0,0.0,1.0,1.0,1.0,3.0,1.0,0.0,1.0,3.0,0.0,1.0,0.0,1.0,0.0,0.0,2.0,0.0,3.0,1.0,0.0,1.0,0.0,1.0,0.0,3.0,0.0,2.0,2.0,1.0,0.0,0.0,1.0,1.0,0.0,0.0,0.0,1.0,2.0,3.0,1.0,1.0,0.0,0.0,2.0,0.0,0.0,1.0,0.0,0.0,0.0,0.0,1.0,0.0,2.0,0.0,0.0,4.0,0.0,1.0,2.0,1.0,0.0,1.0,0.0,2.0,1.0,0.0,1.0,0.0,0.0,0.0,2.0,2.0,1.0,3.0,1.0,0.0,1.0,4.0,1.0,0.0,1.0,1.0,1.0,2.0,2.0,0.0,1.0,0.0,2.0,1.0,1.0,0.0,3.0,2.0,2.0,2.0,4.0,1.0,0.0,1.0,1.0,1.0,1.0,4.0,1.0,1.0,1.0,1.0,0.0,0.0,2.0,2.0,2.0,1.0,3.0,2.0,0.0,2.0,0.0,1.0,1.0,2.0,1.0,1.0,1.0,3.0,3.0,2.0,1.0,2.0,1.0,2.0,4.0,0.0,0.0,1.0,0.0,6.0,1.0,1.0,2.0,2.0,1.0,0.0,1.0,0.0,1.0,3.0,1.0,0.0,4.0,2.0
60,20,0.0,1.0,2.0,2.0,1.0,0.0,2.0,1.0,1.0,0.0,2.0,0.0,0.0,1.0,1.0,0.0,2.0,1.0,1.0,2.0,2.0,0.0,1.0,0.0,1.0,3.0,0.0,0.0,2.0,2.0,2.0,2.0,1.0,0.0,3.0,1.0,0.0,0.0,1.0,1.0,0.0,0.0,1.0,1.0,1.0,1.0,0.0,0.0,0.0,0.0,0.0,0.0,1.0,1.0,1.0,0.0,0.0,0.0,1.0,2.0,0.0,0.0,1.0,1.0,3.0,2.0,0.0,1.0,2.0,3.0,2.0,4.0,1.0,3.0,0.0,0.0,1.0,1.0,1.0,0.0,1.0,0.0,2.0,4.0,0.0,0.0,2.0,0.0,1.0,5.0,3.0,0.0,2.0,1.0,0.0,0.0,0.0,3.0,0.0,0.0,0.0,2.0,2.0,1.0,0.0,0.0,2.0,2.0,5.0,2.0,2.0,1.0,0.0,0.0,0.0,0.0,1.0,3.0,2.0,0.0,2.0,4.0,1.0,2.0,1.0,0.0,1.0,2.0,2.0,0.0,0.0,2.0,2.0,0.0,0.0,0.0,0.0,1.0,0.0,0.0,6.0,0.0,2.0,0.0,0.0,1.0,1.0,3.0,0.0,1.0,0.0,0.0,2.0,2.0,1.0,0.0,1.0,2.0,1.0,0.0,3.0,0.0
60,21,0.0,0.0,0.0,0.0,1.0,1.0,0.0,1.0,0.0,1.0,1.0,2.0,0.0,0.0,1.0,0.0,1.0,1.0,0.0,3.0,1.0,0.0,0.0,0.0,2.0,1.0,1.0,1.0,1.0,2.0,2.0,1.0,1.0,1.0,1.0,0.0,1.0,0.0,0.0,0.0,1.0,0.0,1.0,0.0,3.0,0.0,0.0,2.0,0.0,0.0,1.0,1.0,0.0,1.0,3.0,1.0,1.0,0.0,1.0,0.0,1.0,0.0,0.0,1.0,2.0,4.0,0.0,0.0,1.0,1.0,1.0,0.0,0.0,0.0,0.0,0.0,0.0,1.0,0.0,0.0,3.0,3.0,0.0,3.0,1.0,1.0,2.0,3.0,3.0,0.0,2.0,1.0,0.0,0.0,2.0,0.0,0.0,0.0,0.0,1.0,1.0,0.0,1.0,2.0,2.0,1.0,1.0,1.0,0.0,2.0,3.0,1.0,2.0,1.0,0.0,1.0,0.0,0.0,2.0,0.0,2.0,2.0,1.0,0.0,1.0,0.0,0.0,2.0,0.0,0.0,1.0,2.0,0.0,1.0,1.0,2.0,0.0,1.0,1.0,0.0,1.0,3.0,2.0,0.0,2.0,2.0,0.0,1.0,0.0,0.0,0.0,0.0,2.0,0.0,1.0,0.0,1.0,2.0,2.0,1.0,1.0,2.0
60,22,0.0,0.0,0.0,0.0,1.0,1.0,0.0,0.0,1.0,0.0,2.0,0.0,1.0,0.0,0.0,2.0,0.0,0.0,0.0,0.0,0.0,0.0,0.0,0.0,0.0,1.0,2.0,0.0,1.0,0.0,1.0,0.0,2.0,4.0,1.0,1.0,1.0,0.0,0.0,0.0,0.0,2.0,1.0,1.0,0.0,1.0,0.0,2.0,1.0,0.0,0.0,1.0,1.0,1.0,1.0,1.0,1.0,1.0,0.0,1.0,1.0,0.0,0.0,1.0,0.0,3.0,0.0,1.0,2.0,0.0,1.0,0.0,1.0,0.0,0.0,1.0,1.0,0.0,0.0,1.0,0.0,1.0,1.0,0.0,2.0,1.0,0.0,0.0,2.0,0.0,1.0,0.0,1.0,1.0,0.0,1.0,1.0,2.0,1.0,1.0,3.0,1.0,1.0,2.0,3.0,0.0,0.0,1.0,0.0,0.0,1.0,0.0,0.0,2.0,0.0,0.0,1.0,1.0,2.0,0.0,0.0,0.0,2.0,1.0,1.0,2.0,2.0,0.0,0.0,0.0,0.0,0.0,0.0,2.0,0.0,0.0,0.0,0.0,2.0,1.0,0.0,0.0,1.0,0.0,1.0,1.0,0.0,1.0,1.0,0.0,1.0,2.0,1.0,0.0,0.0,1.0,2.0,0.0,2.0,2.0,2.0,0.0
60,23,32.0,44.0,36.0,30.0,32.0,37.0,74.0,72.0,28.0,17.0,26.0,40.0,33.0,28.0,33.0,20.0,23.0,8.0,17.0,15.0,21.0,13.0,22.0,17.0,24.0,22.0,28.0,53.0,80.0,110.0,205.0,122.0,147.0,142.0,85.0,91.0,252.0,134.0,98.0,83.0,47.0,31.0,51.0,19.0,66.0,44.0,26.0,43.0,33.0,22.0,23.0,33.0,17.0,29.0,147.0,92.0,68.0,61.0,50.0,49.0,51.0,47.0,12.0,60.0,39.0,33.0,26.0,21.0,22.0,15.0,18.0,50.0,47.0,25.0,55.0,10.0,23.0,27.0,58.0,42.0,41.0,48.0,34.0,33.0,61.0,53.0,78.0,113.0,245.0,27.0,38.0,10.0,10.0,3.0,7.0,10.0,2.0,4.0,2.0,47.0,93.0,82.0,56.0,63.0,67.0,53.0,45.0,31.0,29.0,33.0,50.0,79.0,26.0,40.0,18.0,14.0,16.0,12.0,18.0,62.0,68.0,44.0,56.0,38.0,45.0,16.0,15.0,35.0,65.0,69.0,40.0,28.0,38.0,64.0,19.0,114.0,141.0,164.0,191.0,204.0,307.0,58.0,34.0,29.0,22.0,18.0,10.0,82.0,116.0,65.0,49.0,70.0,22.0,44.0,30.0,54.0,73.0,80.0,72.0,97.0,36.0,52.0
60,25,2.0,0.0,1.0,2.0,0.0,1.0,0.0,1.0,2.0,0.0,0.0,0.0,1.0,0.0,0.0,0.0,0.0,0.0,0.0,0.0,0.0,0.0,0.0,0.0,0.0,0.0,0.0,0.0,0.0,0.0,0.0,0.0,0.0,0.0,0.0,0.0,0.0,0.0,0.0,1.0,0.0,1.0,0.0,0.0,1.0,0.0,0.0,1.0,0.0,0.0,0.0,1.0,0.0,3.0,0.0,2.0,1.0,7.0,1.0,1.0,0.0,1.0,1.0,0.0,2.0,6.0,1.0,3.0,1.0,1.0,0.0,0.0,1.0,2.0,0.0,1.0,1.0,0.0,0.0,1.0,0.0,0.0,0.0,2.0,1.0,2.0,6.0,38.0,27.0,6.0,4.0,0.0,0.0,2.0,1.0,1.0,0.0,0.0,2.0,1.0,0.0,2.0,0.0,0.0,0.0,0.0,0.0,0.0,1.0,0.0,0.0,2.0,0.0,1.0,2.0,4.0,8.0,1.0,2.0,3.0,4.0,3.0,2.0,1.0,1.0,0.0,0.0,1.0,3.0,4.0,2.0,3.0,0.0,0.0,0.0,2.0,4.0,7.0,5.0,14.0,24.0,2.0,0.0,0.0,2.0,2.0,1.0,6.0,3.0,2.0,2.0,0.0,2.0,0.0,1.0,0.0,0.0,0.0,6.0,0.0,2.0,0.0
60,28,0.0,0.0,0.0,0.0,0.0,0.0,0.0,0.0,0.0,0.0,0.0,0.0,0.0,0.0,0.0,0.0,0.0,0.0,0.0,0.0,0.0,0.0,0.0,0.0,0.0,0.0,0.0,0.0,0.0,0.0,0.0,0.0,0.0,0.0,0.0,0.0,0.0,0.0,0.0,0.0,0.0,0.0,1.0,1.0,1.0,0.0,0.0,0.0,0.0,0.0,0.0,0.0,0.0,1.0,1.0,1.0,0.0,0.0,1.0,2.0,1.0,2.0,0.0,0.0,0.0,0.0,0.0,0.0,1.0,0.0,0.0,0.0,0.0,0.0,0.0,0.0,0.0,0.0,0.0,2.0,2.0,0.0,0.0,0.0,2.0,0.0,0.0,4.0,13.0,0.0,0.0,0.0,1.0,0.0,0.0,1.0,1.0,0.0,1.0,1.0,0.0,0.0,1.0,1.0,1.0,1.0,0.0,0.0,0.0,0.0,1.0,0.0,2.0,3.0,0.0,1.0,0.0,0.0,1.0,0.0,2.0,0.0,0.0,1.0,1.0,0.0,1.0,1.0,0.0,1.0,0.0,0.0,1.0,0.0,1.0,2.0,1.0,0.0,0.0,1.0,1.0,0.0,0.0,0.0,1.0,0.0,0.0,1.0,1.0,0.0,1.0,1.0,1.0,1.0,0.0,0.0,0.0,0.0,0.0,0.0,0.0,0.0
60,29,0.0,4.0,4.0,0.0,0.0,1.0,1.0,0.0,3.0,6.0,2.0,0.0,8.0,3.0,3.0,0.0,1.0,1.0,0.0,0.0,3.0,1.0,1.0,2.0,1.0,0.0,0.0,0.0,0.0,0.0,14.0,8.0,2.0,3.0,0.0,6.0,7.0,5.0,1.0,3.0,8.0,0.0,4.0,6.0,3.0,4.0,10.0,8.0,6.0,1.0,5.0,7.0,3.0,2.0,2.0,1.0,2.0,0.0,0.0,0.0,0.0,0.0,2.0,3.0,2.0,4.0,4.0,2.0,14.0,8.0,5.0,2.0,9.0,3.0,7.0,1.0,4.0,12.0,0.0,2.0,6.0,3.0,1.0,6.0,18.0,4.0,9.0,8.0,3.0,8.0,3.0,1.0,5.0,4.0,1.0,0.0,3.0,4.0,5.0,1.0,2.0,2.0,0.0,2.0,0.0,3.0,2.0,0.0,2.0,4.0,2.0,1.0,1.0,1.0,3.0,2.0,3.0,5.0,4.0,2.0,0.0,1.0,8.0,7.0,4.0,2.0,4.0,3.0,0.0,0.0,0.0,2.0,0.0,0.0,0.0,3.0,6.0,6.0,12.0,0.0,6.0,2.0,0.0,1.0,4.0,1.0,3.0,2.0,0.0,6.0,0.0,0.0,0.0,0.0,2.0,0.0,2.0,1.0,0.0,3.0,0.0,0.0
60,30,0.0,0.0,0.0,0.0,0.0,1.0,1.0,4.0,0.0,1.0,2.0,0.0,2.0,3.0,2.0,1.0,3.0,0.0,0.0,1.0,0.0,1.0,0.0,0.0,1.0,1.0,4.0,1.0,0.0,1.0,3.0,5.0,0.0,4.0,0.0,5.0,2.0,0.0,0.0,0.0,0.0,0.0,0.0,0.0,0.0,0.0,0.0,0.0,2.0,3.0,0.0,0.0,0.0,1.0,2.0,3.0,3.0,0.0,4.0,3.0,0.0,1.0,0.0,4.0,2.0,0.0,0.0,0.0,1.0,1.0,1.0,0.0,5.0,2.0,2.0,0.0,3.0,1.0,3.0,0.0,2.0,0.0,2.0,4.0,0.0,0.0,7.0,0.0,3.0,0.0,3.0,6.0,0.0,4.0,1.0,0.0,0.0,2.0,0.0,0.0,1.0,2.0,2.0,4.0,0.0,0.0,2.0,4.0,5.0,2.0,0.0,1.0,3.0,1.0,0.0,0.0,0.0,2.0,1.0,0.0,3.0,4.0,1.0,1.0,0.0,0.0,0.0,1.0,0.0,2.0,1.0,0.0,0.0,0.0,0.0,6.0,3.0,2.0,5.0,0.0,1.0,4.0,1.0,0.0,0.0,2.0,0.0,0.0,2.0,4.0,0.0,0.0,0.0,0.0,0.0,0.0,0.0,0.0,0.0,0.0,0.0,0.0
60,33,2.0,6.0,0.0,2.0,4.0,0.0,2.0,1.0,3.0,3.0,3.0,1.0,0.0,2.0,2.0,1.0,2.0,0.0,1.0,0.0,0.0,2.0,4.0,0.0,4.0,0.0,1.0,0.0,3.0,0.0,4.0,0.0,1.0,0.0,0.0,5.0,5.0,0.0,0.0,0.0,0.0,0.0,0.0,0.0,0.0,0.0,0.0,0.0,2.0,0.0,0.0,0.0,0.0,0.0,0.0,2.0,2.0,0.0,0.0,2.0,0.0,2.0,2.0,0.0,1.0,0.0,1.0,0.0,0.0,0.0,0.0,0.0,1.0,2.0,0.0,1.0,1.0,0.0,0.0,2.0,2.0,0.0,4.0,3.0,0.0,2.0,0.0,2.0,3.0,2.0,4.0,0.0,2.0,0.0,0.0,0.0,1.0,2.0,0.0,1.0,0.0,2.0,3.0,3.0,0.0,4.0,0.0,2.0,1.0,1.0,3.0,0.0,2.0,1.0,1.0,3.0,1.0,6.0,1.0,0.0,2.0,1.0,1.0,0.0,1.0,2.0,0.0,0.0,0.0,1.0,1.0,2.0,0.0,0.0,0.0,0.0,2.0,0.0,3.0,0.0,2.0,1.0,4.0,1.0,1.0,0.0,0.0,0.0,1.0,1.0,0.0,4.0,0.0,1.0,0.0,0.0,0.0,3.0,1.0,1.0,2.0,2.0
60,39,0.0,0.0,0.0,0.0,0.0,0.0,0.0,0.0,0.0,0.0,0.0,0.0,0.0,0.0,0.0,0.0,0.0,0.0,0.0,0.0,0.0,0.0,0.0,0.0,0.0,0.0,0.0,0.0,0.0,0.0,0.0,0.0,0.0,0.0,0.0,0.0,0.0,0.0,0.0,0.0,0.0,0.0,0.0,0.0,0.0,0.0,0.0,0.0,0.0,0.0,0.0,0.0,1.0,0.0,0.0,0.0,0.0,0.0,0.0,0.0,0.0,0.0,0.0,0.0,0.0,0.0,2.0,1.0,0.0,1.0,0.0,0.0,0.0,0.0,0.0,0.0,0.0,0.0,0.0,0.0,0.0,1.0,0.0,1.0,0.0,0.0,0.0,1.0,0.0,0.0,2.0,0.0,1.0,0.0,1.0,1.0,0.0,0.0,0.0,0.0,2.0,1.0,0.0,0.0,1.0,0.0,0.0,1.0,0.0,1.0,1.0,2.0,1.0,1.0,0.0,0.0,0.0,2.0,2.0,2.0,0.0,0.0,0.0,1.0,1.0,0.0,0.0,1.0,2.0,1.0,1.0,1.0,1.0,1.0,0.0,2.0,3.0,1.0,3.0,1.0,5.0,1.0,1.0,0.0,0.0,0.0,0.0,1.0,0.0,0.0,1.0,2.0,2.0,0.0,0.0,0.0,0.0,1.0,1.0,2.0,3.0,2.0
60,40,0.0,0.0,0.0,2.0,2.0,0.0,0.0,0.0,0.0,0.0,0.0,0.0,1.0,0.0,0.0,0.0,0.0,0.0,0.0,0.0,0.0,0.0,0.0,0.0,0.0,2.0,2.0,0.0,2.0,0.0,1.0,2.0,1.0,0.0,0.0,1.0,10.0,1.0,0.0,2.0,0.0,0.0,1.0,0.0,0.0,0.0,0.0,1.0,0.0,0.0,0.0,1.0,1.0,0.0,1.0,2.0,3.0,0.0,2.0,0.0,1.0,2.0,1.0,1.0,1.0,3.0,1.0,1.0,1.0,0.0,2.0,0.0,0.0,1.0,1.0,0.0,0.0,0.0,1.0,1.0,0.0,1.0,0.0,2.0,3.0,2.0,2.0,1.0,3.0,2.0,2.0,2.0,0.0,2.0,1.0,4.0,1.0,2.0,2.0,1.0,2.0,1.0,1.0,3.0,0.0,2.0,0.0,2.0,5.0,0.0,2.0,0.0,1.0,0.0,1.0,0.0,2.0,1.0,1.0,0.0,2.0,0.0,1.0,1.0,2.0,2.0,1.0,1.0,0.0,0.0,0.0,0.0,0.0,0.0,0.0,0.0,0.0,0.0,0.0,4.0,8.0,3.0,4.0,0.0,2.0,0.0,2.0,1.0,3.0,0.0,1.0,2.0,2.0,1.0,0.0,1.0,0.0,0.0,1.0,0.0,4.0,0.0
60,41,2.0,4.0,1.0,3.0,0.0,0.0,1.0,0.0,0.0,0.0,0.0,0.0,0.0,0.0,0.0,0.0,0.0,0.0,1.0,0.0,0.0,0.0,0.0,0.0,0.0,0.0,0.0,0.0,0.0,0.0,1.0,0.0,0.0,0.0,0.0,0.0,1.0,0.0,0.0,0.0,0.0,0.0,0.0,0.0,1.0,0.0,0.0,0.0,0.0,0.0,0.0,0.0,0.0,0.0,1.0,2.0,1.0,0.0,0.0,0.0,0.0,0.0,0.0,1.0,0.0,0.0,1.0,0.0,0.0,0.0,0.0,0.0,0.0,0.0,0.0,0.0,0.0,0.0,0.0,0.0,0.0,0.0,0.0,0.0,2.0,0.0,0.0,3.0,1.0,0.0,0.0,0.0,0.0,0.0,0.0,0.0,0.0,0.0,0.0,1.0,1.0,0.0,1.0,2.0,1.0,1.0,1.0,4.0,1.0,2.0,0.0,1.0,1.0,0.0,0.0,0.0,0.0,0.0,1.0,0.0,0.0,2.0,1.0,1.0,0.0,2.0,0.0,1.0,2.0,2.0,0.0,3.0,2.0,0.0,0.0,4.0,2.0,0.0,1.0,1.0,1.0,0.0,0.0,0.0,1.0,2.0,3.0,0.0,1.0,0.0,3.0,0.0,1.0,1.0,0.0,0.0,0.0,0.0,0.0,1.0,0.0,0.0
60,42,2.0,4.0,3.0,1.0,0.0,1.0,1.0,2.0,0.0,0.0,2.0,0.0,1.0,0.0,0.0,0.0,0.0,0.0,0.0,1.0,0.0,0.0,1.0,0.0,0.0,1.0,1.0,1.0,1.0,0.0,2.0,1.0,1.0,0.0,1.0,1.0,0.0,0.0,1.0,4.0,1.0,0.0,0.0,0.0,1.0,0.0,0.0,0.0,0.0,0.0,0.0,0.0,0.0,0.0,4.0,1.0,0.0,0.0,1.0,0.0,0.0,1.0,0.0,1.0,2.0,0.0,1.0,0.0,3.0,1.0,0.0,0.0,0.0,0.0,1.0,0.0,0.0,0.0,0.0,1.0,0.0,0.0,0.0,3.0,0.0,0.0,1.0,3.0,1.0,0.0,0.0,0.0,0.0,0.0,0.0,1.0,0.0,2.0,0.0,0.0,2.0,0.0,2.0,5.0,6.0,4.0,4.0,3.0,4.0,1.0,0.0,2.0,1.0,2.0,0.0,0.0,0.0,1.0,1.0,3.0,1.0,3.0,1.0,0.0,0.0,3.0,1.0,0.0,2.0,2.0,1.0,0.0,0.0,1.0,0.0,4.0,3.0,1.0,0.0,3.0,6.0,0.0,0.0,0.0,1.0,1.0,1.0,2.0,1.0,0.0,1.0,2.0,2.0,0.0,1.0,0.0,0.0,2.0,1.0,3.0,0.0,0.0
60,45,3.0,1.0,2.0,3.0,0.0,0.0,0.0,1.0,0.0,0.0,0.0,1.0,0.0,0.0,0.0,0.0,6.0,1.0,5.0,1.0,1.0,1.0,1.0,2.0,1.0,0.0,1.0,1.0,1.0,0.0,7.0,1.0,0.0,1.0,0.0,0.0,4.0,0.0,3.0,5.0,0.0,0.0,0.0,0.0,0.0,0.0,0.0,1.0,1.0,1.0,1.0,3.0,1.0,0.0,8.0,3.0,1.0,4.0,0.0,3.0,0.0,1.0,2.0,2.0,1.0,0.0,0.0,0.0,2.0,0.0,2.0,0.0,0.0,1.0,0.0,0.0,0.0,0.0,0.0,0.0,0.0,0.0,0.0,2.0,1.0,2.0,1.0,1.0,2.0,1.0,1.0,0.0,0.0,1.0,1.0,3.0,0.0,0.0,0.0,0.0,10.0,4.0,7.0,1.0,3.0,3.0,6.0,3.0,3.0,2.0,2.0,5.0,1.0,0.0,1.0,0.0,0.0,1.0,1.0,3.0,0.0,4.0,5.0,1.0,1.0,2.0,1.0,2.0,2.0,0.0,0.0,0.0,2.0,0.0,2.0,3.0,2.0,0.0,2.0,3.0,6.0,2.0,0.0,2.0,2.0,1.0,0.0,4.0,2.0,1.0,4.0,6.0,7.0,2.0,5.0,1.0,0.0,1.0,2.0,7.0,1.0,1.0
60,47,15.0,10.0,18.0,26.0,7.0,13.0,2.0,17.0,7.0,8.0,9.0,7.0,12.0,14.0,7.0,8.0,8.0,3.0,11.0,10.0,8.0,3.0,12.0,9.0,10.0,18.0,18.0,10.0,11.0,2.0,41.0,35.0,5.0,19.0,19.0,21.0,8.0,5.0,6.0,5.0,6.0,10.0,9.0,18.0,7.0,17.0,4.0,12.0,16.0,8.0,8.0,13.0,8.0,5.0,18.0,25.0,21.0,13.0,8.0,20.0,8.0,5.0,8.0,7.0,10.0,3.0,7.0,21.0,14.0,17.0,17.0,33.0,31.0,10.0,14.0,4.0,14.0,11.0,32.0,9.0,15.0,4.0,7.0,41.0,24.0,2.0,18.0,16.0,12.0,18.0,12.0,10.0,19.0,2.0,14.0,19.0,13.0,10.0,5.0,14.0,14.0,10.0,7.0,9.0,4.0,11.0,18.0,27.0,14.0,3.0,6.0,14.0,7.0,16.0,6.0,10.0,9.0,8.0,3.0,6.0,19.0,11.0,15.0,13.0,12.0,10.0,6.0,7.0,7.0,5.0,3.0,2.0,8.0,6.0,10.0,35.0,16.0,4.0,22.0,12.0,16.0,9.0,6.0,21.0,3.0,16.0,12.0,9.0,12.0,8.0,16.0,10.0,8.0,5.0,12.0,9.0,7.0,15.0,15.0,20.0,29.0,15.0
60,48,15.0,10.0,18.0,26.0,7.0,13.0,2.0,13.0,7.0,6.0,3.0,0.0,11.0,9.0,2.0,8.0,8.0,3.0,11.0,10.0,6.0,0.0,8.0,7.0,9.0,15.0,18.0,10.0,11.0,2.0,33.0,34.0,6.0,19.0,19.0,23.0,8.0,5.0,6.0,5.0,6.0,10.0,9.0,18.0,7.0,17.0,4.0,12.0,16.0,8.0,6.0,16.0,8.0,5.0,17.0,24.0,21.0,9.0,8.0,20.0,8.0,5.0,8.0,7.0,10.0,3.0,5.0,21.0,14.0,17.0,17.0,33.0,31.0,10.0,14.0,4.0,14.0,11.0,32.0,9.0,15.0,4.0,5.0,43.0,26.0,2.0,18.0,16.0,12.0,17.0,12.0,10.0,19.0,2.0,14.0,19.0,13.0,9.0,5.0,14.0,14.0,10.0,7.0,9.0,4.0,11.0,18.0,27.0,14.0,3.0,5.0,14.0,7.0,16.0,6.0,10.0,9.0,8.0,5.0,6.0,19.0,11.0,15.0,13.0,14.0,10.0,4.0,11.0,8.0,7.0,3.0,2.0,14.0,6.0,10.0,35.0,18.0,4.0,20.0,12.0,16.0,9.0,6.0,21.0,3.0,16.0,12.0,9.0,12.0,8.0,14.0,9.0,8.0,5.0,12.0,9.0,6.0,9.0,15.0,18.0,27.0,15.0
60,49,0.0,1.0,1.0,2.0,0.0,0.0,0.0,1.0,0.0,0.0,0.0,0.0,1.0,1.0,0.0,1.0,3.0,0.0,0.0,0.0,0.0,0.0,2.0,0.0,0.0,0.0,0.0,0.0,0.0,0.0,1.0,0.0,1.0,0.0,0.0,0.0,0.0,0.0,0.0,0.0,0.0,1.0,0.0,0.0,0.0,0.0,1.0,1.0,0.0,0.0,1.0,0.0,0.0,0.0,0.0,2.0,0.0,0.0,1.0,1.0,0.0,1.0,0.0,0.0,1.0,1.0,0.0,1.0,0.0,1.0,0.0,0.0,0.0,0.0,0.0,0.0,1.0,1.0,0.0,1.0,0.0,1.0,2.0,2.0,1.0,0.0,1.0,1.0,1.0,0.0,0.0,0.0,1.0,1.0,0.0,1.0,0.0,0.0,1.0,4.0,1.0,2.0,1.0,0.0,1.0,0.0,1.0,2.0,2.0,0.0,0.0,0.0,0.0,0.0,0.0,0.0,1.0,1.0,0.0,0.0,2.0,0.0,0.0,0.0,1.0,0.0,1.0,1.0,1.0,3.0,1.0,0.0,0.0,0.0,0.0,3.0,4.0,0.0,2.0,0.0,1.0,0.0,3.0,2.0,0.0,0.0,2.0,1.0,1.0,0.0,2.0,2.0,1.0,0.0,0.0,1.0,0.0,1.0,2.0,1.0,2.0,2.0
60,51,1.0,5.0,1.0,0.0,0.0,0.0,0.0,0.0,0.0,0.0,0.0,0.0,0.0,0.0,0.0,0.0,3.0,1.0,0.0,0.0,0.0,0.0,0.0,0.0,0.0,0.0,0.0,0.0,0.0,0.0,2.0,0.0,0.0,0.0,0.0,0.0,2.0,0.0,0.0,4.0,2.0,0.0,0.0,0.0,0.0,0.0,0.0,0.0,0.0,2.0,0.0,3.0,0.0,0.0,2.0,0.0,0.0,0.0,0.0,0.0,0.0,0.0,0.0,4.0,1.0,0.0,1.0,0.0,2.0,1.0,1.0,0.0,0.0,0.0,0.0,0.0,0.0,1.0,1.0,0.0,0.0,0.0,0.0,2.0,0.0,0.0,0.0,0.0,0.0,0.0,0.0,0.0,0.0,0.0,0.0,0.0,0.0,0.0,0.0,0.0,1.0,0.0,2.0,4.0,0.0,3.0,2.0,4.0,3.0,2.0,0.0,0.0,0.0,0.0,0.0,0.0,0.0,0.0,0.0,3.0,3.0,0.0,3.0,0.0,1.0,5.0,4.0,1.0,5.0,1.0,0.0,4.0,0.0,0.0,0.0,0.0,1.0,0.0,1.0,4.0,3.0,0.0,0.0,1.0,2.0,2.0,1.0,1.0,1.0,0.0,4.0,3.0,7.0,0.0,1.0,0.0,0.0,1.0,0.0,2.0,0.0,0.0
60,55,2.0,3.0,7.0,0.0,3.0,2.0,10.0,2.0,2.0,6.0,0.0,3.0,2.0,1.0,9.0,2.0,2.0,1.0,0.0,1.0,0.0,3.0,2.0,0.0,1.0,7.0,0.0,0.0,2.0,4.0,14.0,6.0,4.0,8.0,7.0,5.0,8.0,6.0,2.0,5.0,2.0,5.0,1.0,2.0,1.0,1.0,7.0,0.0,1.0,2.0,10.0,3.0,1.0,2.0,2.0,2.0,1.0,4.0,3.0,6.0,5.0,1.0,0.0,3.0,1.0,1.0,3.0,0.0,1.0,2.0,3.0,3.0,10.0,2.0,0.0,0.0,1.0,1.0,0.0,2.0,0.0,0.0,0.0,12.0,2.0,2.0,0.0,3.0,6.0,2.0,4.0,22.0,27.0,4.0,3.0,3.0,3.0,1.0,5.0,0.0,0.0,0.0,0.0,0.0,0.0,0.0,0.0,0.0,0.0,0.0,1.0,2.0,1.0,0.0,3.0,2.0,2.0,0.0,0.0,0.0,2.0,1.0,3.0,2.0,0.0,5.0,3.0,3.0,0.0,1.0,0.0,0.0,0.0,0.0,0.0,0.0,0.0,2.0,2.0,1.0,0.0,1.0,0.0,0.0,0.0,2.0,1.0,0.0,1.0,0.0,0.0,2.0,1.0,5.0,3.0,2.0,0.0,0.0,2.0,7.0,2.0,3.0
60,56,0.0,0.0,0.0,0.0,0.0,0.0,1.0,0.0,0.0,2.0,0.0,0.0,0.0,1.0,0.0,0.0,1.0,0.0,0.0,0.0,0.0,0.0,1.0,1.0,0.0,0.0,0.0,1.0,0.0,1.0,1.0,0.0,0.0,0.0,1.0,0.0,2.0,2.0,0.0,0.0,0.0,0.0,0.0,1.0,0.0,0.0,0.0,1.0,0.0,0.0,0.0,0.0,1.0,0.0,0.0,1.0,0.0,0.0,0.0,2.0,0.0,0.0,0.0,1.0,0.0,1.0,1.0,0.0,0.0,0.0,0.0,1.0,0.0,0.0,0.0,1.0,0.0,1.0,0.0,1.0,0.0,0.0,0.0,1.0,1.0,0.0,2.0,5.0,7.0,0.0,1.0,0.0,0.0,0.0,3.0,1.0,3.0,3.0,0.0,0.0,0.0,2.0,0.0,1.0,1.0,0.0,0.0,2.0,1.0,1.0,0.0,1.0,0.0,3.0,1.0,1.0,1.0,0.0,2.0,0.0,1.0,0.0,0.0,0.0,0.0,0.0,1.0,1.0,0.0,3.0,1.0,1.0,0.0,2.0,2.0,2.0,1.0,1.0,2.0,5.0,15.0,1.0,3.0,2.0,0.0,1.0,0.0,1.0,1.0,1.0,0.0,2.0,0.0,1.0,0.0,1.0,0.0,0.0,0.0,0.0,2.0,1.0
60,61,0.0,0.0,1.0,0.0,3.0,2.0,0.0,1.0,1.0,0.0,1.0,0.0,2.0,0.0,0.0,0.0,1.0,0.0,0.0,0.0,0.0,0.0,0.0,3.0,0.0,1.0,2.0,1.0,1.0,0.0,1.0,0.0,1.0,1.0,0.0,0.0,1.0,0.0,0.0,2.0,0.0,3.0,0.0,0.0,0.0,0.0,2.0,2.0,2.0,0.0,0.0,0.0,1.0,1.0,1.0,0.0,1.0,1.0,1.0,0.0,2.0,2.0,2.0,1.0,1.0,1.0,0.0,1.0,0.0,2.0,2.0,1.0,2.0,0.0,0.0,0.0,0.0,0.0,1.0,1.0,2.0,1.0,1.0,1.0,4.0,6.0,1.0,1.0,1.0,0.0,0.0,1.0,0.0,0.0,4.0,1.0,0.0,1.0,3.0,1.0,3.0,1.0,1.0,0.0,1.0,3.0,2.0,1.0,0.0,0.0,0.0,5.0,0.0,1.0,0.0,1.0,0.0,0.0,0.0,0.0,2.0,2.0,0.0,1.0,2.0,0.0,1.0,0.0,1.0,2.0,0.0,1.0,3.0,1.0,0.0,1.0,1.0,0.0,1.0,0.0,0.0,1.0,1.0,1.0,0.0,1.0,0.0,0.0,2.0,1.0,1.0,1.0,0.0,1.0,0.0,2.0,0.0,0.0,1.0,0.0,1.0,1.0
60,64,1.0,1.0,5.0,4.0,1.0,2.0,1.0,0.0,1.0,1.0,1.0,1.0,0.0,0.0,0.0,0.0,2.0,0.0,0.0,0.0,0.0,0.0,0.0,0.0,0.0,0.0,2.0,2.0,3.0,2.0,2.0,5.0,1.0,4.0,1.0,4.0,5.0,3.0,0.0,1.0,0.0,2.0,1.0,3.0,0.0,0.0,0.0,0.0,0.0,0.0,2.0,1.0,1.0,0.0,3.0,2.0,0.0,1.0,1.0,3.0,3.0,1.0,1.0,0.0,1.0,2.0,2.0,3.0,0.0,1.0,2.0,0.0,2.0,0.0,1.0,0.0,1.0,3.0,2.0,0.0,0.0,0.0,0.0,7.0,2.0,1.0,3.0,2.0,6.0,2.0,1.0,0.0,2.0,1.0,2.0,0.0,0.0,1.0,1.0,1.0,1.0,0.0,1.0,0.0,0.0,0.0,1.0,2.0,0.0,2.0,0.0,0.0,1.0,0.0,0.0,0.0,0.0,0.0,1.0,0.0,2.0,0.0,1.0,1.0,1.0,0.0,0.0,0.0,0.0,5.0,2.0,0.0,0.0,1.0,1.0,6.0,2.0,1.0,1.0,6.0,10.0,1.0,0.0,0.0,1.0,0.0,2.0,0.0,2.0,0.0,1.0,2.0,3.0,0.0,1.0,0.0,1.0,4.0,0.0,1.0,3.0,1.0
60,65,0.0,0.0,1.0,5.0,1.0,0.0,0.0,0.0,1.0,0.0,2.0,1.0,3.0,0.0,2.0,0.0,0.0,0.0,0.0,0.0,0.0,1.0,0.0,0.0,0.0,1.0,1.0,1.0,1.0,1.0,6.0,5.0,0.0,3.0,1.0,6.0,0.0,1.0,0.0,0.0,1.0,0.0,1.0,1.0,2.0,1.0,1.0,0.0,1.0,0.0,0.0,0.0,0.0,0.0,1.0,1.0,0.0,0.0,2.0,1.0,2.0,1.0,1.0,1.0,3.0,0.0,0.0,0.0,1.0,1.0,2.0,0.0,2.0,1.0,0.0,0.0,0.0,0.0,0.0,1.0,0.0,0.0,0.0,3.0,0.0,3.0,1.0,7.0,8.0,2.0,1.0,1.0,3.0,0.0,1.0,1.0,0.0,0.0,1.0,1.0,2.0,0.0,1.0,0.0,0.0,0.0,0.0,2.0,2.0,0.0,0.0,2.0,0.0,2.0,0.0,0.0,0.0,1.0,0.0,0.0,0.0,1.0,1.0,0.0,2.0,1.0,0.0,0.0,1.0,3.0,1.0,0.0,0.0,1.0,1.0,2.0,0.0,0.0,2.0,0.0,6.0,1.0,1.0,0.0,1.0,0.0,0.0,0.0,1.0,1.0,1.0,0.0,1.0,1.0,0.0,0.0,0.0,0.0,1.0,1.0,2.0,0.0
60,67,2.0,1.0,0.0,2.0,0.0,1.0,1.0,2.0,0.0,4.0,1.0,1.0,1.0,2.0,3.0,3.0,0.0,0.0,1.0,0.0,0.0,1.0,0.0,2.0,1.0,1.0,1.0,2.0,1.0,0.0,3.0,3.0,2.0,3.0,3.0,4.0,4.0,1.0,0.0,2.0,1.0,0.0,1.0,0.0,0.0,1.0,1.0,1.0,0.0,1.0,2.0,1.0,0.0,0.0,1.0,2.0,0.0,1.0,1.0,3.0,1.0,5.0,1.0,0.0,0.0,4.0,3.0,0.0,0.0,0.0,0.0,1.0,0.0,0.0,1.0,2.0,0.0,1.0,1.0,0.0,0.0,1.0,0.0,3.0,0.0,1.0,2.0,0.0,4.0,1.0,1.0,2.0,1.0,1.0,0.0,1.0,0.0,0.0,1.0,0.0,2.0,1.0,0.0,0.0,0.0,2.0,0.0,2.0,0.0,3.0,1.0,1.0,2.0,3.0,0.0,0.0,0.0,0.0,0.0,0.0,1.0,3.0,1.0,0.0,1.0,0.0,1.0,2.0,1.0,1.0,0.0,0.0,0.0,0.0,0.0,1.0,2.0,0.0,3.0,1.0,3.0,1.0,1.0,0.0,0.0,1.0,0.0,0.0,1.0,0.0,0.0,0.0,0.0,1.0,1.0,0.0,1.0,0.0,0.0,1.0,0.0,0.0
60,87,0.0,0.0,1.0,1.0,0.0,0.0,1.0,0.0,0.0,2.0,1.0,0.0,0.0,0.0,0.0,0.0,0.0,0.0,1.0,0.0,1.0,4.0,0.0,0.0,1.0,0.0,0.0,0.0,0.0,0.0,0.0,2.0,3.0,2.0,1.0,2.0,6.0,1.0,0.0,0.0,0.0,0.0,0.0,0.0,0.0,0.0,0.0,1.0,1.0,0.0,0.0,1.0,0.0,0.0,0.0,3.0,1.0,5.0,0.0,2.0,3.0,1.0,2.0,0.0,0.0,2.0,0.0,1.0,1.0,0.0,3.0,2.0,4.0,0.0,3.0,3.0,0.0,2.0,2.0,1.0,0.0,0.0,4.0,7.0,2.0,4.0,8.0,5.0,5.0,0.0,0.0,0.0,2.0,2.0,3.0,1.0,1.0,4.0,1.0,0.0,4.0,3.0,3.0,2.0,1.0,1.0,1.0,5.0,3.0,2.0,2.0,2.0,0.0,4.0,2.0,4.0,0.0,2.0,1.0,2.0,1.0,0.0,0.0,2.0,1.0,2.0,0.0,2.0,3.0,4.0,2.0,4.0,5.0,3.0,1.0,10.0,1.0,5.0,6.0,2.0,9.0,9.0,1.0,2.0,2.0,0.0,2.0,1.0,0.0,2.0,1.0,0.0,2.0,1.0,1.0,1.0,1.0,2.0,0.0,7.0,5.0,2.0
60,88,0.0,2.0,1.0,2.0,0.0,1.0,0.0,0.0,1.0,0.0,1.0,1.0,0.0,2.0,1.0,0.0,2.0,0.0,0.0,1.0,3.0,1.0,2.0,1.0,3.0,0.0,1.0,2.0,1.0,1.0,1.0,0.0,1.0,3.0,2.0,5.0,1.0,1.0,0.0,0.0,0.0,0.0,5.0,2.0,4.0,1.0,1.0,1.0,3.0,1.0,0.0,1.0,1.0,2.0,0.0,2.0,2.0,3.0,5.0,2.0,1.0,1.0,2.0,5.0,1.0,0.0,3.0,1.0,1.0,4.0,0.0,1.0,1.0,3.0,2.0,0.0,0.0,0.0,3.0,1.0,2.0,4.0,1.0,11.0,0.0,3.0,2.0,7.0,11.0,2.0,0.0,0.0,0.0,0.0,4.0,4.0,2.0,1.0,2.0,1.0,1.0,2.0,2.0,4.0,3.0,1.0,2.0,1.0,6.0,2.0,1.0,4.0,2.0,1.0,1.0,4.0,3.0,4.0,3.0,4.0,0.0,1.0,2.0,2.0,1.0,1.0,2.0,2.0,4.0,1.0,1.0,3.0,1.0,2.0,0.0,13.0,5.0,1.0,6.0,7.0,12.0,5.0,2.0,3.0,3.0,1.0,5.0,5.0,0.0,2.0,0.0,1.0,0.0,4.0,2.0,1.0,1.0,2.0,3.0,4.0,12.0,2.0
60,89,0.0,1.0,3.0,0.0,0.0,3.0,0.0,0.0,0.0,0.0,0.0,0.0,1.0,0.0,4.0,1.0,1.0,1.0,0.0,1.0,1.0,1.0,2.0,1.0,0.0,0.0,1.0,3.0,3.0,1.0,2.0,0.0,1.0,1.0,1.0,1.0,0.0,0.0,0.0,2.0,1.0,3.0,1.0,0.0,1.0,1.0,0.0,0.0,0.0,0.0,1.0,1.0,0.0,1.0,4.0,0.0,1.0,1.0,0.0,0.0,1.0,0.0,1.0,0.0,2.0,0.0,3.0,1.0,1.0,2.0,2.0,1.0,1.0,0.0,0.0,1.0,0.0,1.0,1.0,0.0,0.0,0.0,0.0,1.0,0.0,0.0,4.0,3.0,2.0,2.0,0.0,0.0,3.0,0.0,0.0,4.0,0.0,0.0,0.0,0.0,0.0,0.0,0.0,0.0,2.0,1.0,1.0,1.0,2.0,1.0,0.0,0.0,0.0,2.0,0.0,0.0,1.0,2.0,0.0,1.0,1.0,0.0,0.0,0.0,0.0,0.0,0.0,0.0,0.0,1.0,1.0,1.0,1.0,0.0,0.0,1.0,1.0,2.0,2.0,2.0,5.0,2.0,0.0,1.0,1.0,0.0,2.0,1.0,0.0,0.0,0.0,1.0,1.0,0.0,3.0,0.0,1.0,2.0,1.0,3.0,1.0,0.0
60,91,3.0,1.0,6.0,1.0,1.0,0.0,0.0,0.0,0.0,0.0,0.0,1.0,2.0,1.0,2.0,1.0,0.0,2.0,0.0,0.0,0.0,0.0,0.0,1.0,0.0,0.0,0.0,1.0,1.0,0.0,1.0,0.0,0.0,0.0,0.0,1.0,1.0,0.0,1.0,1.0,1.0,1.0,0.0,0.0,0.0,0.0,0.0,0.0,0.0,0.0,2.0,0.0,2.0,1.0,0.0,1.0,1.0,2.0,0.0,0.0,1.0,0.0,0.0,1.0,1.0,3.0,2.0,1.0,1.0,1.0,0.0,0.0,1.0,3.0,0.0,2.0,0.0,2.0,0.0,1.0,1.0,2.0,1.0,3.0,3.0,0.0,1.0,2.0,2.0,2.0,0.0,1.0,0.0,1.0,0.0,0.0,0.0,0.0,1.0,1.0,1.0,1.0,0.0,2.0,0.0,0.0,1.0,1.0,1.0,0.0,2.0,0.0,1.0,1.0,0.0,0.0,3.0,1.0,0.0,0.0,1.0,2.0,0.0,0.0,0.0,1.0,1.0,1.0,2.0,0.0,1.0,2.0,1.0,0.0,1.0,1.0,1.0,0.0,1.0,3.0,1.0,2.0,1.0,0.0,0.0,0.0,1.0,1.0,0.0,3.0,0.0,0.0,2.0,2.0,0.0,0.0,1.0,1.0,0.0,0.0,4.0,1.0
60,92,0.0,2.0,1.0,3.0,0.0,0.0,2.0,2.0,1.0,0.0,0.0,1.0,2.0,1.0,1.0,0.0,0.0,0.0,1.0,0.0,0.0,0.0,0.0,1.0,0.0,0.0,0.0,1.0,1.0,1.0,1.0,1.0,1.0,0.0,1.0,0.0,0.0,0.0,0.0,0.0,0.0,0.0,1.0,1.0,3.0,0.0,0.0,1.0,4.0,0.0,1.0,0.0,2.0,1.0,1.0,3.0,1.0,2.0,0.0,1.0,4.0,0.0,0.0,0.0,2.0,1.0,2.0,1.0,0.0,0.0,1.0,0.0,0.0,2.0,0.0,0.0,1.0,3.0,2.0,2.0,2.0,0.0,3.0,4.0,1.0,0.0,2.0,2.0,4.0,2.0,0.0,0.0,1.0,4.0,2.0,2.0,1.0,1.0,0.0,1.0,0.0,1.0,2.0,0.0,0.0,0.0,4.0,1.0,4.0,2.0,1.0,3.0,1.0,1.0,0.0,0.0,0.0,1.0,0.0,1.0,0.0,0.0,3.0,0.0,0.0,1.0,1.0,0.0,0.0,0.0,0.0,2.0,1.0,0.0,1.0,4.0,2.0,1.0,1.0,1.0,5.0,3.0,0.0,0.0,1.0,1.0,3.0,0.0,0.0,1.0,1.0,0.0,2.0,0.0,0.0,2.0,2.0,2.0,0.0,2.0,4.0,0.0
60,94,1.0,0.0,1.0,2.0,1.0,0.0,1.0,1.0,0.0,0.0,0.0,0.0,0.0,0.0,0.0,0.0,0.0,0.0,0.0,0.0,0.0,0.0,0.0,0.0,1.0,0.0,0.0,2.0,0.0,1.0,0.0,0.0,1.0,2.0,1.0,2.0,4.0,2.0,0.0,0.0,0.0,0.0,2.0,1.0,0.0,0.0,0.0,1.0,1.0,0.0,1.0,0.0,0.0,1.0,2.0,0.0,2.0,0.0,3.0,1.0,0.0,0.0,1.0,1.0,0.0,0.0,2.0,0.0,1.0,1.0,0.0,1.0,0.0,0.0,0.0,0.0,0.0,1.0,0.0,0.0,1.0,0.0,0.0,7.0,1.0,1.0,1.0,0.0,6.0,1.0,0.0,2.0,1.0,1.0,2.0,0.0,2.0,3.0,1.0,0.0,3.0,0.0,1.0,0.0,1.0,2.0,2.0,3.0,0.0,2.0,0.0,1.0,1.0,0.0,0.0,0.0,0.0,1.0,2.0,2.0,2.0,0.0,1.0,1.0,3.0,1.0,0.0,0.0,0.0,1.0,2.0,1.0,1.0,0.0,0.0,2.0,2.0,0.0,0.0,1.0,5.0,1.0,1.0,2.0,0.0,1.0,1.0,1.0,0.0,0.0,0.0,0.0,1.0,0.0,1.0,3.0,0.0,0.0,1.0,2.0,3.0,0.0
60,99,3.0,7.0,3.0,5.0,2.0,1.0,4.0,4.0,0.0,2.0,1.0,4.0,1.0,2.0,3.0,1.0,4.0,3.0,1.0,0.0,0.0,1.0,4.0,5.0,0.0,0.0,2.0,3.0,3.0,4.0,5.0,2.0,6.0,1.0,6.0,1.0,11.0,6.0,1.0,4.0,3.0,2.0,3.0,2.0,3.0,1.0,2.0,0.0,5.0,2.0,4.0,2.0,5.0,4.0,0.0,7.0,2.0,5.0,6.0,2.0,2.0,4.0,2.0,2.0,5.0,2.0,5.0,7.0,4.0,3.0,0.0,2.0,4.0,3.0,1.0,2.0,2.0,3.0,1.0,4.0,3.0,4.0,1.0,11.0,6.0,3.0,9.0,8.0,19.0,2.0,6.0,0.0,4.0,5.0,8.0,11.0,7.0,3.0,3.0,6.0,4.0,1.0,5.0,3.0,3.0,4.0,4.0,2.0,9.0,1.0,0.0,8.0,3.0,3.0,0.0,4.0,5.0,4.0,2.0,7.0,7.0,7.0,2.0,9.0,6.0,2.0,3.0,6.0,6.0,1.0,5.0,7.0,2.0,1.0,3.0,8.0,8.0,4.0,9.0,19.0,14.0,7.0,3.0,4.0,3.0,4.0,8.0,2.0,3.0,9.0,2.0,8.0,7.0,4.0,5.0,8.0,1.0,4.0,3.0,14.0,6.0,2.0
60,100,1.0,1.0,1.0,1.0,0.0,1.0,0.0,1.0,0.0,0.0,0.0,0.0,0.0,0.0,1.0,0.0,1.0,0.0,1.0,1.0,0.0,1.0,1.0,0.0,2.0,0.0,1.0,0.0,4.0,1.0,0.0,0.0,0.0,2.0,1.0,4.0,1.0,1.0,0.0,1.0,1.0,0.0,0.0,1.0,0.0,0.0,0.0,0.0,2.0,0.0,0.0,0.0,0.0,2.0,0.0,2.0,1.0,0.0,1.0,1.0,0.0,1.0,0.0,2.0,0.0,0.0,0.0,3.0,1.0,0.0,0.0,0.0,1.0,0.0,0.0,0.0,1.0,4.0,0.0,0.0,1.0,0.0,1.0,1.0,1.0,1.0,1.0,1.0,4.0,4.0,1.0,1.0,1.0,3.0,2.0,0.0,0.0,0.0,3.0,2.0,0.0,0.0,0.0,1.0,3.0,0.0,1.0,2.0,1.0,0.0,0.0,1.0,2.0,0.0,1.0,2.0,0.0,1.0,0.0,0.0,0.0,0.0,2.0,2.0,2.0,0.0,1.0,1.0,1.0,0.0,1.0,1.0,2.0,3.0,0.0,1.0,4.0,2.0,1.0,2.0,2.0,1.0,0.0,2.0,0.0,0.0,3.0,0.0,1.0,2.0,1.0,0.0,0.0,0.0,1.0,1.0,0.0,0.0,0.0,2.0,4.0,0.0
60,105,2.0,1.0,0.0,0.0,1.0,0.0,2.0,0.0,0.0,0.0,0.0,0.0,1.0,0.0,0.0,0.0,0.0,0.0,0.0,1.0,1.0,0.0,0.0,0.0,0.0,0.0,0.0,0.0,0.0,0.0,0.0,0.0,0.0,0.0,1.0,2.0,2.0,2.0,0.0,1.0,0.0,0.0,0.0,0.0,2.0,0.0,0.0,0.0,0.0,0.0,0.0,0.0,0.0,0.0,0.0,1.0,0.0,0.0,0.0,1.0,1.0,2.0,0.0,0.0,0.0,1.0,0.0,1.0,0.0,0.0,1.0,0.0,0.0,0.0,0.0,0.0,0.0,0.0,0.0,0.0,0.0,0.0,0.0,0.0,1.0,0.0,1.0,0.0,1.0,0.0,2.0,3.0,1.0,0.0,1.0,0.0,1.0,3.0,1.0,1.0,3.0,0.0,1.0,0.0,0.0,0.0,1.0,0.0,4.0,0.0,3.0,5.0,0.0,2.0,2.0,2.0,0.0,0.0,2.0,0.0,1.0,0.0,1.0,2.0,1.0,0.0,1.0,0.0,0.0,0.0,0.0,0.0,0.0,1.0,0.0,0.0,1.0,0.0,1.0,1.0,2.0,1.0,1.0,1.0,0.0,2.0,2.0,1.0,1.0,0.0,6.0,1.0,2.0,0.0,0.0,2.0,1.0,2.0,3.0,1.0,0.0,6.0
60,106,0.0,0.0,2.0,0.0,0.0,0.0,2.0,0.0,0.0,0.0,0.0,0.0,2.0,1.0,0.0,0.0,0.0,0.0,0.0,0.0,0.0,0.0,0.0,0.0,1.0,0.0,0.0,0.0,1.0,0.0,0.0,2.0,1.0,0.0,0.0,1.0,0.0,0.0,0.0,0.0,0.0,0.0,0.0,0.0,0.0,0.0,0.0,0.0,0.0,0.0,1.0,1.0,0.0,1.0,1.0,1.0,0.0,2.0,0.0,1.0,1.0,1.0,2.0,2.0,0.0,1.0,1.0,1.0,3.0,1.0,0.0,0.0,1.0,1.0,1.0,1.0,0.0,2.0,1.0,0.0,0.0,2.0,1.0,5.0,1.0,3.0,3.0,0.0,1.0,0.0,0.0,0.0,0.0,0.0,0.0,0.0,0.0,0.0,0.0,1.0,0.0,1.0,3.0,1.0,0.0,0.0,1.0,0.0,0.0,0.0,0.0,0.0,1.0,1.0,0.0,0.0,1.0,4.0,2.0,1.0,3.0,1.0,0.0,6.0,1.0,2.0,0.0,1.0,4.0,1.0,0.0,0.0,1.0,0.0,0.0,2.0,1.0,0.0,3.0,0.0,3.0,2.0,1.0,1.0,1.0,1.0,0.0,1.0,1.0,0.0,1.0,1.0,0.0,1.0,1.0,1.0,0.0,1.0,1.0,0.0,2.0,2.0
60,109,0.0,0.0,0.0,0.0,0.0,0.0,0.0,0.0,0.0,1.0,0.0,0.0,1.0,0.0,0.0,0.0,3.0,1.0,2.0,0.0,4.0,0.0,2.0,2.0,2.0,3.0,7.0,4.0,5.0,0.0,14.0,10.0,4.0,9.0,9.0,10.0,7.0,3.0,4.0,4.0,2.0,8.0,7.0,6.0,3.0,6.0,1.0,4.0,8.0,4.0,1.0,1.0,2.0,4.0,7.0,8.0,7.0,3.0,3.0,5.0,3.0,1.0,5.0,5.0,3.0,3.0,2.0,6.0,10.0,9.0,7.0,15.0,14.0,6.0,7.0,4.0,7.0,5.0,16.0,6.0,5.0,4.0,4.0,15.0,14.0,2.0,8.0,6.0,5.0,9.0,3.0,5.0,10.0,0.0,11.0,11.0,7.0,1.0,3.0,4.0,6.0,5.0,4.0,4.0,1.0,5.0,9.0,16.0,9.0,2.0,4.0,6.0,5.0,5.0,2.0,3.0,3.0,5.0,2.0,5.0,2.0,6.0,5.0,7.0,4.0,7.0,2.0,2.0,3.0,0.0,0.0,0.0,1.0,2.0,2.0,11.0,6.0,0.0,6.0,3.0,11.0,4.0,4.0,4.0,2.0,5.0,7.0,2.0,1.0,5.0,5.0,3.0,3.0,2.0,6.0,2.0,3.0,6.0,4.0,8.0,13.0,8.0
60,111,0.0,0.0,1.0,1.0,0.0,0.0,0.0,1.0,0.0,0.0,0.0,1.0,1.0,1.0,0.0,0.0,0.0,0.0,0.0,0.0,0.0,0.0,0.0,0.0,1.0,0.0,1.0,1.0,0.0,0.0,0.0,0.0,0.0,0.0,0.0,4.0,6.0,0.0,1.0,1.0,0.0,1.0,0.0,0.0,2.0,0.0,0.0,0.0,1.0,0.0,0.0,0.0,0.0,1.0,0.0,0.0,2.0,0.0,1.0,3.0,1.0,2.0,0.0,1.0,2.0,0.0,0.0,0.0,0.0,0.0,1.0,0.0,0.0,0.0,0.0,0.0,0.0,0.0,0.0,0.0,0.0,0.0,0.0,1.0,1.0,0.0,1.0,0.0,3.0,2.0,0.0,1.0,0.0,0.0,2.0,3.0,1.0,1.0,1.0,2.0,2.0,0.0,0.0,2.0,0.0,1.0,0.0,0.0,1.0,0.0,0.0,2.0,1.0,0.0,0.0,1.0,2.0,0.0,0.0,1.0,1.0,1.0,1.0,0.0,0.0,1.0,1.0,1.0,0.0,0.0,0.0,1.0,0.0,2.0,0.0,2.0,2.0,2.0,2.0,5.0,4.0,1.0,0.0,0.0,0.0,3.0,0.0,0.0,0.0,1.0,0.0,1.0,2.0,0.0,1.0,0.0,0.0,0.0,1.0,2.0,3.0,1.0
60,112,0.0,0.0,0.0,0.0,0.0,0.0,1.0,2.0,1.0,0.0,0.0,0.0,1.0,0.0,2.0,0.0,2.0,0.0,0.0,0.0,0.0,1.0,0.0,0.0,0.0,0.0,1.0,2.0,0.0,0.0,2.0,1.0,0.0,0.0,0.0,0.0,0.0,0.0,0.0,0.0,0.0,0.0,0.0,0.0,0.0,0.0,0.0,0.0,0.0,0.0,0.0,0.0,0.0,0.0,1.0,0.0,0.0,0.0,0.0,0.0,0.0,0.0,1.0,0.0,2.0,0.0,1.0,2.0,0.0,1.0,0.0,2.0,1.0,0.0,0.0,0.0,0.0,0.0,0.0,1.0,1.0,2.0,0.0,2.0,0.0,2.0,2.0,2.0,8.0,0.0,0.0,0.0,0.0,2.0,2.0,1.0,1.0,0.0,1.0,1.0,1.0,0.0,0.0,2.0,0.0,0.0,1.0,0.0,2.0,3.0,0.0,1.0,3.0,0.0,1.0,1.0,0.0,1.0,1.0,1.0,1.0,0.0,1.0,0.0,1.0,0.0,1.0,0.0,1.0,1.0,4.0,0.0,0.0,0.0,0.0,1.0,0.0,1.0,1.0,1.0,4.0,1.0,2.0,1.0,1.0,1.0,0.0,0.0,0.0,0.0,0.0,1.0,1.0,3.0,0.0,1.0,0.0,1.0,0.0,2.0,4.0,1.0
60,114,0.0,0.0,0.0,0.0,0.0,0.0,0.0,0.0,0.0,0.0,0.0,0.0,0.0,0.0,0.0,0.0,0.0,0.0,1.0,0.0,1.0,0.0,0.0,0.0,2.0,1.0,0.0,3.0,0.0,0.0,1.0,0.0,1.0,1.0,2.0,0.0,0.0,0.0,0.0,0.0,0.0,0.0,0.0,0.0,0.0,0.0,0.0,0.0,0.0,0.0,0.0,0.0,0.0,0.0,2.0,4.0,0.0,2.0,0.0,0.0,0.0,0.0,2.0,1.0,0.0,0.0,2.0,0.0,1.0,0.0,1.0,1.0,0.0,0.0,0.0,0.0,1.0,2.0,0.0,1.0,0.0,0.0,3.0,5.0,3.0,2.0,6.0,5.0,4.0,0.0,0.0,0.0,0.0,0.0,2.0,1.0,1.0,2.0,1.0,0.0,5.0,3.0,2.0,2.0,0.0,2.0,5.0,1.0,2.0,4.0,1.0,2.0,0.0,1.0,0.0,1.0,1.0,0.0,1.0,1.0,3.0,2.0,0.0,2.0,2.0,0.0,2.0,0.0,2.0,0.0,1.0,1.0,1.0,3.0,0.0,0.0,3.0,2.0,1.0,4.0,17.0,4.0,2.0,2.0,5.0,1.0,0.0,2.0,3.0,0.0,2.0,1.0,1.0,1.0,4.0,0.0,0.0,0.0,1.0,3.0,2.0,0.0
60,116,0.0,0.0,0.0,0.0,1.0,4.0,0.0,0.0,0.0,0.0,0.0,1.0,0.0,0.0,0.0,0.0,0.0,0.0,1.0,0.0,0.0,0.0,0.0,0.0,0.0,0.0,0.0,0.0,0.0,0.0,0.0,0.0,0.0,0.0,0.0,0.0,0.0,0.0,0.0,0.0,0.0,0.0,0.0,0.0,0.0,0.0,0.0,0.0,0.0,0.0,0.0,4.0,0.0,1.0,0.0,0.0,1.0,1.0,0.0,2.0,0.0,0.0,0.0,0.0,1.0,0.0,0.0,0.0,1.0,1.0,0.0,0.0,3.0,0.0,0.0,0.0,0.0,2.0,3.0,2.0,1.0,0.0,0.0,0.0,0.0,1.0,0.0,1.0,0.0,0.0,0.0,0.0,0.0,1.0,0.0,0.0,0.0,0.0,2.0,1.0,0.0,0.0,0.0,0.0,0.0,0.0,0.0,3.0,2.0,6.0,10.0,4.0,3.0,3.0,3.0,0.0,0.0,2.0,3.0,0.0,0.0,4.0,3.0,0.0,1.0,1.0,3.0,2.0,1.0,0.0,0.0,0.0,0.0,3.0,2.0,10.0,1.0,1.0,0.0,0.0,0.0,1.0,0.0,1.0,1.0,0.0,0.0,1.0,1.0,1.0,0.0,3.0,0.0,1.0,0.0,0.0,0.0,0.0,0.0,0.0,1.0,2.0
60,121,0.0,1.0,0.0,2.0,0.0,0.0,0.0,0.0,0.0,1.0,0.0,0.0,0.0,0.0,0.0,0.0,0.0,0.0,0.0,0.0,0.0,0.0,0.0,0.0,0.0,0.0,1.0,0.0,0.0,0.0,5.0,3.0,0.0,0.0,2.0,3.0,3.0,1.0,2.0,0.0,2.0,2.0,0.0,1.0,1.0,0.0,0.0,1.0,0.0,2.0,1.0,0.0,0.0,1.0,0.0,1.0,1.0,1.0,0.0,3.0,1.0,0.0,2.0,1.0,0.0,1.0,1.0,0.0,1.0,0.0,0.0,1.0,0.0,0.0,2.0,1.0,1.0,1.0,1.0,1.0,1.0,0.0,1.0,3.0,3.0,0.0,3.0,2.0,10.0,1.0,2.0,2.0,0.0,0.0,0.0,2.0,2.0,0.0,1.0,1.0,4.0,2.0,0.0,0.0,0.0,0.0,0.0,2.0,2.0,0.0,1.0,1.0,0.0,0.0,0.0,0.0,1.0,1.0,1.0,0.0,1.0,0.0,0.0,0.0,0.0,0.0,0.0,1.0,1.0,1.0,0.0,0.0,2.0,0.0,1.0,0.0,0.0,1.0,3.0,3.0,2.0,3.0,0.0,0.0,0.0,3.0,1.0,1.0,0.0,0.0,1.0,0.0,1.0,1.0,0.0,0.0,0.0,0.0,1.0,1.0,2.0,0.0
60,122,1.0,1.0,1.0,2.0,2.0,2.0,1.0,1.0,0.0,1.0,0.0,0.0,0.0,1.0,2.0,1.0,0.0,0.0,0.0,0.0,0.0,0.0,3.0,3.0,2.0,0.0,1.0,0.0,1.0,1.0,2.0,2.0,0.0,0.0,2.0,1.0,4.0,1.0,0.0,1.0,1.0,1.0,0.0,2.0,1.0,1.0,2.0,1.0,0.0,0.0,0.0,0.0,1.0,2.0,2.0,1.0,2.0,1.0,0.0,1.0,1.0,1.0,0.0,1.0,0.0,1.0,0.0,0.0,0.0,2.0,0.0,2.0,1.0,0.0,0.0,0.0,0.0,0.0,0.0,0.0,0.0,0.0,1.0,4.0,2.0,0.0,1.0,2.0,7.0,1.0,1.0,0.0,1.0,0.0,1.0,1.0,1.0,1.0,1.0,2.0,0.0,0.0,2.0,0.0,0.0,0.0,0.0,1.0,0.0,2.0,0.0,1.0,0.0,1.0,0.0,0.0,0.0,1.0,0.0,0.0,0.0,1.0,0.0,0.0,1.0,0.0,0.0,1.0,0.0,0.0,0.0,0.0,0.0,0.0,0.0,1.0,1.0,0.0,2.0,1.0,5.0,2.0,1.0,1.0,0.0,0.0,0.0,1.0,0.0,1.0,0.0,1.0,1.0,0.0,1.0,0.0,0.0,1.0,0.0,2.0,0.0,1.0
60,124,3.0,2.0,2.0,1.0,4.0,1.0,0.0,2.0,2.0,1.0,4.0,0.0,2.0,4.0,8.0,7.0,7.0,0.0,2.0,1.0,8.0,7.0,5.0,12.0,9.0,3.0,2.0,3.0,4.0,9.0,20.0,10.0,3.0,4.0,2.0,9.0,9.0,6.0,3.0,3.0,7.0,1.0,4.0,4.0,8.0,3.0,3.0,6.0,6.0,3.0,6.0,8.0,6.0,3.0,9.0,13.0,6.0,6.0,7.0,1.0,2.0,7.0,9.0,0.0,1.0,4.0,6.0,4.0,7.0,4.0,4.0,6.0,3.0,6.0,4.0,1.0,5.0,3.0,4.0,2.0,5.0,4.0,1.0,5.0,16.0,3.0,9.0,10.0,5.0,8.0,3.0,12.0,2.0,3.0,3.0,4.0,3.0,4.0,8.0,8.0,7.0,5.0,2.0,4.0,3.0,3.0,4.0,4.0,9.0,8.0,3.0,7.0,3.0,3.0,5.0,5.0,4.0,8.0,6.0,6.0,7.0,3.0,5.0,8.0,3.0,7.0,5.0,6.0,6.0,9.0,5.0,9.0,6.0,5.0,5.0,49.0,10.0,11.0,8.0,11.0,9.0,8.0,3.0,6.0,11.0,9.0,13.0,4.0,8.0,6.0,4.0,9.0,5.0,4.0,1.0,5.0,3.0,4.0,9.0,8.0,3.0,8.0
60,125,51.0,49.0,64.0,89.0,39.0,35.0,49.0,58.0,42.0,46.0,59.0,64.0,90.0,38.0,76.0,128.0,86.0,60.0,78.0,55.0,76.0,106.0,63.0,82.0,148.0,118.0,120.0,72.0,101.0,99.0,290.0,181.0,89.0,99.0,120.0,197.0,188.0,34.0,55.0,76.0,84.0,79.0,97.0,84.0,85.0,91.0,78.0,96.0,76.0,89.0,70.0,90.0,71.0,94.0,85.0,135.0,95.0,70.0,86.0,113.0,107.0,109.0,68.0,58.0,64.0,76.0,88.0,86.0,97.0,99.0,77.0,69.0,92.0,89.0,79.0,60.0,80.0,68.0,102.0,85.0,76.0,76.0,72.0,283.0,145.0,78.0,95.0,124.0,64.0,51.0,62.0,48.0,72.0,71.0,94.0,66.0,65.0,76.0,77.0,75.0,72.0,78.0,73.0,60.0,65.0,73.0,88.0,125.0,128.0,72.0,65.0,63.0,74.0,83.0,54.0,63.0,61.0,89.0,75.0,63.0,49.0,66.0,89.0,82.0,83.0,71.0,50.0,94.0,86.0,83.0,78.0,66.0,70.0,80.0,73.0,249.0,121.0,79.0,86.0,98.0,178.0,65.0,66.0,67.0,79.0,57.0,64.0,66.0,70.0,54.0,74.0,70.0,51.0,62.0,58.0,64.0,61.0,79.0,75.0,90.0,103.0,69.0
60,126,4.0,0.0,8.0,5.0,4.0,3.0,3.0,4.0,3.0,7.0,7.0,1.0,13.0,30.0,10.0,18.0,10.0,7.0,7.0,5.0,132.0,28.0,11.0,29.0,33.0,32.0,32.0,23.0,43.0,68.0,105.0,49.0,27.0,56.0,43.0,77.0,98.0,0.0,13.0,21.0,39.0,38.0,46.0,39.0,36.0,28.0,23.0,32.0,22.0,23.0,11.0,19.0,40.0,10.0,9.0,21.0,14.0,27.0,7.0,21.0,16.0,37.0,25.0,14.0,10.0,6.0,10.0,3.0,17.0,12.0,6.0,7.0,32.0,28.0,23.0,21.0,20.0,48.0,10.0,19.0,8.0,5.0,7.0,28.0,17.0,2.0,44.0,25.0,44.0,32.0,28.0,6.0,4.0,15.0,21.0,18.0,19.0,15.0,17.0,18.0,11.0,41.0,26.0,2.0,16.0,28.0,21.0,27.0,32.0,15.0,22.0,23.0,28.0,26.0,14.0,15.0,27.0,13.0,28.0,28.0,4.0,13.0,13.0,20.0,20.0,22.0,8.0,26.0,27.0,18.0,11.0,8.0,11.0,9.0,8.0,3.0,0.0,8.0,14.0,20.0,36.0,5.0,43.0,13.0,10.0,4.0,4.0,4.0,9.0,5.0,3.0,9.0,6.0,10.0,4.0,4.0,2.0,7.0,4.0,4.0,2.0,2.0
60,128,0.0,2.0,2.0,0.0,0.0,1.0,1.0,3.0,0.0,4.0,0.0,6.0,0.0,0.0,0.0,0.0,0.0,0.0,0.0,0.0,0.0,0.0,0.0,0.0,0.0,1.0,0.0,0.0,0.0,0.0,3.0,0.0,2.0,1.0,1.0,2.0,1.0,0.0,0.0,3.0,0.0,0.0,1.0,0.0,2.0,2.0,1.0,0.0,1.0,1.0,0.0,0.0,2.0,0.0,0.0,0.0,0.0,2.0,0.0,1.0,0.0,0.0,0.0,1.0,1.0,0.0,1.0,1.0,1.0,2.0,1.0,4.0,0.0,2.0,2.0,0.0,0.0,0.0,1.0,0.0,0.0,0.0,3.0,1.0,3.0,2.0,3.0,0.0,2.0,1.0,0.0,0.0,0.0,0.0,1.0,1.0,0.0,1.0,0.0,0.0,1.0,0.0,1.0,2.0,1.0,1.0,0.0,1.0,4.0,1.0,0.0,1.0,0.0,4.0,0.0,0.0,0.0,0.0,0.0,0.0,0.0,0.0,0.0,0.0,0.0,3.0,1.0,0.0,1.0,0.0,2.0,1.0,1.0,2.0,2.0,0.0,4.0,1.0,2.0,5.0,4.0,2.0,0.0,0.0,1.0,0.0,5.0,3.0,3.0,1.0,1.0,1.0,1.0,0.0,1.0,1.0,0.0,1.0,2.0,3.0,1.0,0.0
60,153,1.0,2.0,0.0,2.0,0.0,0.0,2.0,0.0,1.0,0.0,0.0,0.0,1.0,1.0,1.0,0.0,0.0,1.0,1.0,0.0,0.0,0.0,0.0,0.0,1.0,0.0,0.0,1.0,0.0,0.0,0.0,0.0,0.0,0.0,1.0,1.0,2.0,1.0,0.0,2.0,0.0,0.0,1.0,1.0,1.0,0.0,1.0,0.0,0.0,0.0,0.0,0.0,2.0,2.0,0.0,0.0,2.0,2.0,1.0,1.0,0.0,0.0,1.0,0.0,0.0,2.0,0.0,0.0,1.0,0.0,0.0,1.0,1.0,1.0,0.0,0.0,1.0,1.0,1.0,0.0,1.0,2.0,1.0,4.0,3.0,0.0,0.0,2.0,1.0,0.0,0.0,0.0,0.0,1.0,1.0,1.0,1.0,1.0,1.0,1.0,2.0,0.0,2.0,1.0,2.0,2.0,3.0,1.0,0.0,0.0,1.0,1.0,0.0,1.0,0.0,0.0,2.0,0.0,0.0,1.0,0.0,0.0,1.0,1.0,0.0,1.0,0.0,0.0,2.0,0.0,1.0,0.0,0.0,0.0,0.0,5.0,1.0,2.0,4.0,3.0,2.0,3.0,1.0,0.0,0.0,0.0,1.0,1.0,1.0,2.0,1.0,2.0,0.0,0.0,0.0,0.0,0.0,0.0,0.0,2.0,2.0,1.0
60,154,0.0,1.0,1.0,1.0,0.0,0.0,0.0,1.0,0.0,0.0,0.0,2.0,0.0,0.0,0.0,0.0,1.0,0.0,0.0,0.0,2.0,1.0,1.0,1.0,0.0,0.0,1.0,0.0,2.0,2.0,1.0,0.0,0.0,2.0,0.0,0.0,2.0,0.0,1.0,0.0,1.0,0.0,2.0,1.0,1.0,0.0,0.0,2.0,1.0,2.0,1.0,3.0,0.0,4.0,0.0,2.0,1.0,1.0,2.0,4.0,0.0,1.0,1.0,1.0,0.0,2.0,5.0,3.0,0.0,2.0,2.0,1.0,0.0,1.0,1.0,1.0,1.0,2.0,0.0,0.0,2.0,1.0,4.0,5.0,3.0,3.0,3.0,2.0,2.0,0.0,1.0,0.0,0.0,0.0,4.0,2.0,1.0,2.0,2.0,3.0,4.0,0.0,2.0,3.0,2.0,2.0,2.0,2.0,4.0,1.0,0.0,2.0,1.0,3.0,2.0,5.0,3.0,4.0,1.0,1.0,0.0,1.0,4.0,1.0,1.0,0.0,2.0,1.0,4.0,1.0,1.0,2.0,2.0,1.0,1.0,5.0,4.0,2.0,9.0,5.0,4.0,9.0,0.0,0.0,3.0,0.0,0.0,3.0,2.0,1.0,2.0,1.0,2.0,2.0,0.0,3.0,1.0,3.0,1.0,2.0,11.0,3.0
60,156,0.0,0.0,0.0,0.0,0.0,0.0,0.0,0.0,0.0,0.0,0.0,0.0,0.0,0.0,0.0,0.0,0.0,0.0,0.0,0.0,0.0,0.0,0.0,0.0,0.0,0.0,2.0,0.0,0.0,1.0,0.0,0.0,0.0,1.0,1.0,3.0,2.0,1.0,0.0,1.0,0.0,0.0,0.0,0.0,0.0,0.0,0.0,0.0,2.0,1.0,0.0,1.0,0.0,0.0,0.0,0.0,0.0,0.0,4.0,2.0,0.0,1.0,0.0,1.0,1.0,2.0,0.0,0.0,2.0,2.0,0.0,0.0,0.0,1.0,0.0,0.0,0.0,0.0,3.0,2.0,0.0,0.0,0.0,1.0,0.0,0.0,0.0,0.0,0.0,1.0,0.0,1.0,0.0,1.0,2.0,0.0,0.0,0.0,0.0,0.0,0.0,0.0,0.0,0.0,1.0,0.0,1.0,5.0,0.0,0.0,0.0,0.0,0.0,0.0,0.0,0.0,4.0,14.0,0.0,3.0,2.0,2.0,1.0,1.0,1.0,1.0,3.0,2.0,0.0,1.0,0.0,2.0,1.0,4.0,1.0,1.0,0.0,1.0,0.0,2.0,4.0,0.0,1.0,1.0,5.0,0.0,1.0,3.0,2.0,4.0,1.0,0.0,0.0,0.0,0.0,2.0,1.0,1.0,3.0,2.0,5.0,6.0
60,163,0.0,0.0,0.0,1.0,1.0,1.0,0.0,1.0,0.0,0.0,1.0,0.0,0.0,0.0,1.0,0.0,0.0,0.0,1.0,0.0,0.0,1.0,0.0,1.0,0.0,0.0,1.0,0.0,0.0,0.0,2.0,0.0,0.0,1.0,1.0,1.0,2.0,0.0,0.0,1.0,0.0,0.0,0.0,0.0,0.0,0.0,0.0,0.0,0.0,2.0,0.0,0.0,0.0,1.0,0.0,2.0,0.0,1.0,1.0,0.0,2.0,1.0,1.0,0.0,0.0,2.0,1.0,1.0,0.0,0.0,1.0,2.0,0.0,0.0,0.0,1.0,1.0,0.0,1.0,0.0,0.0,0.0,0.0,0.0,0.0,1.0,0.0,1.0,0.0,1.0,0.0,1.0,1.0,1.0,1.0,2.0,1.0,1.0,1.0,1.0,0.0,1.0,0.0,0.0,0.0,0.0,1.0,0.0,1.0,0.0,1.0,1.0,0.0,1.0,0.0,0.0,1.0,1.0,0.0,0.0,0.0,0.0,2.0,0.0,0.0,1.0,0.0,2.0,0.0,0.0,0.0,1.0,0.0,0.0,1.0,0.0,1.0,0.0,0.0,1.0,3.0,1.0,1.0,0.0,0.0,0.0,0.0,1.0,0.0,1.0,0.0,1.0,0.0,0.0,0.0,1.0,2.0,0.0,0.0,1.0,0.0,1.0
60,164,0.0,0.0,1.0,1.0,2.0,0.0,1.0,1.0,1.0,2.0,2.0,1.0,1.0,0.0,0.0,0.0,0.0,0.0,0.0,0.0,1.0,2.0,1.0,1.0,3.0,3.0,2.0,4.0,1.0,2.0,1.0,0.0,1.0,2.0,0.0,2.0,2.0,2.0,1.0,0.0,1.0,0.0,0.0,0.0,0.0,1.0,1.0,1.0,0.0,1.0,0.0,1.0,0.0,1.0,0.0,1.0,4.0,0.0,1.0,2.0,2.0,2.0,1.0,0.0,1.0,1.0,3.0,4.0,0.0,8.0,3.0,1.0,1.0,0.0,1.0,0.0,2.0,0.0,2.0,2.0,4.0,1.0,1.0,1.0,1.0,0.0,5.0,3.0,2.0,1.0,0.0,3.0,2.0,0.0,0.0,0.0,0.0,3.0,2.0,3.0,0.0,3.0,2.0,3.0,0.0,1.0,0.0,1.0,1.0,0.0,2.0,2.0,1.0,5.0,4.0,3.0,0.0,0.0,0.0,0.0,0.0,0.0,0.0,0.0,0.0,0.0,0.0,0.0,0.0,0.0,0.0,0.0,2.0,1.0,2.0,4.0,1.0,0.0,2.0,0.0,3.0,5.0,1.0,1.0,1.0,1.0,2.0,1.0,1.0,1.0,0.0,1.0,1.0,0.0,1.0,2.0,3.0,0.0,5.0,1.0,2.0,1.0
60,165,0.0,0.0,1.0,1.0,2.0,1.0,0.0,1.0,1.0,0.0,1.0,1.0,0.0,2.0,0.0,0.0,0.0,0.0,0.0,0.0,0.0,2.0,0.0,0.0,1.0,1.0,1.0,0.0,0.0,0.0,1.0,0.0,0.0,3.0,0.0,0.0,0.0,0.0,2.0,0.0,0.0,0.0,1.0,0.0,1.0,2.0,1.0,0.0,0.0,0.0,1.0,0.0,0.0,1.0,1.0,2.0,0.0,0.0,0.0,0.0,1.0,1.0,2.0,0.0,0.0,1.0,1.0,0.0,0.0,1.0,2.0,1.0,2.0,1.0,0.0,0.0,0.0,0.0,0.0,1.0,0.0,0.0,0.0,1.0,0.0,0.0,0.0,1.0,2.0,1.0,0.0,2.0,1.0,1.0,0.0,1.0,1.0,0.0,1.0,1.0,0.0,2.0,1.0,0.0,1.0,0.0,0.0,2.0,1.0,0.0,1.0,1.0,1.0,0.0,1.0,0.0,1.0,1.0,0.0,1.0,1.0,0.0,2.0,0.0,0.0,2.0,0.0,0.0,0.0,0.0,0.0,0.0,0.0,1.0,0.0,2.0,0.0,0.0,0.0,1.0,1.0,1.0,0.0,1.0,0.0,1.0,0.0,2.0,0.0,0.0,0.0,0.0,0.0,0.0,0.0,1.0,1.0,0.0,0.0,0.0,1.0,0.0
60,166,0.0,1.0,0.0,2.0,1.0,1.0,0.0,0.0,2.0,1.0,1.0,1.0,2.0,2.0,0.0,0.0,0.0,0.0,0.0,0.0,0.0,1.0,1.0,0.0,1.0,0.0,2.0,1.0,2.0,1.0,0.0,0.0,0.0,2.0,1.0,0.0,1.0,4.0,0.0,1.0,0.0,1.0,1.0,0.0,0.0,0.0,0.0,1.0,0.0,1.0,1.0,0.0,2.0,1.0,0.0,1.0,3.0,1.0,2.0,1.0,3.0,0.0,1.0,1.0,1.0,2.0,1.0,0.0,1.0,3.0,1.0,3.0,1.0,0.0,0.0,1.0,1.0,0.0,1.0,1.0,0.0,0.0,0.0,0.0,0.0,0.0,0.0,1.0,4.0,0.0,0.0,1.0,0.0,1.0,0.0,0.0,1.0,1.0,2.0,1.0,2.0,1.0,0.0,3.0,0.0,0.0,0.0,1.0,3.0,1.0,1.0,0.0,0.0,1.0,1.0,1.0,0.0,0.0,0.0,0.0,1.0,0.0,3.0,1.0,1.0,0.0,0.0,0.0,0.0,0.0,0.0,0.0,1.0,0.0,0.0,0.0,1.0,0.0,0.0,1.0,0.0,1.0,1.0,0.0,0.0,0.0,0.0,0.0,0.0,1.0,0.0,1.0,0.0,1.0,0.0,2.0,1.0,2.0,1.0,0.0,0.0,2.0
60,167,0.0,0.0,0.0,1.0,2.0,0.0,0.0,0.0,0.0,0.0,1.0,0.0,0.0,1.0,1.0,0.0,0.0,0.0,0.0,0.0,1.0,1.0,1.0,1.0,0.0,1.0,0.0,3.0,3.0,0.0,0.0,0.0,1.0,0.0,2.0,1.0,0.0,0.0,1.0,2.0,0.0,0.0,0.0,0.0,0.0,1.0,0.0,1.0,0.0,0.0,3.0,0.0,0.0,0.0,2.0,1.0,0.0,0.0,0.0,1.0,1.0,0.0,2.0,4.0,1.0,5.0,1.0,0.0,0.0,0.0,1.0,4.0,0.0,1.0,0.0,0.0,2.0,1.0,0.0,0.0,0.0,1.0,0.0,3.0,3.0,0.0,0.0,1.0,2.0,2.0,1.0,1.0,1.0,1.0,0.0,0.0,3.0,3.0,0.0,2.0,1.0,1.0,3.0,0.0,4.0,0.0,2.0,0.0,0.0,0.0,0.0,2.0,1.0,0.0,0.0,2.0,0.0,2.0,1.0,2.0,0.0,0.0,5.0,2.0,0.0,3.0,0.0,0.0,0.0,0.0,0.0,0.0,1.0,1.0,0.0,1.0,0.0,0.0,1.0,1.0,1.0,0.0,1.0,1.0,0.0,0.0,0.0,0.0,2.0,0.0,0.0,0.0,0.0,1.0,0.0,2.0,0.0,1.0,1.0,1.0,3.0,2.0
60,168,0.0,1.0,0.0,2.0,1.0,2.0,0.0,0.0,2.0,2.0,1.0,0.0,0.0,0.0,3.0,0.0,1.0,0.0,0.0,0.0,0.0,0.0,1.0,1.0,0.0,1.0,1.0,5.0,0.0,0.0,0.0,2.0,0.0,0.0,0.0,0.0,3.0,1.0,0.0,1.0,0.0,0.0,0.0,0.0,0.0,0.0,0.0,3.0,1.0,2.0,1.0,1.0,1.0,1.0,0.0,1.0,3.0,1.0,2.0,1.0,1.0,0.0,1.0,1.0,0.0,1.0,0.0,3.0,0.0,2.0,0.0,3.0,0.0,1.0,3.0,0.0,2.0,0.0,0.0,0.0,0.0,1.0,0.0,2.0,2.0,2.0,1.0,1.0,2.0,0.0,1.0,2.0,4.0,1.0,0.0,0.0,1.0,1.0,0.0,2.0,1.0,2.0,1.0,1.0,1.0,0.0,1.0,2.0,1.0,0.0,1.0,1.0,0.0,0.0,0.0,1.0,2.0,2.0,0.0,0.0,0.0,1.0,1.0,0.0,0.0,1.0,0.0,2.0,1.0,3.0,0.0,3.0,2.0,2.0,1.0,1.0,0.0,0.0,0.0,1.0,0.0,0.0,1.0,1.0,1.0,0.0,1.0,0.0,1.0,0.0,0.0,1.0,1.0,0.0,0.0,2.0,0.0,0.0,0.0,0.0,0.0,3.0
60,169,0.0,1.0,0.0,2.0,0.0,3.0,0.0,0.0,2.0,0.0,0.0,0.0,1.0,0.0,0.0,0.0,0.0,0.0,0.0,0.0,0.0,0.0,0.0,1.0,1.0,2.0,5.0,0.0,0.0,0.0,0.0,2.0,1.0,0.0,1.0,4.0,1.0,0.0,0.0,2.0,0.0,0.0,0.0,0.0,0.0,0.0,0.0,0.0,0.0,2.0,2.0,1.0,2.0,5.0,1.0,2.0,1.0,1.0,3.0,0.0,0.0,0.0,0.0,0.0,0.0,4.0,1.0,0.0,0.0,4.0,1.0,5.0,1.0,0.0,1.0,1.0,1.0,0.0,1.0,0.0,0.0,0.0,1.0,1.0,2.0,1.0,0.0,1.0,2.0,3.0,1.0,0.0,2.0,1.0,1.0,1.0,4.0,2.0,0.0,1.0,0.0,2.0,2.0,3.0,3.0,1.0,0.0,3.0,1.0,0.0,1.0,1.0,2.0,0.0,0.0,1.0,2.0,1.0,2.0,4.0,1.0,2.0,1.0,1.0,1.0,1.0,1.0,0.0,0.0,0.0,0.0,2.0,0.0,1.0,0.0,2.0,1.0,1.0,1.0,2.0,1.0,2.0,0.0,1.0,1.0,1.0,0.0,0.0,1.0,1.0,2.0,0.0,1.0,1.0,2.0,1.0,1.0,0.0,1.0,2.0,3.0,1.0
60,170,0.0,2.0,1.0,0.0,0.0,2.0,1.0,0.0,0.0,0.0,0.0,0.0,0.0,0.0,0.0,0.0,0.0,0.0,0.0,0.0,0.0,0.0,0.0,0.0,0.0,0.0,0.0,0.0,0.0,0.0,0.0,0.0,2.0,1.0,0.0,0.0,2.0,3.0,1.0,1.0,1.0,0.0,1.0,1.0,0.0,2.0,0.0,1.0,0.0,0.0,0.0,1.0,0.0,0.0,2.0,2.0,1.0,2.0,2.0,1.0,0.0,0.0,0.0,1.0,0.0,2.0,4.0,4.0,0.0,2.0,2.0,4.0,4.0,1.0,2.0,0.0,2.0,2.0,0.0,1.0,2.0,3.0,1.0,6.0,1.0,0.0,3.0,1.0,5.0,0.0,1.0,1.0,2.0,0.0,0.0,0.0,1.0,0.0,1.0,1.0,1.0,0.0,1.0,0.0,1.0,0.0,1.0,1.0,3.0,1.0,1.0,4.0,1.0,1.0,0.0,0.0,1.0,3.0,0.0,2.0,0.0,1.0,1.0,0.0,1.0,1.0,1.0,1.0,0.0,1.0,1.0,0.0,1.0,0.0,0.0,4.0,2.0,0.0,1.0,2.0,5.0,0.0,1.0,1.0,0.0,0.0,2.0,0.0,1.0,0.0,0.0,0.0,0.0,3.0,0.0,6.0,2.0,0.0,2.0,1.0,3.0,1.0
60,172,0.0,1.0,1.0,1.0,0.0,2.0,0.0,2.0,1.0,0.0,0.0,0.0,0.0,1.0,0.0,0.0,1.0,0.0,0.0,0.0,1.0,1.0,1.0,2.0,0.0,1.0,4.0,0.0,1.0,0.0,1.0,0.0,2.0,2.0,0.0,0.0,2.0,2.0,2.0,1.0,0.0,0.0,1.0,0.0,0.0,0.0,0.0,1.0,3.0,0.0,1.0,0.0,1.0,0.0,0.0,1.0,1.0,2.0,1.0,1.0,0.0,0.0,2.0,0.0,0.0,2.0,2.0,2.0,1.0,0.0,1.0,2.0,2.0,1.0,1.0,2.0,3.0,2.0,1.0,1.0,0.0,1.0,0.0,1.0,3.0,1.0,1.0,0.0,10.0,3.0,0.0,0.0,0.0,0.0,0.0,0.0,3.0,0.0,0.0,0.0,3.0,0.0,1.0,1.0,1.0,1.0,1.0,2.0,1.0,2.0,1.0,0.0,0.0,2.0,0.0,2.0,1.0,1.0,2.0,1.0,0.0,0.0,0.0,1.0,2.0,0.0,0.0,1.0,2.0,0.0,0.0,0.0,0.0,0.0,1.0,2.0,1.0,0.0,0.0,1.0,1.0,1.0,1.0,0.0,0.0,0.0,1.0,0.0,1.0,3.0,1.0,2.0,1.0,1.0,0.0,3.0,0.0,1.0,0.0,1.0,0.0,1.0
60,174,0.0,1.0,1.0,0.0,1.0,3.0,0.0,2.0,4.0,1.0,0.0,1.0,0.0,0.0,2.0,0.0,0.0,0.0,0.0,1.0,0.0,0.0,3.0,0.0,5.0,0.0,1.0,0.0,2.0,1.0,1.0,0.0,0.0,0.0,0.0,5.0,1.0,1.0,0.0,1.0,0.0,0.0,0.0,0.0,0.0,0.0,1.0,1.0,1.0,1.0,1.0,1.0,2.0,1.0,0.0,1.0,3.0,0.0,3.0,2.0,0.0,0.0,0.0,4.0,0.0,3.0,4.0,2.0,2.0,4.0,2.0,1.0,0.0,3.0,0.0,1.0,3.0,2.0,2.0,1.0,1.0,1.0,1.0,4.0,1.0,1.0,0.0,1.0,2.0,1.0,3.0,3.0,3.0,2.0,0.0,0.0,2.0,1.0,2.0,5.0,3.0,0.0,1.0,0.0,2.0,2.0,1.0,3.0,2.0,2.0,1.0,2.0,2.0,2.0,1.0,0.0,0.0,4.0,1.0,2.0,2.0,2.0,0.0,0.0,0.0,0.0,4.0,5.0,1.0,5.0,0.0,1.0,0.0,0.0,1.0,2.0,1.0,1.0,1.0,1.0,2.0,3.0,1.0,0.0,2.0,0.0,1.0,0.0,2.0,1.0,0.0,2.0,0.0,1.0,1.0,9.0,3.0,2.0,1.0,3.0,1.0,5.0
60,175,0.0,0.0,2.0,1.0,0.0,2.0,1.0,0.0,1.0,1.0,0.0,2.0,1.0,1.0,0.0,0.0,1.0,0.0,0.0,0.0,1.0,0.0,2.0,3.0,1.0,6.0,1.0,2.0,4.0,2.0,2.0,3.0,3.0,0.0,2.0,3.0,2.0,1.0,0.0,0.0,0.0,0.0,0.0,0.0,0.0,0.0,0.0,0.0,1.0,3.0,1.0,1.0,0.0,1.0,2.0,2.0,1.0,2.0,0.0,0.0,0.0,0.0,3.0,1.0,1.0,2.0,2.0,3.0,1.0,1.0,1.0,3.0,3.0,0.0,2.0,2.0,2.0,1.0,3.0,1.0,1.0,0.0,0.0,6.0,2.0,2.0,2.0,1.0,2.0,2.0,0.0,2.0,2.0,0.0,0.0,0.0,2.0,2.0,0.0,2.0,5.0,3.0,0.0,1.0,1.0,1.0,0.0,1.0,1.0,0.0,1.0,0.0,2.0,1.0,0.0,1.0,2.0,2.0,1.0,0.0,2.0,1.0,2.0,0.0,0.0,2.0,0.0,0.0,1.0,2.0,1.0,1.0,0.0,0.0,0.0,1.0,0.0,2.0,1.0,1.0,2.0,0.0,2.0,1.0,3.0,1.0,2.0,1.0,0.0,1.0,0.0,0.0,1.0,1.0,0.0,0.0,2.0,1.0,0.0,1.0,1.0,2.0
60,176,0.0,0.0,2.0,1.0,1.0,2.0,2.0,1.0,1.0,1.0,2.0,0.0,1.0,0.0,0.0,0.0,0.0,0.0,0.0,0.0,1.0,1.0,2.0,1.0,1.0,5.0,3.0,3.0,2.0,0.0,2.0,1.0,3.0,1.0,2.0,4.0,1.0,0.0,0.0,0.0,0.0,0.0,0.0,0.0,0.0,2.0,0.0,0.0,0.0,3.0,2.0,2.0,1.0,2.0,0.0,3.0,3.0,1.0,1.0,3.0,1.0,3.0,2.0,1.0,2.0,3.0,3.0,3.0,1.0,2.0,2.0,4.0,2.0,3.0,3.0,0.0,2.0,1.0,2.0,1.0,1.0,0.0,1.0,5.0,7.0,1.0,2.0,1.0,7.0,1.0,0.0,6.0,1.0,2.0,0.0,0.0,2.0,5.0,0.0,2.0,2.0,1.0,1.0,1.0,1.0,0.0,1.0,4.0,3.0,0.0,1.0,2.0,2.0,5.0,4.0,2.0,1.0,0.0,2.0,3.0,1.0,1.0,3.0,1.0,1.0,1.0,1.0,1.0,1.0,3.0,0.0,2.0,1.0,2.0,1.0,4.0,0.0,1.0,2.0,4.0,2.0,2.0,3.0,2.0,0.0,1.0,3.0,1.0,0.0,2.0,0.0,1.0,1.0,0.0,1.0,4.0,0.0,2.0,1.0,2.0,1.0,0.0
60,180,0.0,0.0,0.0,0.0,0.0,0.0,0.0,0.0,0.0,0.0,0.0,0.0,0.0,0.0,0.0,0.0,0.0,0.0,0.0,0.0,0.0,0.0,0.0,0.0,0.0,0.0,0.0,0.0,0.0,0.0,0.0,0.0,0.0,0.0,0.0,0.0,0.0,0.0,0.0,0.0,0.0,0.0,0.0,0.0,0.0,0.0,0.0,0.0,0.0,0.0,0.0,0.0,1.0,0.0,0.0,0.0,1.0,0.0,0.0,1.0,1.0,0.0,0.0,0.0,0.0,0.0,0.0,0.0,0.0,0.0,0.0,0.0,0.0,0.0,0.0,0.0,0.0,0.0,2.0,0.0,0.0,2.0,0.0,2.0,0.0,0.0,1.0,1.0,2.0,0.0,0.0,1.0,0.0,0.0,0.0,1.0,1.0,0.0,1.0,0.0,0.0,0.0,0.0,1.0,0.0,0.0,0.0,0.0,3.0,0.0,1.0,0.0,0.0,0.0,1.0,1.0,0.0,1.0,1.0,2.0,7.0,0.0,0.0,0.0,0.0,1.0,0.0,0.0,0.0,1.0,0.0,1.0,0.0,0.0,0.0,3.0,0.0,2.0,1.0,0.0,1.0,2.0,1.0,1.0,0.0,2.0,1.0,0.0,1.0,2.0,1.0,2.0,2.0,2.0,2.0,0.0,2.0,0.0,1.0,1.0,1.0,0.0
60,192,0.0,0.0,0.0,0.0,0.0,0.0,0.0,0.0,0.0,0.0,0.0,0.0,0.0,0.0,0.0,0.0,0.0,0.0,0.0,0.0,0.0,0.0,0.0,0.0,0.0,0.0,0.0,0.0,0.0,0.0,1.0,0.0,2.0,0.0,0.0,3.0,5.0,3.0,0.0,2.0,0.0,2.0,0.0,0.0,0.0,1.0,0.0,1.0,1.0,0.0,0.0,2.0,0.0,1.0,0.0,1.0,0.0,0.0,0.0,1.0,0.0,2.0,2.0,1.0,0.0,0.0,2.0,1.0,2.0,0.0,1.0,1.0,0.0,1.0,1.0,0.0,0.0,0.0,2.0,1.0,0.0,1.0,2.0,2.0,2.0,0.0,0.0,3.0,4.0,1.0,0.0,0.0,1.0,0.0,0.0,1.0,1.0,1.0,0.0,1.0,1.0,2.0,1.0,1.0,0.0,0.0,0.0,0.0,1.0,2.0,1.0,0.0,0.0,0.0,1.0,0.0,0.0,1.0,0.0,0.0,0.0,1.0,0.0,0.0,0.0,0.0,0.0,1.0,0.0,1.0,0.0,2.0,0.0,1.0,0.0,1.0,4.0,3.0,4.0,3.0,0.0,0.0,0.0,1.0,0.0,0.0,1.0,0.0,0.0,0.0,1.0,0.0,1.0,1.0,0.0,1.0,1.0,2.0,0.0,2.0,1.0,0.0
60,201,0.0,0.0,0.0,0.0,0.0,0.0,0.0,0.0,0.0,0.0,0.0,0.0,0.0,0.0,0.0,0.0,0.0,0.0,0.0,0.0,0.0,0.0,0.0,0.0,0.0,0.0,0.0,0.0,0.0,0.0,0.0,0.0,0.0,0.0,0.0,0.0,0.0,0.0,0.0,0.0,0.0,0.0,0.0,0.0,0.0,0.0,0.0,1.0,2.0,0.0,1.0,0.0,3.0,0.0,0.0,1.0,0.0,0.0,0.0,0.0,0.0,0.0,0.0,1.0,0.0,0.0,2.0,0.0,1.0,1.0,2.0,0.0,0.0,0.0,3.0,0.0,0.0,1.0,0.0,1.0,1.0,2.0,0.0,0.0,1.0,0.0,1.0,2.0,6.0,0.0,0.0,2.0,2.0,0.0,0.0,0.0,0.0,2.0,2.0,1.0,1.0,0.0,2.0,0.0,3.0,0.0,1.0,2.0,1.0,1.0,0.0,2.0,0.0,0.0,0.0,0.0,0.0,0.0,1.0,0.0,0.0,0.0,0.0,9.0,1.0,0.0,0.0,0.0,0.0,0.0,0.0,4.0,1.0,2.0,0.0,1.0,0.0,1.0,0.0,1.0,4.0,4.0,0.0,0.0,0.0,4.0,0.0,1.0,1.0,2.0,1.0,0.0,1.0,1.0,0.0,1.0,0.0,0.0,1.0,3.0,0.0,1.0
60,210,0.0,0.0,0.0,0.0,0.0,0.0,0.0,0.0,0.0,0.0,0.0,0.0,0.0,0.0,0.0,0.0,0.0,0.0,0.0,0.0,0.0,0.0,0.0,0.0,0.0,0.0,0.0,0.0,0.0,0.0,0.0,0.0,0.0,0.0,0.0,0.0,0.0,0.0,0.0,0.0,0.0,0.0,0.0,0.0,0.0,0.0,0.0,0.0,0.0,0.0,0.0,1.0,0.0,1.0,0.0,1.0,0.0,0.0,2.0,3.0,0.0,0.0,8.0,0.0,0.0,0.0,3.0,0.0,0.0,0.0,0.0,1.0,1.0,1.0,3.0,0.0,4.0,2.0,2.0,5.0,1.0,0.0,2.0,6.0,0.0,0.0,0.0,6.0,7.0,0.0,2.0,0.0,4.0,0.0,0.0,5.0,4.0,1.0,3.0,2.0,0.0,3.0,1.0,1.0,1.0,0.0,1.0,3.0,4.0,2.0,1.0,0.0,1.0,2.0,4.0,0.0,2.0,2.0,3.0,3.0,2.0,3.0,1.0,0.0,2.0,0.0,3.0,2.0,3.0,0.0,0.0,2.0,0.0,1.0,3.0,1.0,0.0,1.0,3.0,5.0,2.0,5.0,3.0,3.0,1.0,2.0,1.0,2.0,0.0,1.0,2.0,1.0,1.0,0.0,1.0,1.0,1.0,1.0,1.0,0.0,4.0,0.0
60,211,0.0,0.0,0.0,0.0,0.0,0.0,0.0,0.0,0.0,0.0,0.0,0.0,0.0,0.0,0.0,0.0,0.0,0.0,0.0,0.0,0.0,0.0,0.0,0.0,0.0,0.0,0.0,0.0,0.0,0.0,0.0,0.0,0.0,0.0,0.0,0.0,0.0,0.0,0.0,0.0,0.0,0.0,0.0,0.0,0.0,0.0,0.0,0.0,0.0,0.0,0.0,0.0,0.0,0.0,0.0,1.0,0.0,0.0,1.0,1.0,0.0,1.0,0.0,1.0,2.0,0.0,3.0,1.0,1.0,0.0,1.0,1.0,1.0,0.0,0.0,1.0,0.0,0.0,0.0,0.0,2.0,1.0,2.0,3.0,4.0,0.0,0.0,2.0,0.0,0.0,3.0,0.0,0.0,1.0,0.0,1.0,1.0,0.0,1.0,1.0,0.0,1.0,0.0,0.0,0.0,3.0,2.0,1.0,0.0,0.0,2.0,2.0,1.0,1.0,0.0,1.0,1.0,1.0,1.0,1.0,0.0,2.0,0.0,0.0,0.0,0.0,1.0,1.0,0.0,2.0,0.0,0.0,2.0,0.0,2.0,2.0,0.0,3.0,1.0,0.0,5.0,2.0,2.0,1.0,3.0,0.0,1.0,0.0,2.0,2.0,2.0,3.0,2.0,0.0,0.0,2.0,3.0,0.0,1.0,2.0,2.0,1.0
60,213,0.0,0.0,0.0,0.0,0.0,0.0,0.0,0.0,0.0,0.0,0.0,0.0,0.0,0.0,0.0,0.0,0.0,0.0,0.0,0.0,0.0,0.0,0.0,0.0,0.0,0.0,0.0,0.0,0.0,0.0,0.0,0.0,0.0,0.0,0.0,0.0,0.0,0.0,0.0,0.0,0.0,0.0,0.0,0.0,0.0,0.0,0.0,0.0,0.0,0.0,0.0,0.0,0.0,1.0,1.0,1.0,0.0,1.0,4.0,1.0,0.0,3.0,0.0,1.0,0.0,0.0,0.0,1.0,0.0,0.0,0.0,1.0,0.0,0.0,0.0,0.0,0.0,0.0,0.0,1.0,1.0,0.0,1.0,1.0,1.0,2.0,3.0,1.0,2.0,0.0,0.0,0.0,1.0,1.0,0.0,2.0,0.0,0.0,0.0,1.0,0.0,0.0,1.0,0.0,0.0,0.0,0.0,1.0,2.0,0.0,0.0,0.0,0.0,1.0,1.0,0.0,0.0,0.0,2.0,1.0,0.0,0.0,0.0,0.0,0.0,1.0,1.0,0.0,2.0,1.0,1.0,0.0,0.0,2.0,5.0,1.0,0.0,1.0,2.0,1.0,1.0,0.0,0.0,1.0,1.0,1.0,1.0,2.0,2.0,2.0,0.0,0.0,0.0,0.0,0.0,0.0,1.0,0.0,2.0,0.0,0.0,1.0
60,214,0.0,0.0,0.0,0.0,0.0,0.0,0.0,0.0,0.0,0.0,0.0,0.0,0.0,0.0,0.0,0.0,0.0,0.0,0.0,0.0,0.0,0.0,0.0,0.0,0.0,0.0,0.0,0.0,0.0,0.0,0.0,0.0,0.0,0.0,0.0,0.0,0.0,0.0,0.0,0.0,0.0,0.0,0.0,0.0,0.0,0.0,0.0,0.0,0.0,0.0,2.0,5.0,1.0,3.0,2.0,3.0,0.0,1.0,2.0,2.0,1.0,2.0,0.0,5.0,0.0,2.0,4.0,4.0,1.0,4.0,3.0,1.0,2.0,2.0,2.0,2.0,5.0,0.0,2.0,1.0,4.0,1.0,3.0,6.0,6.0,3.0,3.0,5.0,11.0,1.0,2.0,0.0,0.0,0.0,2.0,5.0,3.0,3.0,2.0,0.0,3.0,3.0,2.0,4.0,0.0,0.0,0.0,0.0,5.0,5.0,5.0,1.0,4.0,3.0,4.0,1.0,0.0,0.0,0.0,3.0,2.0,3.0,3.0,4.0,4.0,1.0,2.0,0.0,1.0,4.0,2.0,3.0,1.0,3.0,3.0,4.0,4.0,1.0,1.0,4.0,10.0,3.0,2.0,4.0,1.0,2.0,4.0,0.0,1.0,3.0,2.0,2.0,5.0,1.0,0.0,0.0,1.0,3.0,3.0,11.0,7.0,3.0
60,215,0.0,0.0,0.0,0.0,0.0,0.0,0.0,0.0,0.0,0.0,0.0,0.0,0.0,0.0,0.0,0.0,0.0,0.0,0.0,0.0,0.0,0.0,0.0,0.0,0.0,0.0,0.0,0.0,0.0,0.0,0.0,0.0,0.0,0.0,0.0,0.0,0.0,0.0,0.0,0.0,0.0,0.0,0.0,0.0,0.0,0.0,0.0,0.0,0.0,0.0,0.0,2.0,1.0,2.0,1.0,3.0,0.0,0.0,0.0,1.0,0.0,0.0,1.0,0.0,1.0,4.0,0.0,3.0,0.0,0.0,0.0,1.0,2.0,0.0,0.0,0.0,1.0,0.0,3.0,0.0,0.0,1.0,1.0,0.0,1.0,3.0,2.0,2.0,1.0,0.0,1.0,1.0,0.0,1.0,1.0,0.0,0.0,0.0,0.0,0.0,1.0,3.0,0.0,1.0,1.0,0.0,0.0,2.0,2.0,4.0,1.0,4.0,0.0,0.0,1.0,2.0,0.0,1.0,2.0,0.0,0.0,3.0,0.0,0.0,0.0,0.0,3.0,1.0,1.0,0.0,0.0,0.0,0.0,1.0,0.0,2.0,1.0,1.0,0.0,0.0,3.0,1.0,1.0,1.0,0.0,0.0,1.0,1.0,0.0,0.0,0.0,0.0,1.0,0.0,1.0,1.0,0.0,0.0,3.0,2.0,1.0,0.0
60,216,0.0,0.0,0.0,0.0,0.0,0.0,0.0,0.0,0.0,0.0,0.0,0.0,0.0,0.0,0.0,0.0,0.0,0.0,0.0,0.0,0.0,0.0,0.0,0.0,0.0,0.0,0.0,0.0,0.0,0.0,0.0,0.0,0.0,0.0,0.0,0.0,0.0,0.0,0.0,0.0,0.0,0.0,0.0,0.0,0.0,0.0,0.0,0.0,0.0,0.0,0.0,0.0,2.0,2.0,2.0,0.0,1.0,0.0,1.0,1.0,0.0,0.0,0.0,2.0,2.0,0.0,2.0,1.0,0.0,1.0,0.0,0.0,0.0,1.0,0.0,0.0,0.0,3.0,0.0,2.0,0.0,0.0,0.0,0.0,1.0,0.0,0.0,3.0,2.0,1.0,2.0,0.0,3.0,0.0,1.0,1.0,0.0,1.0,1.0,1.0,0.0,0.0,1.0,1.0,1.0,0.0,1.0,0.0,1.0,0.0,1.0,1.0,1.0,1.0,1.0,1.0,1.0,0.0,0.0,0.0,0.0,0.0,1.0,0.0,0.0,0.0,2.0,0.0,0.0,0.0,2.0,0.0,3.0,0.0,1.0,5.0,0.0,1.0,0.0,3.0,4.0,1.0,0.0,0.0,1.0,1.0,0.0,0.0,3.0,3.0,0.0,0.0,0.0,0.0,1.0,5.0,1.0,1.0,1.0,4.0,4.0,2.0
60,226,0.0,0.0,0.0,0.0,0.0,0.0,0.0,0.0,0.0,0.0,0.0,0.0,0.0,0.0,0.0,0.0,0.0,0.0,0.0,0.0,0.0,0.0,0.0,0.0,0.0,0.0,0.0,0.0,0.0,0.0,0.0,0.0,0.0,0.0,0.0,0.0,0.0,0.0,0.0,0.0,0.0,0.0,0.0,0.0,0.0,0.0,0.0,0.0,0.0,0.0,0.0,0.0,0.0,0.0,0.0,0.0,0.0,0.0,0.0,0.0,0.0,0.0,0.0,0.0,0.0,0.0,0.0,0.0,0.0,0.0,0.0,0.0,0.0,0.0,0.0,0.0,0.0,0.0,0.0,1.0,0.0,0.0,0.0,1.0,0.0,2.0,3.0,0.0,0.0,2.0,2.0,0.0,1.0,0.0,0.0,1.0,0.0,1.0,1.0,0.0,2.0,1.0,3.0,1.0,1.0,1.0,0.0,2.0,3.0,2.0,3.0,1.0,1.0,1.0,1.0,2.0,0.0,1.0,5.0,0.0,2.0,0.0,3.0,1.0,1.0,1.0,1.0,2.0,2.0,1.0,3.0,0.0,3.0,2.0,1.0,1.0,1.0,1.0,3.0,4.0,9.0,4.0,1.0,5.0,2.0,1.0,3.0,2.0,0.0,4.0,3.0,1.0,1.0,2.0,1.0,1.0,3.0,5.0,6.0,0.0,2.0,5.0
60,229,0.0,0.0,0.0,0.0,0.0,0.0,0.0,0.0,0.0,0.0,0.0,0.0,0.0,0.0,0.0,0.0,0.0,0.0,0.0,0.0,0.0,0.0,0.0,0.0,0.0,0.0,0.0,0.0,0.0,0.0,0.0,0.0,0.0,0.0,0.0,0.0,0.0,0.0,0.0,0.0,0.0,0.0,0.0,0.0,0.0,0.0,0.0,0.0,0.0,0.0,0.0,0.0,0.0,0.0,0.0,0.0,0.0,0.0,0.0,0.0,0.0,0.0,0.0,0.0,0.0,0.0,0.0,0.0,0.0,0.0,0.0,0.0,0.0,0.0,0.0,0.0,0.0,0.0,0.0,0.0,0.0,0.0,0.0,0.0,0.0,0.0,1.0,2.0,1.0,0.0,0.0,0.0,1.0,2.0,1.0,0.0,0.0,1.0,0.0,0.0,0.0,1.0,1.0,0.0,1.0,1.0,0.0,2.0,2.0,1.0,2.0,0.0,1.0,0.0,0.0,1.0,0.0,0.0,0.0,2.0,0.0,1.0,2.0,0.0,1.0,2.0,0.0,3.0,3.0,0.0,0.0,1.0,0.0,2.0,2.0,4.0,9.0,0.0,6.0,4.0,5.0,1.0,4.0,0.0,1.0,1.0,1.0,1.0,2.0,5.0,0.0,3.0,1.0,1.0,1.0,2.0,0.0,3.0,1.0,1.0,2.0,1.0
60,235,0.0,0.0,0.0,0.0,0.0,0.0,0.0,0.0,0.0,0.0,0.0,0.0,0.0,0.0,0.0,0.0,0.0,0.0,0.0,0.0,0.0,0.0,0.0,0.0,0.0,0.0,0.0,0.0,0.0,0.0,0.0,0.0,0.0,0.0,0.0,0.0,0.0,0.0,0.0,0.0,0.0,0.0,0.0,0.0,0.0,0.0,0.0,0.0,0.0,0.0,0.0,0.0,0.0,0.0,0.0,0.0,0.0,0.0,0.0,0.0,0.0,0.0,0.0,0.0,0.0,0.0,0.0,0.0,0.0,0.0,0.0,0.0,0.0,0.0,0.0,0.0,0.0,0.0,0.0,0.0,0.0,1.0,1.0,9.0,4.0,4.0,2.0,0.0,3.0,0.0,0.0,2.0,2.0,2.0,4.0,3.0,1.0,2.0,2.0,2.0,1.0,0.0,1.0,2.0,1.0,1.0,3.0,5.0,5.0,0.0,1.0,1.0,2.0,3.0,2.0,1.0,1.0,1.0,1.0,0.0,0.0,0.0,1.0,1.0,0.0,0.0,2.0,3.0,6.0,1.0,4.0,4.0,1.0,1.0,2.0,10.0,3.0,3.0,5.0,3.0,5.0,0.0,2.0,3.0,4.0,1.0,4.0,5.0,2.0,2.0,4.0,4.0,4.0,2.0,3.0,1.0,0.0,0.0,0.0,0.0,0.0,1.0
60,236,0.0,0.0,0.0,0.0,0.0,0.0,0.0,0.0,0.0,0.0,0.0,0.0,0.0,0.0,0.0,0.0,0.0,0.0,0.0,0.0,0.0,0.0,0.0,0.0,0.0,0.0,0.0,0.0,0.0,0.0,0.0,0.0,0.0,0.0,0.0,0.0,0.0,0.0,0.0,0.0,0.0,0.0,0.0,0.0,0.0,0.0,0.0,0.0,0.0,0.0,0.0,0.0,0.0,0.0,0.0,0.0,0.0,0.0,0.0,0.0,0.0,0.0,0.0,0.0,0.0,0.0,0.0,0.0,0.0,0.0,0.0,0.0,0.0,0.0,0.0,0.0,0.0,1.0,8.0,1.0,8.0,5.0,3.0,12.0,0.0,0.0,1.0,1.0,13.0,8.0,4.0,3.0,4.0,1.0,5.0,1.0,2.0,4.0,1.0,5.0,0.0,2.0,5.0,1.0,1.0,4.0,5.0,0.0,3.0,2.0,2.0,3.0,1.0,5.0,5.0,1.0,4.0,11.0,1.0,1.0,3.0,5.0,7.0,11.0,6.0,5.0,3.0,1.0,3.0,5.0,6.0,5.0,7.0,3.0,1.0,5.0,1.0,0.0,2.0,5.0,2.0,5.0,6.0,2.0,4.0,3.0,6.0,0.0,3.0,4.0,1.0,6.0,2.0,2.0,0.0,1.0,0.0,0.0,0.0,0.0,0.0,0.0
60,237,0.0,0.0,0.0,0.0,0.0,0.0,0.0,0.0,0.0,0.0,0.0,0.0,0.0,0.0,0.0,0.0,0.0,0.0,0.0,0.0,0.0,0.0,0.0,0.0,0.0,0.0,0.0,0.0,0.0,0.0,0.0,0.0,0.0,0.0,0.0,0.0,0.0,0.0,0.0,0.0,0.0,0.0,0.0,0.0,0.0,0.0,0.0,0.0,0.0,0.0,0.0,0.0,0.0,0.0,0.0,0.0,0.0,0.0,0.0,0.0,0.0,0.0,0.0,0.0,0.0,0.0,0.0,0.0,0.0,0.0,0.0,0.0,0.0,0.0,0.0,0.0,0.0,2.0,10.0,8.0,4.0,6.0,9.0,9.0,0.0,0.0,2.0,5.0,16.0,3.0,1.0,3.0,2.0,0.0,5.0,5.0,2.0,4.0,5.0,1.0,7.0,2.0,1.0,6.0,0.0,1.0,4.0,0.0,2.0,1.0,1.0,3.0,0.0,3.0,5.0,4.0,3.0,7.0,4.0,2.0,5.0,2.0,11.0,5.0,12.0,6.0,5.0,4.0,1.0,14.0,5.0,6.0,0.0,1.0,0.0,4.0,4.0,0.0,2.0,4.0,3.0,5.0,5.0,2.0,2.0,2.0,4.0,1.0,1.0,1.0,3.0,4.0,2.0,0.0,4.0,1.0,2.0,0.0,0.0,1.0,0.0,0.0
60,240,0.0,0.0,0.0,0.0,0.0,0.0,0.0,0.0,0.0,0.0,0.0,0.0,0.0,0.0,0.0,0.0,0.0,0.0,0.0,0.0,0.0,0.0,0.0,0.0,0.0,0.0,0.0,0.0,0.0,0.0,0.0,0.0,0.0,0.0,0.0,0.0,0.0,0.0,0.0,0.0,0.0,0.0,0.0,0.0,0.0,0.0,0.0,0.0,0.0,0.0,0.0,0.0,0.0,0.0,0.0,0.0,0.0,0.0,0.0,0.0,0.0,0.0,0.0,0.0,0.0,0.0,2.0,1.0,1.0,4.0,2.0,1.0,0.0,0.0,1.0,0.0,3.0,3.0,4.0,2.0,0.0,0.0,3.0,24.0,0.0,0.0,1.0,1.0,0.0,0.0,2.0,1.0,4.0,0.0,1.0,0.0,1.0,0.0,0.0,0.0,0.0,1.0,1.0,1.0,0.0,0.0,0.0,2.0,6.0,3.0,1.0,1.0,0.0,0.0,1.0,0.0,0.0,0.0,0.0,1.0,0.0,1.0,0.0,0.0,1.0,1.0,1.0,2.0,2.0,5.0,4.0,0.0,0.0,0.0,1.0,3.0,2.0,0.0,3.0,0.0,1.0,0.0,0.0,0.0,2.0,1.0,2.0,0.0,0.0,0.0,0.0,1.0,1.0,1.0,0.0,0.0,0.0,1.0,1.0,3.0,4.0,1.0
60,243,0.0,1.0,1.0,2.0,0.0,0.0,0.0,1.0,0.0,1.0,2.0,0.0,0.0,0.0,0.0,1.0,0.0,0.0,0.0,0.0,0.0,0.0,0.0,1.0,0.0,0.0,0.0,0.0,0.0,0.0,0.0,2.0,2.0,0.0,0.0,0.0,1.0,1.0,0.0,0.0,0.0,0.0,0.0,0.0,0.0,0.0,0.0,0.0,0.0,2.0,0.0,2.0,0.0,1.0,0.0,0.0,0.0,0.0,1.0,0.0,0.0,1.0,0.0,0.0,0.0,0.0,1.0,0.0,0.0,0.0,0.0,0.0,1.0,0.0,0.0,0.0,0.0,1.0,1.0,1.0,1.0,1.0,5.0,0.0,1.0,0.0,2.0,1.0,0.0,0.0,1.0,0.0,1.0,0.0,5.0,0.0,1.0,2.0,0.0,0.0,1.0,0.0,0.0,2.0,0.0,2.0,1.0,1.0,0.0,0.0,1.0,1.0,2.0,5.0,1.0,0.0,0.0,0.0,0.0,0.0,1.0,1.0,2.0,0.0,2.0,0.0,0.0,1.0,1.0,0.0,0.0,0.0,0.0,0.0,0.0,0.0,1.0,0.0,0.0,0.0,3.0,1.0,1.0,0.0,1.0,2.0,0.0,0.0,0.0,1.0,0.0,2.0,0.0,0.0,0.0,2.0,1.0,0.0,0.0,1.0,2.0,1.0
60,250,0.0,0.0,0.0,0.0,0.0,1.0,2.0,0.0,1.0,1.0,3.0,0.0,0.0,0.0,0.0,0.0,0.0,0.0,1.0,0.0,0.0,1.0,0.0,0.0,4.0,3.0,6.0,1.0,0.0,5.0,0.0,0.0,0.0,0.0,0.0,0.0,0.0,0.0,0.0,3.0,0.0,1.0,0.0,0.0,0.0,0.0,0.0,0.0,0.0,0.0,0.0,0.0,0.0,0.0,0.0,0.0,0.0,0.0,0.0,0.0,0.0,0.0,0.0,0.0,0.0,1.0,0.0,1.0,5.0,7.0,2.0,22.0,3.0,0.0,0.0,0.0,2.0,0.0,0.0,1.0,0.0,4.0,0.0,3.0,4.0,4.0,1.0,0.0,1.0,0.0,2.0,1.0,0.0,4.0,1.0,1.0,4.0,0.0,0.0,0.0,0.0,1.0,1.0,1.0,1.0,0.0,0.0,1.0,1.0,2.0,4.0,0.0,0.0,0.0,2.0,3.0,1.0,3.0,1.0,3.0,2.0,10.0,10.0,5.0,0.0,0.0,0.0,0.0,0.0,3.0,0.0,0.0,1.0,1.0,1.0,1.0,0.0,2.0,1.0,1.0,1.0,1.0,4.0,0.0,1.0,2.0,0.0,0.0,0.0,0.0,0.0,2.0,1.0,1.0,0.0,2.0,1.0,0.0,0.0,0.0,0.0,0.0
60,263,1.0,0.0,0.0,0.0,1.0,1.0,0.0,0.0,1.0,0.0,2.0,1.0,0.0,0.0,0.0,1.0,0.0,0.0,0.0,0.0,1.0,0.0,1.0,0.0,1.0,0.0,1.0,0.0,2.0,0.0,1.0,1.0,2.0,0.0,1.0,0.0,5.0,0.0,0.0,0.0,1.0,0.0,0.0,0.0,0.0,1.0,0.0,2.0,0.0,0.0,0.0,0.0,0.0,1.0,0.0,0.0,0.0,0.0,0.0,0.0,1.0,0.0,1.0,0.0,1.0,1.0,0.0,2.0,0.0,1.0,0.0,0.0,5.0,0.0,0.0,0.0,0.0,0.0,0.0,0.0,0.0,0.0,0.0,3.0,1.0,0.0,1.0,1.0,0.0,1.0,1.0,2.0,0.0,0.0,1.0,2.0,0.0,0.0,1.0,2.0,0.0,1.0,1.0,0.0,0.0,0.0,0.0,1.0,0.0,0.0,1.0,0.0,0.0,2.0,0.0,1.0,0.0,1.0,0.0,1.0,1.0,0.0,2.0,2.0,1.0,0.0,0.0,0.0,2.0,1.0,0.0,0.0,0.0,0.0,0.0,1.0,2.0,1.0,2.0,2.0,3.0,0.0,0.0,1.0,0.0,1.0,0.0,0.0,1.0,0.0,0.0,0.0,0.0,1.0,0.0,0.0,0.0,0.0,0.0,1.0,0.0,0.0
60,265,1.0,1.0,1.0,1.0,1.0,0.0,0.0,3.0,4.0,0.0,0.0,0.0,0.0,0.0,0.0,0.0,4.0,1.0,0.0,2.0,0.0,1.0,1.0,1.0,1.0,0.0,1.0,2.0,0.0,2.0,3.0,0.0,1.0,3.0,1.0,7.0,4.0,1.0,0.0,0.0,0.0,0.0,0.0,0.0,0.0,0.0,1.0,0.0,0.0,0.0,1.0,0.0,0.0,0.0,0.0,3.0,1.0,1.0,1.0,0.0,0.0,1.0,0.0,2.0,0.0,0.0,0.0,1.0,2.0,0.0,1.0,0.0,1.0,0.0,0.0,0.0,0.0,0.0,1.0,3.0,0.0,0.0,2.0,5.0,4.0,2.0,2.0,4.0,2.0,2.0,1.0,2.0,1.0,0.0,0.0,0.0,0.0,1.0,2.0,0.0,3.0,0.0,1.0,2.0,0.0,0.0,0.0,2.0,1.0,3.0,0.0,1.0,2.0,0.0,0.0,0.0,1.0,0.0,1.0,2.0,1.0,0.0,4.0,6.0,0.0,0.0,0.0,0.0,1.0,0.0,0.0,2.0,0.0,1.0,0.0,4.0,2.0,0.0,2.0,1.0,2.0,0.0,1.0,1.0,0.0,0.0,0.0,1.0,0.0,0.0,0.0,1.0,1.0,1.0,0.0,0.0,1.0,0.0,1.0,0.0,0.0,2.0
60,266,0.0,0.0,1.0,0.0,0.0,0.0,0.0,4.0,0.0,2.0,1.0,0.0,0.0,0.0,0.0,5.0,2.0,0.0,1.0,1.0,2.0,2.0,0.0,5.0,1.0,0.0,4.0,0.0,0.0,5.0,0.0,2.0,0.0,1.0,2.0,5.0,3.0,1.0,0.0,2.0,0.0,1.0,1.0,0.0,0.0,0.0,0.0,2.0,0.0,0.0,0.0,0.0,1.0,0.0,0.0,0.0,1.0,0.0,0.0,1.0,0.0,5.0,0.0,0.0,4.0,1.0,0.0,0.0,0.0,0.0,1.0,4.0,0.0,0.0,0.0,0.0,1.0,0.0,1.0,0.0,0.0,0.0,0.0,0.0,1.0,0.0,1.0,0.0,3.0,0.0,0.0,0.0,1.0,1.0,1.0,1.0,0.0,0.0,0.0,0.0,0.0,1.0,1.0,0.0,1.0,1.0,0.0,4.0,2.0,1.0,1.0,0.0,1.0,3.0,0.0,0.0,1.0,2.0,1.0,1.0,1.0,2.0,0.0,0.0,0.0,0.0,0.0,0.0,0.0,0.0,0.0,0.0,3.0,0.0,0.0,1.0,5.0,0.0,0.0,1.0,3.0,2.0,0.0,0.0,1.0,1.0,0.0,0.0,1.0,0.0,1.0,2.0,0.0,0.0,0.0,0.0,0.0,0.0,1.0,0.0,0.0,0.0
60,267,0.0,0.0,0.0,2.0,0.0,1.0,1.0,0.0,0.0,0.0,1.0,0.0,0.0,2.0,0.0,0.0,0.0,0.0,0.0,1.0,0.0,0.0,0.0,0.0,1.0,0.0,0.0,0.0,1.0,0.0,0.0,1.0,0.0,0.0,0.0,2.0,0.0,0.0,2.0,0.0,0.0,0.0,0.0,0.0,0.0,0.0,1.0,0.0,0.0,0.0,0.0,1.0,0.0,0.0,1.0,0.0,1.0,1.0,1.0,2.0,0.0,0.0,0.0,0.0,0.0,0.0,1.0,0.0,0.0,3.0,0.0,0.0,1.0,0.0,2.0,1.0,0.0,1.0,1.0,1.0,0.0,0.0,0.0,0.0,1.0,2.0,2.0,2.0,4.0,1.0,0.0,1.0,0.0,0.0,1.0,0.0,1.0,0.0,1.0,0.0,1.0,3.0,0.0,1.0,0.0,0.0,0.0,0.0,1.0,1.0,0.0,0.0,0.0,0.0,1.0,0.0,0.0,1.0,1.0,0.0,0.0,2.0,0.0,3.0,0.0,0.0,0.0,1.0,0.0,0.0,1.0,1.0,0.0,4.0,2.0,1.0,2.0,2.0,1.0,1.0,5.0,1.0,0.0,1.0,0.0,1.0,1.0,0.0,2.0,0.0,0.0,0.0,0.0,2.0,0.0,0.0,1.0,1.0,0.0,0.0,0.0,0.0
60,268,0.0,1.0,1.0,1.0,0.0,1.0,1.0,0.0,0.0,0.0,1.0,1.0,1.0,1.0,0.0,0.0,2.0,1.0,1.0,0.0,0.0,0.0,1.0,1.0,0.0,1.0,1.0,0.0,2.0,1.0,2.0,1.0,0.0,1.0,0.0,3.0,3.0,1.0,1.0,0.0,0.0,0.0,1.0,0.0,1.0,1.0,0.0,0.0,0.0,0.0,0.0,1.0,0.0,0.0,1.0,0.0,1.0,1.0,0.0,2.0,1.0,2.0,0.0,1.0,0.0,1.0,3.0,1.0,1.0,0.0,1.0,1.0,3.0,0.0,0.0,0.0,1.0,0.0,0.0,0.0,2.0,0.0,0.0,5.0,0.0,1.0,0.0,2.0,3.0,4.0,0.0,1.0,1.0,3.0,1.0,0.0,1.0,1.0,0.0,1.0,0.0,0.0,3.0,0.0,0.0,0.0,1.0,2.0,0.0,0.0,1.0,2.0,1.0,0.0,0.0,1.0,2.0,1.0,1.0,0.0,0.0,1.0,3.0,1.0,0.0,1.0,0.0,0.0,0.0,0.0,2.0,0.0,0.0,1.0,0.0,4.0,0.0,1.0,2.0,1.0,4.0,2.0,2.0,1.0,4.0,1.0,1.0,0.0,0.0,2.0,0.0,0.0,1.0,0.0,3.0,1.0,1.0,2.0,1.0,0.0,0.0,0.0
60,270,0.0,0.0,0.0,1.0,0.0,0.0,0.0,1.0,0.0,0.0,1.0,1.0,3.0,0.0,1.0,1.0,1.0,0.0,1.0,0.0,0.0,0.0,0.0,1.0,0.0,1.0,0.0,0.0,0.0,2.0,3.0,2.0,0.0,1.0,1.0,2.0,0.0,0.0,0.0,0.0,0.0,0.0,0.0,0.0,0.0,1.0,1.0,1.0,0.0,1.0,3.0,1.0,1.0,1.0,1.0,0.0,2.0,2.0,1.0,2.0,0.0,1.0,0.0,1.0,0.0,1.0,3.0,2.0,3.0,2.0,2.0,2.0,2.0,1.0,1.0,1.0,1.0,1.0,1.0,2.0,0.0,0.0,0.0,0.0,2.0,0.0,1.0,3.0,3.0,2.0,1.0,2.0,0.0,0.0,0.0,1.0,1.0,1.0,0.0,1.0,1.0,2.0,0.0,0.0,1.0,0.0,1.0,0.0,0.0,2.0,1.0,0.0,0.0,0.0,0.0,0.0,2.0,0.0,0.0,2.0,1.0,2.0,0.0,3.0,1.0,0.0,0.0,1.0,0.0,0.0,1.0,0.0,0.0,0.0,2.0,0.0,0.0,0.0,1.0,2.0,6.0,1.0,0.0,2.0,0.0,1.0,2.0,1.0,1.0,0.0,0.0,0.0,0.0,0.0,0.0,1.0,1.0,0.0,3.0,0.0,1.0,1.0
60,272,1.0,0.0,0.0,0.0,1.0,0.0,0.0,0.0,1.0,2.0,1.0,0.0,1.0,0.0,0.0,1.0,0.0,1.0,0.0,0.0,0.0,1.0,0.0,0.0,2.0,1.0,1.0,0.0,2.0,1.0,2.0,2.0,0.0,3.0,0.0,2.0,2.0,3.0,0.0,1.0,0.0,0.0,1.0,0.0,0.0,0.0,0.0,1.0,0.0,1.0,1.0,1.0,0.0,0.0,2.0,0.0,0.0,1.0,0.0,0.0,1.0,4.0,1.0,0.0,0.0,2.0,1.0,0.0,0.0,0.0,0.0,0.0,0.0,1.0,0.0,0.0,0.0,0.0,0.0,0.0,0.0,0.0,2.0,0.0,1.0,0.0,2.0,0.0,0.0,1.0,0.0,0.0,0.0,0.0,0.0,2.0,1.0,1.0,1.0,0.0,0.0,0.0,2.0,0.0,1.0,0.0,0.0,1.0,2.0,1.0,1.0,1.0,1.0,0.0,0.0,1.0,2.0,0.0,1.0,0.0,0.0,0.0,2.0,0.0,1.0,0.0,1.0,1.0,1.0,0.0,1.0,0.0,0.0,0.0,1.0,4.0,1.0,1.0,2.0,3.0,0.0,0.0,0.0,0.0,0.0,0.0,2.0,0.0,0.0,1.0,0.0,0.0,0.0,0.0,1.0,1.0,3.0,0.0,0.0,0.0,3.0,0.0
60,276,0.0,1.0,3.0,0.0,0.0,0.0,1.0,1.0,1.0,4.0,2.0,0.0,0.0,4.0,1.0,0.0,3.0,0.0,0.0,0.0,0.0,0.0,0.0,1.0,3.0,2.0,2.0,1.0,0.0,0.0,2.0,5.0,0.0,1.0,6.0,2.0,4.0,2.0,0.0,0.0,0.0,0.0,0.0,2.0,0.0,0.0,0.0,1.0,0.0,0.0,1.0,0.0,0.0,0.0,0.0,0.0,1.0,1.0,0.0,0.0,0.0,2.0,2.0,2.0,0.0,0.0,0.0,0.0,0.0,0.0,0.0,2.0,3.0,2.0,0.0,0.0,0.0,1.0,0.0,0.0,0.0,1.0,1.0,3.0,1.0,2.0,2.0,4.0,11.0,0.0,0.0,1.0,0.0,0.0,0.0,2.0,0.0,1.0,0.0,1.0,0.0,0.0,0.0,4.0,1.0,0.0,1.0,0.0,3.0,0.0,0.0,2.0,0.0,4.0,1.0,0.0,2.0,2.0,1.0,0.0,1.0,4.0,3.0,1.0,0.0,0.0,0.0,0.0,0.0,0.0,0.0,1.0,0.0,0.0,0.0,4.0,0.0,0.0,2.0,2.0,1.0,0.0,1.0,0.0,0.0,1.0,1.0,1.0,1.0,0.0,0.0,0.0,1.0,0.0,0.0,0.0,1.0,1.0,0.0,0.0,1.0,0.0
60,278,0.0,2.0,2.0,0.0,2.0,0.0,2.0,1.0,4.0,4.0,2.0,1.0,5.0,0.0,2.0,1.0,2.0,0.0,2.0,0.0,0.0,0.0,3.0,4.0,3.0,2.0,2.0,2.0,3.0,5.0,1.0,2.0,3.0,9.0,3.0,8.0,6.0,3.0,2.0,2.0,3.0,2.0,1.0,1.0,3.0,1.0,0.0,1.0,1.0,0.0,1.0,1.0,1.0,1.0,2.0,0.0,7.0,0.0,0.0,1.0,4.0,3.0,0.0,1.0,1.0,1.0,1.0,1.0,0.0,0.0,2.0,5.0,0.0,1.0,1.0,2.0,0.0,0.0,1.0,2.0,2.0,4.0,2.0,3.0,4.0,4.0,2.0,9.0,7.0,3.0,1.0,6.0,2.0,1.0,1.0,0.0,2.0,1.0,0.0,1.0,1.0,1.0,0.0,2.0,4.0,1.0,0.0,1.0,1.0,2.0,0.0,1.0,1.0,8.0,3.0,1.0,0.0,1.0,3.0,6.0,1.0,4.0,1.0,3.0,3.0,2.0,0.0,0.0,1.0,0.0,1.0,3.0,0.0,2.0,0.0,3.0,1.0,4.0,3.0,0.0,6.0,2.0,1.0,2.0,1.0,1.0,1.0,2.0,1.0,2.0,0.0,1.0,0.0,0.0,1.0,1.0,2.0,0.0,0.0,0.0,2.0,0.0
60,279,0.0,3.0,4.0,3.0,1.0,0.0,1.0,0.0,4.0,6.0,1.0,1.0,2.0,2.0,2.0,1.0,2.0,3.0,0.0,1.0,0.0,4.0,0.0,2.0,1.0,3.0,0.0,4.0,0.0,2.0,3.0,2.0,1.0,1.0,7.0,8.0,4.0,3.0,3.0,0.0,1.0,0.0,2.0,0.0,3.0,0.0,1.0,3.0,2.0,0.0,1.0,2.0,3.0,0.0,1.0,0.0,2.0,1.0,2.0,1.0,1.0,8.0,1.0,0.0,0.0,0.0,5.0,3.0,2.0,0.0,5.0,4.0,0.0,8.0,2.0,0.0,0.0,2.0,3.0,2.0,3.0,1.0,1.0,1.0,5.0,6.0,3.0,7.0,10.0,5.0,1.0,0.0,0.0,4.0,3.0,0.0,2.0,1.0,0.0,1.0,1.0,1.0,0.0,2.0,0.0,0.0,2.0,2.0,1.0,0.0,0.0,3.0,2.0,4.0,0.0,0.0,2.0,0.0,0.0,3.0,2.0,0.0,2.0,0.0,2.0,1.0,1.0,1.0,1.0,3.0,0.0,1.0,2.0,1.0,0.0,0.0,1.0,0.0,0.0,2.0,2.0,1.0,1.0,1.0,0.0,0.0,1.0,1.0,1.0,1.0,0.0,1.0,0.0,0.0,2.0,0.0,5.0,1.0,0.0,1.0,1.0,0.0
60,280,0.0,0.0,1.0,0.0,0.0,1.0,0.0,2.0,1.0,4.0,1.0,1.0,0.0,3.0,0.0,0.0,0.0,0.0,0.0,0.0,0.0,0.0,1.0,1.0,4.0,0.0,0.0,0.0,0.0,1.0,2.0,3.0,0.0,0.0,1.0,5.0,2.0,0.0,0.0,0.0,1.0,0.0,1.0,0.0,0.0,0.0,0.0,1.0,0.0,0.0,1.0,1.0,0.0,0.0,0.0,0.0,0.0,1.0,0.0,1.0,2.0,2.0,0.0,0.0,0.0,1.0,1.0,1.0,0.0,0.0,0.0,1.0,1.0,3.0,1.0,0.0,0.0,2.0,1.0,0.0,0.0,0.0,0.0,2.0,2.0,1.0,2.0,3.0,2.0,1.0,0.0,1.0,0.0,0.0,1.0,1.0,0.0,3.0,0.0,1.0,0.0,1.0,0.0,1.0,1.0,0.0,4.0,0.0,0.0,0.0,0.0,4.0,0.0,5.0,1.0,0.0,3.0,3.0,1.0,0.0,2.0,0.0,0.0,1.0,0.0,1.0,0.0,0.0,0.0,1.0,0.0,1.0,0.0,0.0,2.0,5.0,0.0,0.0,2.0,0.0,3.0,0.0,0.0,0.0,0.0,1.0,0.0,1.0,3.0,2.0,1.0,0.0,0.0,0.0,0.0,0.0,2.0,1.0,0.0,0.0,1.0,0.0
60,281,0.0,1.0,0.0,0.0,0.0,1.0,4.0,2.0,5.0,12.0,3.0,0.0,2.0,1.0,2.0,3.0,1.0,0.0,0.0,0.0,0.0,0.0,1.0,5.0,3.0,2.0,1.0,1.0,0.0,3.0,2.0,1.0,0.0,5.0,1.0,7.0,10.0,0.0,0.0,0.0,2.0,1.0,0.0,0.0,0.0,1.0,0.0,0.0,1.0,0.0,1.0,1.0,1.0,1.0,0.0,0.0,2.0,1.0,0.0,1.0,2.0,2.0,0.0,0.0,1.0,0.0,1.0,3.0,1.0,1.0,0.0,2.0,2.0,0.0,3.0,0.0,1.0,0.0,1.0,3.0,5.0,2.0,1.0,4.0,9.0,0.0,2.0,5.0,4.0,0.0,1.0,0.0,0.0,0.0,0.0,0.0,2.0,2.0,0.0,1.0,2.0,0.0,1.0,4.0,3.0,4.0,0.0,5.0,1.0,5.0,2.0,3.0,2.0,3.0,1.0,1.0,5.0,1.0,5.0,2.0,1.0,1.0,2.0,2.0,2.0,2.0,0.0,0.0,0.0,2.0,2.0,1.0,2.0,1.0,0.0,3.0,1.0,4.0,1.0,0.0,8.0,1.0,1.0,0.0,1.0,1.0,1.0,1.0,2.0,2.0,0.0,1.0,0.0,0.0,1.0,1.0,1.0,1.0,1.0,0.0,2.0,2.0
60,282,1.0,4.0,1.0,0.0,0.0,0.0,0.0,0.0,2.0,4.0,0.0,4.0,3.0,2.0,1.0,1.0,0.0,3.0,0.0,0.0,0.0,2.0,0.0,5.0,1.0,0.0,0.0,0.0,2.0,0.0,2.0,1.0,3.0,1.0,2.0,3.0,5.0,0.0,0.0,0.0,0.0,0.0,0.0,1.0,0.0,0.0,0.0,0.0,2.0,0.0,0.0,1.0,0.0,0.0,2.0,0.0,2.0,2.0,0.0,1.0,2.0,0.0,2.0,2.0,0.0,1.0,3.0,2.0,1.0,0.0,0.0,4.0,0.0,3.0,0.0,1.0,0.0,1.0,4.0,4.0,3.0,4.0,0.0,1.0,3.0,3.0,0.0,7.0,5.0,1.0,1.0,0.0,0.0,1.0,0.0,0.0,1.0,1.0,1.0,1.0,2.0,1.0,2.0,0.0,0.0,3.0,0.0,1.0,2.0,0.0,0.0,3.0,1.0,5.0,2.0,0.0,5.0,0.0,0.0,1.0,1.0,0.0,2.0,0.0,4.0,1.0,0.0,2.0,2.0,1.0,0.0,1.0,1.0,1.0,0.0,1.0,0.0,1.0,1.0,4.0,5.0,1.0,1.0,1.0,0.0,2.0,0.0,5.0,1.0,0.0,0.0,0.0,0.0,0.0,1.0,0.0,4.0,1.0,0.0,2.0,0.0,1.0
60,289,0.0,0.0,0.0,1.0,0.0,0.0,3.0,1.0,0.0,3.0,2.0,1.0,0.0,0.0,0.0,0.0,0.0,0.0,1.0,0.0,0.0,0.0,0.0,3.0,0.0,1.0,0.0,2.0,0.0,2.0,0.0,2.0,0.0,0.0,0.0,0.0,1.0,0.0,1.0,0.0,1.0,1.0,0.0,1.0,1.0,2.0,0.0,3.0,0.0,1.0,0.0,0.0,0.0,1.0,0.0,0.0,1.0,1.0,2.0,1.0,0.0,3.0,1.0,0.0,0.0,0.0,0.0,0.0,1.0,0.0,2.0,1.0,0.0,4.0,1.0,2.0,1.0,0.0,1.0,0.0,0.0,3.0,1.0,1.0,2.0,1.0,4.0,5.0,4.0,3.0,0.0,1.0,1.0,1.0,0.0,1.0,0.0,0.0,1.0,2.0,0.0,0.0,0.0,0.0,2.0,0.0,0.0,1.0,0.0,3.0,1.0,0.0,2.0,5.0,2.0,2.0,3.0,2.0,0.0,0.0,0.0,0.0,0.0,3.0,1.0,0.0,2.0,2.0,1.0,0.0,1.0,0.0,2.0,1.0,3.0,4.0,1.0,0.0,6.0,0.0,5.0,0.0,0.0,0.0,0.0,0.0,0.0,1.0,0.0,0.0,0.0,2.0,2.0,0.0,1.0,1.0,1.0,2.0,0.0,1.0,1.0,0.0
60,296,0.0,0.0,0.0,0.0,0.0,0.0,0.0,0.0,0.0,0.0,0.0,0.0,0.0,0.0,3.0,0.0,1.0,1.0,1.0,0.0,1.0,4.0,2.0,2.0,2.0,2.0,2.0,2.0,0.0,7.0,9.0,11.0,0.0,4.0,4.0,6.0,0.0,0.0,1.0,1.0,2.0,1.0,2.0,3.0,0.0,4.0,3.0,0.0,1.0,0.0,2.0,1.0,1.0,0.0,0.0,2.0,0.0,1.0,0.0,0.0,2.0,2.0,1.0,2.0,1.0,0.0,0.0,0.0,0.0,0.0,1.0,1.0,1.0,1.0,0.0,1.0,0.0,2.0,1.0,1.0,2.0,3.0,4.0,5.0,2.0,2.0,3.0,2.0,1.0,0.0,0.0,0.0,1.0,1.0,3.0,1.0,0.0,0.0,4.0,1.0,0.0,0.0,0.0,2.0,0.0,0.0,0.0,0.0,0.0,0.0,0.0,1.0,1.0,0.0,1.0,1.0,1.0,2.0,1.0,1.0,0.0,4.0,0.0,0.0,1.0,0.0,0.0,0.0,2.0,0.0,1.0,3.0,1.0,0.0,2.0,2.0,1.0,0.0,0.0,0.0,2.0,1.0,0.0,1.0,0.0,0.0,0.0,2.0,1.0,1.0,0.0,0.0,1.0,1.0,1.0,0.0,1.0,1.0,0.0,0.0,0.0,0.0
61,0,0.0,0.0,0.0,1.0,0.0,1.0,0.0,1.0,1.0,0.0,2.0,0.0,1.0,0.0,0.0,1.0,1.0,0.0,0.0,0.0,0.0,0.0,0.0,0.0,3.0,1.0,0.0,0.0,0.0,0.0,2.0,1.0,1.0,0.0,0.0,1.0,0.0,0.0,0.0,0.0,0.0,0.0,1.0,0.0,0.0,0.0,0.0,1.0,0.0,0.0,0.0,0.0,0.0,0.0,3.0,2.0,0.0,1.0,1.0,1.0,0.0,0.0,1.0,0.0,1.0,0.0,0.0,1.0,0.0,4.0,0.0,1.0,1.0,0.0,0.0,0.0,1.0,0.0,0.0,1.0,0.0,0.0,0.0,4.0,1.0,0.0,1.0,2.0,2.0,0.0,0.0,2.0,0.0,0.0,1.0,1.0,1.0,0.0,1.0,0.0,2.0,0.0,1.0,0.0,2.0,1.0,2.0,0.0,1.0,0.0,0.0,1.0,1.0,0.0,0.0,0.0,0.0,0.0,0.0,0.0,0.0,3.0,0.0,0.0,1.0,0.0,0.0,1.0,1.0,2.0,0.0,0.0,1.0,1.0,1.0,2.0,1.0,1.0,1.0,4.0,1.0,1.0,0.0,1.0,0.0,1.0,1.0,0.0,2.0,0.0,0.0,1.0,0.0,1.0,2.0,1.0,0.0,0.0,4.0,2.0,4.0,0.0
61,2,0.0,1.0,4.0,5.0,6.0,1.0,0.0,3.0,1.0,0.0,0.0,1.0,0.0,0.0,2.0,1.0,2.0,1.0,0.0,0.0,0.0,0.0,1.0,0.0,2.0,1.0,3.0,1.0,2.0,2.0,3.0,0.0,1.0,0.0,4.0,6.0,17.0,3.0,2.0,1.0,0.0,0.0,0.0,1.0,3.0,0.0,1.0,3.0,1.0,0.0,0.0,1.0,0.0,0.0,2.0,1.0,2.0,0.0,0.0,0.0,1.0,0.0,1.0,1.0,3.0,0.0,1.0,1.0,0.0,1.0,0.0,4.0,0.0,1.0,0.0,1.0,2.0,2.0,1.0,1.0,2.0,0.0,1.0,1.0,3.0,3.0,0.0,10.0,24.0,1.0,0.0,0.0,0.0,2.0,3.0,3.0,5.0,0.0,3.0,3.0,3.0,0.0,4.0,1.0,2.0,0.0,3.0,1.0,4.0,3.0,1.0,3.0,2.0,3.0,1.0,0.0,0.0,1.0,4.0,2.0,1.0,1.0,2.0,1.0,3.0,1.0,0.0,0.0,2.0,5.0,3.0,2.0,3.0,3.0,0.0,2.0,2.0,4.0,9.0,7.0,21.0,5.0,3.0,2.0,4.0,1.0,1.0,1.0,1.0,0.0,1.0,0.0,0.0,0.0,1.0,1.0,0.0,1.0,0.0,0.0,8.0,3.0
61,3,4.0,0.0,1.0,0.0,6.0,0.0,1.0,1.0,2.0,0.0,0.0,5.0,2.0,3.0,0.0,0.0,0.0,3.0,0.0,1.0,2.0,1.0,0.0,2.0,7.0,0.0,2.0,4.0,4.0,3.0,0.0,4.0,1.0,2.0,7.0,1.0,3.0,0.0,1.0,1.0,1.0,0.0,2.0,3.0,1.0,0.0,0.0,0.0,4.0,2.0,0.0,2.0,1.0,0.0,2.0,5.0,0.0,2.0,1.0,4.0,1.0,4.0,3.0,3.0,2.0,4.0,2.0,0.0,2.0,0.0,1.0,4.0,0.0,5.0,0.0,1.0,0.0,2.0,0.0,1.0,3.0,2.0,0.0,1.0,2.0,2.0,2.0,1.0,3.0,1.0,2.0,0.0,0.0,0.0,5.0,0.0,2.0,1.0,1.0,3.0,0.0,0.0,0.0,1.0,2.0,1.0,1.0,2.0,1.0,0.0,1.0,4.0,1.0,2.0,2.0,4.0,0.0,3.0,1.0,0.0,1.0,1.0,3.0,0.0,0.0,1.0,4.0,1.0,0.0,2.0,0.0,0.0,1.0,2.0,1.0,0.0,1.0,1.0,5.0,4.0,5.0,2.0,2.0,3.0,3.0,1.0,4.0,0.0,3.0,1.0,3.0,0.0,3.0,0.0,1.0,1.0,0.0,1.0,2.0,1.0,0.0,2.0
61,4,0.0,0.0,3.0,2.0,1.0,1.0,3.0,1.0,0.0,1.0,1.0,1.0,3.0,1.0,0.0,0.0,0.0,0.0,0.0,1.0,1.0,3.0,0.0,1.0,0.0,0.0,2.0,4.0,3.0,1.0,1.0,4.0,1.0,1.0,3.0,3.0,3.0,2.0,4.0,0.0,0.0,1.0,1.0,5.0,1.0,0.0,0.0,0.0,2.0,3.0,4.0,0.0,0.0,1.0,2.0,1.0,1.0,3.0,0.0,4.0,2.0,0.0,0.0,4.0,1.0,2.0,1.0,2.0,0.0,1.0,0.0,0.0,2.0,2.0,1.0,1.0,1.0,1.0,0.0,1.0,0.0,0.0,3.0,2.0,1.0,1.0,0.0,0.0,0.0,2.0,0.0,3.0,2.0,1.0,1.0,0.0,4.0,0.0,7.0,1.0,2.0,3.0,2.0,0.0,3.0,0.0,4.0,2.0,1.0,1.0,8.0,2.0,1.0,2.0,1.0,1.0,0.0,0.0,1.0,0.0,3.0,1.0,2.0,0.0,0.0,2.0,1.0,0.0,0.0,2.0,0.0,0.0,0.0,4.0,3.0,0.0,0.0,1.0,2.0,1.0,6.0,1.0,0.0,0.0,3.0,3.0,1.0,1.0,2.0,1.0,5.0,3.0,0.0,1.0,2.0,3.0,0.0,1.0,5.0,1.0,1.0,2.0
61,5,1.0,1.0,0.0,0.0,0.0,0.0,0.0,2.0,2.0,1.0,0.0,4.0,0.0,0.0,0.0,0.0,1.0,0.0,0.0,0.0,2.0,0.0,0.0,0.0,3.0,1.0,1.0,0.0,0.0,0.0,0.0,2.0,0.0,1.0,2.0,1.0,0.0,0.0,1.0,5.0,0.0,2.0,0.0,0.0,0.0,0.0,0.0,0.0,0.0,3.0,0.0,0.0,0.0,2.0,0.0,2.0,3.0,0.0,2.0,1.0,1.0,2.0,0.0,1.0,1.0,0.0,1.0,0.0,0.0,0.0,1.0,0.0,1.0,2.0,1.0,0.0,0.0,0.0,0.0,1.0,0.0,0.0,2.0,1.0,1.0,0.0,1.0,2.0,1.0,1.0,1.0,0.0,1.0,0.0,0.0,0.0,2.0,0.0,0.0,1.0,1.0,3.0,0.0,1.0,0.0,0.0,1.0,1.0,2.0,0.0,1.0,0.0,1.0,0.0,3.0,0.0,0.0,1.0,1.0,1.0,0.0,3.0,0.0,0.0,1.0,0.0,0.0,1.0,0.0,0.0,1.0,0.0,1.0,0.0,0.0,0.0,0.0,1.0,4.0,1.0,0.0,1.0,1.0,0.0,0.0,2.0,0.0,1.0,0.0,0.0,1.0,0.0,0.0,0.0,0.0,0.0,2.0,1.0,0.0,1.0,1.0,0.0
61,7,0.0,0.0,1.0,2.0,3.0,2.0,2.0,2.0,1.0,1.0,0.0,0.0,0.0,1.0,0.0,0.0,0.0,0.0,0.0,1.0,1.0,0.0,0.0,0.0,2.0,2.0,1.0,2.0,1.0,0.0,1.0,0.0,0.0,0.0,1.0,1.0,3.0,1.0,2.0,1.0,0.0,0.0,0.0,0.0,6.0,0.0,0.0,0.0,0.0,0.0,0.0,0.0,0.0,0.0,0.0,1.0,0.0,0.0,1.0,1.0,0.0,0.0,1.0,2.0,0.0,0.0,1.0,4.0,0.0,2.0,0.0,1.0,1.0,0.0,0.0,0.0,1.0,2.0,0.0,0.0,1.0,0.0,0.0,2.0,0.0,1.0,2.0,5.0,8.0,3.0,0.0,2.0,1.0,1.0,1.0,3.0,3.0,1.0,1.0,1.0,0.0,1.0,1.0,0.0,3.0,0.0,0.0,1.0,2.0,0.0,0.0,0.0,0.0,0.0,1.0,0.0,0.0,1.0,3.0,0.0,1.0,0.0,0.0,1.0,1.0,0.0,1.0,3.0,0.0,0.0,1.0,1.0,1.0,1.0,0.0,1.0,0.0,1.0,2.0,4.0,7.0,3.0,1.0,1.0,3.0,1.0,2.0,1.0,2.0,2.0,0.0,3.0,0.0,2.0,0.0,2.0,1.0,2.0,0.0,0.0,0.0,1.0
61,8,2.0,1.0,1.0,1.0,1.0,1.0,1.0,2.0,1.0,2.0,0.0,0.0,1.0,0.0,1.0,0.0,1.0,0.0,1.0,0.0,0.0,2.0,1.0,0.0,3.0,1.0,0.0,4.0,0.0,2.0,2.0,0.0,0.0,0.0,0.0,3.0,3.0,3.0,1.0,1.0,0.0,0.0,1.0,0.0,0.0,1.0,0.0,0.0,1.0,2.0,0.0,2.0,2.0,0.0,1.0,2.0,2.0,3.0,1.0,1.0,3.0,2.0,0.0,3.0,1.0,3.0,1.0,1.0,1.0,0.0,0.0,1.0,1.0,0.0,2.0,1.0,1.0,0.0,0.0,1.0,1.0,2.0,1.0,3.0,3.0,0.0,2.0,2.0,2.0,2.0,4.0,1.0,3.0,1.0,2.0,4.0,2.0,0.0,0.0,3.0,1.0,1.0,0.0,0.0,3.0,0.0,1.0,1.0,0.0,4.0,0.0,2.0,1.0,0.0,2.0,2.0,2.0,5.0,1.0,4.0,2.0,4.0,1.0,0.0,0.0,0.0,0.0,1.0,1.0,1.0,2.0,3.0,2.0,4.0,4.0,5.0,5.0,3.0,5.0,3.0,7.0,1.0,3.0,0.0,0.0,0.0,2.0,0.0,1.0,0.0,3.0,2.0,1.0,3.0,5.0,5.0,1.0,1.0,0.0,2.0,0.0,1.0
61,9,2.0,4.0,5.0,0.0,0.0,1.0,1.0,0.0,0.0,2.0,1.0,0.0,1.0,1.0,0.0,0.0,0.0,2.0,1.0,0.0,0.0,0.0,0.0,1.0,1.0,1.0,0.0,1.0,0.0,1.0,3.0,3.0,2.0,2.0,4.0,3.0,0.0,0.0,0.0,0.0,0.0,0.0,0.0,0.0,0.0,0.0,0.0,1.0,1.0,2.0,3.0,0.0,0.0,0.0,0.0,2.0,3.0,2.0,1.0,2.0,3.0,0.0,0.0,3.0,2.0,0.0,1.0,1.0,1.0,1.0,1.0,3.0,2.0,0.0,1.0,0.0,1.0,1.0,0.0,0.0,0.0,0.0,1.0,1.0,1.0,0.0,1.0,3.0,3.0,1.0,3.0,1.0,0.0,2.0,1.0,1.0,0.0,0.0,1.0,0.0,0.0,0.0,0.0,0.0,2.0,0.0,0.0,3.0,1.0,1.0,1.0,0.0,0.0,1.0,0.0,1.0,1.0,1.0,3.0,0.0,1.0,1.0,1.0,1.0,1.0,1.0,0.0,0.0,0.0,0.0,1.0,0.0,0.0,1.0,0.0,0.0,0.0,1.0,0.0,1.0,3.0,2.0,1.0,0.0,1.0,0.0,0.0,0.0,1.0,1.0,1.0,0.0,2.0,0.0,0.0,0.0,0.0,0.0,0.0,0.0,0.0,0.0
61,10,1.0,1.0,1.0,3.0,0.0,1.0,1.0,0.0,0.0,0.0,1.0,1.0,0.0,0.0,2.0,0.0,0.0,1.0,2.0,1.0,1.0,0.0,2.0,0.0,1.0,1.0,1.0,0.0,0.0,1.0,2.0,2.0,0.0,1.0,1.0,1.0,1.0,0.0,1.0,0.0,1.0,2.0,0.0,0.0,0.0,1.0,1.0,1.0,0.0,0.0,0.0,0.0,1.0,0.0,1.0,0.0,0.0,2.0,2.0,2.0,1.0,2.0,1.0,1.0,2.0,0.0,0.0,0.0,0.0,0.0,0.0,0.0,1.0,2.0,1.0,1.0,0.0,1.0,0.0,0.0,1.0,3.0,0.0,0.0,0.0,2.0,1.0,4.0,0.0,0.0,0.0,1.0,0.0,0.0,1.0,2.0,3.0,1.0,0.0,0.0,0.0,0.0,0.0,0.0,0.0,1.0,0.0,0.0,2.0,1.0,0.0,1.0,0.0,1.0,1.0,2.0,1.0,0.0,0.0,1.0,0.0,0.0,1.0,1.0,0.0,0.0,0.0,0.0,0.0,0.0,1.0,0.0,0.0,2.0,1.0,1.0,0.0,1.0,1.0,1.0,1.0,1.0,1.0,0.0,2.0,2.0,1.0,1.0,4.0,0.0,1.0,0.0,1.0,0.0,1.0,1.0,1.0,1.0,1.0,2.0,1.0,2.0
61,11,0.0,1.0,1.0,0.0,0.0,0.0,0.0,1.0,2.0,0.0,0.0,0.0,0.0,0.0,0.0,0.0,2.0,0.0,0.0,1.0,1.0,1.0,2.0,0.0,0.0,0.0,0.0,1.0,1.0,0.0,0.0,0.0,2.0,0.0,0.0,0.0,1.0,0.0,0.0,1.0,0.0,1.0,0.0,0.0,0.0,0.0,0.0,1.0,0.0,2.0,2.0,0.0,0.0,0.0,3.0,4.0,1.0,0.0,1.0,0.0,0.0,4.0,1.0,2.0,0.0,1.0,1.0,0.0,4.0,2.0,0.0,2.0,1.0,0.0,3.0,0.0,1.0,0.0,0.0,1.0,1.0,1.0,1.0,2.0,1.0,3.0,0.0,3.0,1.0,1.0,0.0,2.0,2.0,0.0,0.0,0.0,6.0,1.0,0.0,2.0,2.0,1.0,0.0,0.0,0.0,1.0,0.0,1.0,1.0,0.0,0.0,0.0,0.0,3.0,3.0,2.0,0.0,0.0,2.0,1.0,0.0,1.0,1.0,2.0,0.0,1.0,0.0,2.0,1.0,1.0,1.0,0.0,0.0,1.0,0.0,0.0,3.0,1.0,0.0,3.0,1.0,2.0,0.0,0.0,2.0,0.0,0.0,0.0,0.0,0.0,0.0,0.0,1.0,0.0,3.0,0.0,0.0,0.0,0.0,1.0,0.0,2.0
61,12,1.0,0.0,0.0,1.0,1.0,1.0,0.0,0.0,2.0,0.0,1.0,0.0,0.0,0.0,2.0,1.0,1.0,0.0,0.0,1.0,0.0,0.0,0.0,1.0,2.0,0.0,1.0,1.0,0.0,2.0,3.0,3.0,2.0,3.0,1.0,3.0,4.0,4.0,3.0,0.0,0.0,0.0,2.0,0.0,1.0,2.0,0.0,1.0,0.0,1.0,0.0,0.0,2.0,0.0,0.0,3.0,1.0,0.0,0.0,2.0,0.0,1.0,2.0,0.0,0.0,3.0,1.0,0.0,1.0,2.0,0.0,0.0,0.0,1.0,1.0,0.0,2.0,0.0,0.0,2.0,3.0,1.0,0.0,1.0,2.0,2.0,2.0,4.0,5.0,1.0,1.0,1.0,1.0,3.0,3.0,5.0,0.0,1.0,3.0,1.0,0.0,1.0,0.0,2.0,0.0,1.0,0.0,2.0,0.0,0.0,1.0,1.0,2.0,3.0,3.0,1.0,1.0,0.0,2.0,0.0,1.0,1.0,0.0,0.0,3.0,2.0,1.0,0.0,2.0,1.0,5.0,1.0,0.0,1.0,1.0,0.0,0.0,0.0,3.0,2.0,2.0,1.0,0.0,1.0,0.0,0.0,0.0,1.0,0.0,0.0,0.0,0.0,1.0,0.0,1.0,0.0,1.0,1.0,0.0,1.0,4.0,1.0
61,13,1.0,0.0,0.0,0.0,0.0,0.0,2.0,2.0,0.0,1.0,0.0,2.0,0.0,4.0,0.0,2.0,2.0,0.0,0.0,0.0,1.0,1.0,0.0,1.0,1.0,0.0,1.0,0.0,2.0,0.0,2.0,0.0,1.0,0.0,2.0,6.0,3.0,1.0,1.0,0.0,2.0,0.0,1.0,1.0,0.0,1.0,1.0,0.0,0.0,0.0,2.0,2.0,0.0,0.0,0.0,1.0,0.0,0.0,0.0,2.0,0.0,1.0,0.0,0.0,0.0,2.0,0.0,0.0,2.0,0.0,0.0,1.0,2.0,0.0,1.0,2.0,0.0,2.0,0.0,0.0,0.0,0.0,2.0,1.0,1.0,0.0,2.0,2.0,4.0,1.0,0.0,1.0,2.0,0.0,1.0,0.0,0.0,0.0,1.0,2.0,0.0,1.0,2.0,0.0,0.0,1.0,1.0,0.0,0.0,2.0,0.0,0.0,0.0,0.0,1.0,0.0,3.0,0.0,2.0,0.0,0.0,1.0,0.0,0.0,2.0,0.0,2.0,1.0,0.0,2.0,0.0,0.0,0.0,2.0,1.0,0.0,1.0,1.0,1.0,0.0,2.0,2.0,0.0,0.0,1.0,0.0,2.0,1.0,0.0,2.0,1.0,0.0,0.0,1.0,0.0,0.0,2.0,2.0,0.0,1.0,0.0,0.0
61,14,0.0,0.0,1.0,0.0,0.0,0.0,0.0,1.0,0.0,1.0,0.0,0.0,0.0,0.0,0.0,0.0,0.0,0.0,0.0,0.0,0.0,0.0,0.0,1.0,0.0,1.0,0.0,0.0,0.0,1.0,1.0,0.0,1.0,0.0,1.0,1.0,2.0,0.0,0.0,0.0,0.0,0.0,0.0,0.0,0.0,0.0,0.0,0.0,0.0,0.0,0.0,0.0,0.0,0.0,0.0,1.0,1.0,0.0,0.0,1.0,0.0,0.0,0.0,0.0,0.0,0.0,0.0,0.0,0.0,0.0,0.0,0.0,0.0,0.0,0.0,0.0,0.0,0.0,1.0,0.0,0.0,0.0,0.0,3.0,0.0,0.0,6.0,4.0,7.0,0.0,1.0,3.0,0.0,0.0,1.0,0.0,0.0,0.0,2.0,1.0,0.0,0.0,3.0,0.0,2.0,0.0,1.0,0.0,4.0,0.0,1.0,1.0,0.0,0.0,0.0,0.0,1.0,2.0,1.0,1.0,0.0,1.0,0.0,1.0,0.0,3.0,0.0,0.0,0.0,0.0,2.0,0.0,1.0,0.0,2.0,2.0,2.0,1.0,1.0,1.0,8.0,0.0,0.0,2.0,0.0,0.0,1.0,3.0,0.0,0.0,0.0,0.0,2.0,0.0,1.0,0.0,0.0,0.0,0.0,1.0,1.0,1.0
61,15,3.0,3.0,4.0,3.0,1.0,0.0,2.0,2.0,4.0,2.0,2.0,5.0,5.0,4.0,4.0,0.0,1.0,2.0,4.0,5.0,3.0,2.0,4.0,2.0,5.0,7.0,5.0,4.0,2.0,2.0,5.0,5.0,3.0,4.0,2.0,8.0,3.0,1.0,0.0,6.0,3.0,2.0,3.0,5.0,1.0,3.0,2.0,12.0,3.0,8.0,3.0,1.0,2.0,6.0,9.0,8.0,5.0,3.0,8.0,4.0,5.0,4.0,3.0,2.0,6.0,4.0,6.0,3.0,9.0,6.0,4.0,6.0,2.0,6.0,7.0,5.0,4.0,10.0,5.0,2.0,3.0,1.0,6.0,7.0,7.0,3.0,6.0,4.0,1.0,4.0,8.0,13.0,1.0,6.0,5.0,6.0,3.0,0.0,2.0,0.0,2.0,4.0,3.0,2.0,1.0,5.0,5.0,12.0,3.0,6.0,6.0,5.0,8.0,3.0,4.0,8.0,0.0,7.0,2.0,5.0,5.0,11.0,4.0,5.0,4.0,12.0,3.0,2.0,5.0,3.0,1.0,3.0,3.0,4.0,3.0,11.0,8.0,5.0,7.0,8.0,5.0,4.0,6.0,5.0,4.0,2.0,6.0,3.0,6.0,1.0,6.0,2.0,2.0,1.0,3.0,4.0,4.0,2.0,4.0,10.0,8.0,3.0
61,19,0.0,0.0,0.0,2.0,0.0,1.0,0.0,1.0,0.0,0.0,0.0,0.0,1.0,1.0,0.0,0.0,0.0,0.0,0.0,0.0,2.0,0.0,0.0,1.0,3.0,1.0,3.0,1.0,1.0,1.0,0.0,3.0,1.0,1.0,3.0,3.0,1.0,0.0,5.0,4.0,1.0,1.0,1.0,2.0,0.0,0.0,0.0,0.0,0.0,0.0,0.0,2.0,0.0,0.0,0.0,0.0,3.0,1.0,2.0,2.0,0.0,1.0,1.0,1.0,2.0,1.0,1.0,0.0,2.0,1.0,1.0,4.0,0.0,2.0,0.0,0.0,1.0,1.0,1.0,1.0,1.0,1.0,0.0,2.0,0.0,0.0,0.0,2.0,2.0,1.0,1.0,1.0,1.0,1.0,2.0,1.0,1.0,0.0,0.0,2.0,2.0,2.0,2.0,1.0,0.0,0.0,1.0,2.0,1.0,0.0,0.0,2.0,0.0,2.0,0.0,0.0,0.0,1.0,0.0,1.0,0.0,0.0,0.0,0.0,1.0,1.0,1.0,0.0,3.0,0.0,0.0,1.0,0.0,2.0,2.0,0.0,2.0,0.0,1.0,1.0,0.0,0.0,0.0,1.0,2.0,1.0,0.0,2.0,1.0,0.0,1.0,4.0,0.0,0.0,1.0,0.0,0.0,0.0,0.0,2.0,0.0,1.0
61,20,3.0,0.0,1.0,3.0,1.0,1.0,0.0,1.0,1.0,0.0,2.0,2.0,0.0,0.0,0.0,1.0,0.0,0.0,1.0,0.0,0.0,0.0,1.0,0.0,1.0,0.0,0.0,0.0,1.0,0.0,1.0,2.0,0.0,1.0,2.0,2.0,2.0,0.0,3.0,1.0,0.0,1.0,0.0,0.0,0.0,1.0,0.0,1.0,0.0,0.0,0.0,0.0,0.0,1.0,0.0,0.0,0.0,0.0,0.0,2.0,2.0,1.0,2.0,2.0,2.0,1.0,0.0,0.0,1.0,2.0,0.0,4.0,2.0,0.0,2.0,1.0,0.0,0.0,0.0,2.0,2.0,0.0,1.0,2.0,0.0,0.0,0.0,3.0,3.0,0.0,1.0,1.0,0.0,0.0,0.0,1.0,2.0,0.0,0.0,1.0,0.0,1.0,1.0,1.0,1.0,1.0,0.0,0.0,0.0,0.0,1.0,0.0,2.0,0.0,0.0,4.0,0.0,0.0,0.0,1.0,1.0,2.0,3.0,1.0,1.0,0.0,0.0,0.0,0.0,0.0,0.0,0.0,2.0,1.0,0.0,2.0,1.0,0.0,0.0,1.0,3.0,1.0,0.0,1.0,1.0,2.0,0.0,1.0,1.0,1.0,2.0,1.0,0.0,1.0,3.0,0.0,1.0,0.0,2.0,0.0,3.0,0.0
61,21,3.0,1.0,1.0,2.0,2.0,0.0,0.0,0.0,2.0,0.0,0.0,0.0,0.0,1.0,2.0,0.0,2.0,0.0,0.0,2.0,0.0,1.0,1.0,0.0,0.0,0.0,3.0,2.0,3.0,0.0,0.0,1.0,0.0,1.0,3.0,1.0,1.0,1.0,1.0,1.0,1.0,2.0,1.0,1.0,1.0,3.0,1.0,0.0,0.0,0.0,0.0,0.0,1.0,0.0,0.0,1.0,2.0,0.0,1.0,1.0,3.0,1.0,1.0,0.0,0.0,2.0,0.0,0.0,1.0,0.0,1.0,1.0,3.0,0.0,0.0,1.0,3.0,0.0,0.0,0.0,1.0,2.0,0.0,0.0,2.0,1.0,4.0,2.0,1.0,0.0,0.0,3.0,3.0,0.0,1.0,2.0,1.0,0.0,0.0,2.0,4.0,1.0,1.0,0.0,0.0,0.0,1.0,1.0,1.0,0.0,0.0,2.0,0.0,0.0,0.0,2.0,0.0,3.0,0.0,0.0,0.0,0.0,0.0,2.0,1.0,2.0,0.0,1.0,2.0,1.0,0.0,0.0,1.0,1.0,1.0,1.0,1.0,0.0,5.0,2.0,0.0,0.0,0.0,0.0,0.0,0.0,3.0,3.0,2.0,0.0,2.0,0.0,0.0,0.0,0.0,1.0,0.0,1.0,2.0,2.0,0.0,1.0
61,22,2.0,0.0,1.0,1.0,0.0,1.0,1.0,1.0,2.0,0.0,0.0,0.0,1.0,0.0,1.0,0.0,2.0,2.0,0.0,0.0,0.0,1.0,2.0,0.0,2.0,2.0,0.0,1.0,1.0,0.0,3.0,2.0,0.0,1.0,0.0,2.0,4.0,2.0,2.0,1.0,0.0,3.0,1.0,0.0,3.0,0.0,1.0,6.0,0.0,0.0,0.0,0.0,7.0,0.0,2.0,1.0,0.0,3.0,0.0,1.0,1.0,0.0,3.0,0.0,0.0,0.0,0.0,1.0,3.0,3.0,2.0,1.0,4.0,0.0,2.0,0.0,1.0,0.0,0.0,1.0,0.0,1.0,2.0,4.0,1.0,1.0,3.0,0.0,1.0,0.0,1.0,0.0,1.0,0.0,1.0,1.0,1.0,0.0,1.0,1.0,0.0,4.0,3.0,0.0,0.0,0.0,2.0,0.0,0.0,1.0,1.0,2.0,2.0,1.0,2.0,0.0,2.0,0.0,5.0,0.0,2.0,1.0,0.0,2.0,1.0,3.0,0.0,1.0,1.0,2.0,0.0,0.0,1.0,0.0,1.0,0.0,1.0,0.0,1.0,1.0,1.0,2.0,1.0,0.0,1.0,0.0,0.0,0.0,0.0,0.0,0.0,0.0,0.0,1.0,0.0,0.0,1.0,2.0,0.0,1.0,0.0,3.0
61,23,131.0,84.0,113.0,153.0,124.0,56.0,133.0,104.0,40.0,55.0,60.0,97.0,87.0,136.0,102.0,81.0,47.0,18.0,29.0,46.0,24.0,34.0,71.0,55.0,56.0,58.0,87.0,108.0,148.0,128.0,277.0,203.0,97.0,195.0,127.0,260.0,407.0,180.0,158.0,103.0,64.0,52.0,47.0,25.0,46.0,41.0,52.0,38.0,26.0,66.0,33.0,34.0,40.0,19.0,206.0,82.0,74.0,80.0,93.0,67.0,77.0,92.0,85.0,74.0,35.0,37.0,24.0,22.0,55.0,37.0,29.0,40.0,161.0,111.0,76.0,39.0,57.0,81.0,71.0,74.0,59.0,114.0,78.0,135.0,116.0,79.0,151.0,118.0,161.0,45.0,30.0,8.0,14.0,6.0,9.0,8.0,15.0,6.0,11.0,100.0,193.0,86.0,86.0,116.0,136.0,22.0,39.0,84.0,39.0,146.0,114.0,53.0,25.0,104.0,25.0,24.0,12.0,29.0,17.0,60.0,101.0,78.0,97.0,43.0,95.0,46.0,71.0,78.0,114.0,156.0,77.0,20.0,110.0,91.0,35.0,259.0,252.0,170.0,400.0,194.0,333.0,101.0,65.0,39.0,36.0,48.0,29.0,180.0,165.0,99.0,92.0,78.0,47.0,81.0,68.0,126.0,118.0,109.0,80.0,109.0,38.0,106.0
61,24,2.0,2.0,3.0,2.0,0.0,0.0,0.0,0.0,1.0,2.0,2.0,0.0,2.0,1.0,2.0,1.0,0.0,0.0,0.0,0.0,0.0,0.0,0.0,0.0,3.0,0.0,0.0,0.0,0.0,0.0,0.0,5.0,0.0,1.0,4.0,5.0,15.0,4.0,3.0,1.0,0.0,0.0,0.0,0.0,2.0,0.0,4.0,1.0,2.0,4.0,1.0,1.0,1.0,0.0,4.0,3.0,0.0,0.0,1.0,0.0,0.0,3.0,0.0,1.0,3.0,0.0,1.0,0.0,2.0,0.0,2.0,3.0,0.0,0.0,0.0,1.0,0.0,0.0,2.0,1.0,0.0,1.0,0.0,8.0,2.0,0.0,3.0,5.0,3.0,0.0,0.0,0.0,2.0,0.0,1.0,2.0,0.0,1.0,0.0,1.0,0.0,0.0,2.0,1.0,4.0,1.0,2.0,2.0,0.0,0.0,0.0,1.0,0.0,0.0,1.0,1.0,1.0,2.0,2.0,3.0,1.0,0.0,0.0,1.0,0.0,2.0,0.0,0.0,0.0,0.0,1.0,0.0,3.0,3.0,1.0,3.0,2.0,0.0,3.0,6.0,17.0,6.0,5.0,4.0,0.0,3.0,2.0,1.0,0.0,2.0,3.0,4.0,1.0,1.0,0.0,1.0,1.0,0.0,2.0,1.0,2.0,5.0
61,26,0.0,0.0,0.0,0.0,0.0,0.0,0.0,0.0,0.0,0.0,0.0,0.0,0.0,0.0,0.0,0.0,0.0,0.0,0.0,0.0,0.0,0.0,0.0,0.0,0.0,0.0,0.0,0.0,0.0,0.0,0.0,0.0,0.0,0.0,0.0,0.0,0.0,0.0,0.0,0.0,0.0,0.0,0.0,0.0,0.0,0.0,0.0,0.0,0.0,0.0,0.0,0.0,0.0,0.0,0.0,0.0,0.0,0.0,0.0,0.0,0.0,0.0,0.0,0.0,0.0,0.0,0.0,0.0,2.0,1.0,2.0,0.0,0.0,3.0,2.0,1.0,2.0,1.0,2.0,2.0,0.0,1.0,0.0,4.0,2.0,0.0,3.0,5.0,10.0,2.0,2.0,1.0,1.0,0.0,0.0,1.0,1.0,0.0,0.0,1.0,0.0,0.0,3.0,0.0,2.0,3.0,1.0,0.0,0.0,1.0,4.0,3.0,2.0,1.0,0.0,1.0,1.0,5.0,4.0,1.0,1.0,2.0,1.0,2.0,1.0,2.0,0.0,2.0,0.0,0.0,0.0,0.0,0.0,0.0,0.0,0.0,0.0,0.0,0.0,0.0,2.0,0.0,0.0,0.0,1.0,0.0,0.0,0.0,4.0,3.0,0.0,0.0,0.0,0.0,0.0,0.0,1.0,0.0,0.0,5.0,1.0,0.0
61,27,1.0,1.0,4.0,13.0,4.0,1.0,4.0,10.0,0.0,0.0,1.0,4.0,2.0,4.0,2.0,2.0,3.0,3.0,1.0,1.0,1.0,0.0,2.0,2.0,1.0,2.0,0.0,4.0,4.0,1.0,2.0,1.0,3.0,14.0,3.0,3.0,0.0,0.0,0.0,0.0,0.0,1.0,1.0,1.0,0.0,0.0,0.0,1.0,14.0,1.0,2.0,5.0,0.0,1.0,6.0,26.0,5.0,3.0,2.0,2.0,3.0,2.0,1.0,4.0,3.0,5.0,7.0,7.0,3.0,1.0,3.0,1.0,2.0,5.0,1.0,6.0,1.0,5.0,1.0,13.0,10.0,5.0,7.0,9.0,8.0,6.0,6.0,19.0,18.0,6.0,0.0,0.0,0.0,2.0,3.0,0.0,2.0,1.0,5.0,5.0,0.0,0.0,8.0,4.0,6.0,2.0,1.0,14.0,9.0,1.0,12.0,5.0,3.0,8.0,3.0,3.0,3.0,5.0,3.0,2.0,2.0,6.0,2.0,6.0,10.0,3.0,0.0,10.0,12.0,3.0,6.0,6.0,3.0,5.0,11.0,5.0,0.0,8.0,6.0,22.0,8.0,4.0,2.0,2.0,6.0,0.0,0.0,0.0,6.0,0.0,0.0,0.0,0.0,0.0,0.0,0.0,0.0,0.0,0.0,0.0,0.0,0.0
61,29,6.0,0.0,1.0,2.0,0.0,0.0,1.0,0.0,3.0,5.0,5.0,3.0,7.0,5.0,1.0,2.0,1.0,1.0,0.0,0.0,0.0,4.0,4.0,1.0,5.0,2.0,0.0,0.0,0.0,2.0,11.0,5.0,2.0,8.0,6.0,8.0,0.0,0.0,9.0,3.0,0.0,0.0,1.0,8.0,14.0,10.0,9.0,12.0,6.0,4.0,5.0,0.0,0.0,7.0,6.0,8.0,1.0,10.0,5.0,8.0,5.0,3.0,14.0,5.0,4.0,2.0,10.0,9.0,3.0,3.0,4.0,2.0,3.0,10.0,2.0,5.0,5.0,1.0,6.0,4.0,1.0,0.0,3.0,5.0,18.0,4.0,7.0,6.0,3.0,11.0,4.0,2.0,0.0,0.0,0.0,0.0,3.0,4.0,5.0,1.0,1.0,0.0,0.0,1.0,0.0,2.0,0.0,1.0,3.0,1.0,0.0,2.0,3.0,0.0,1.0,0.0,2.0,0.0,2.0,4.0,6.0,0.0,0.0,1.0,0.0,0.0,2.0,4.0,1.0,0.0,0.0,0.0,0.0,3.0,0.0,7.0,7.0,0.0,16.0,6.0,4.0,5.0,3.0,0.0,3.0,4.0,0.0,2.0,0.0,0.0,0.0,0.0,0.0,0.0,1.0,0.0,0.0,0.0,0.0,0.0,0.0,0.0
61,30,0.0,0.0,0.0,7.0,7.0,0.0,3.0,0.0,0.0,4.0,9.0,2.0,6.0,7.0,4.0,1.0,4.0,3.0,0.0,0.0,0.0,2.0,2.0,2.0,4.0,2.0,10.0,6.0,2.0,0.0,19.0,8.0,0.0,6.0,4.0,5.0,1.0,0.0,1.0,2.0,0.0,0.0,0.0,1.0,1.0,4.0,2.0,0.0,4.0,0.0,3.0,1.0,1.0,6.0,9.0,3.0,10.0,2.0,4.0,6.0,6.0,6.0,4.0,5.0,8.0,5.0,7.0,5.0,8.0,14.0,5.0,5.0,2.0,3.0,3.0,4.0,0.0,2.0,1.0,0.0,0.0,0.0,2.0,11.0,8.0,2.0,4.0,8.0,9.0,7.0,6.0,9.0,2.0,2.0,7.0,2.0,1.0,1.0,0.0,2.0,0.0,2.0,1.0,5.0,3.0,0.0,3.0,4.0,0.0,1.0,2.0,3.0,2.0,2.0,1.0,0.0,4.0,2.0,0.0,3.0,2.0,0.0,1.0,3.0,3.0,6.0,4.0,1.0,0.0,5.0,0.0,2.0,0.0,0.0,0.0,12.0,11.0,4.0,12.0,10.0,5.0,5.0,5.0,0.0,4.0,2.0,1.0,0.0,0.0,0.0,3.0,0.0,0.0,0.0,0.0,0.0,1.0,0.0,0.0,0.0,0.0,0.0
61,31,0.0,0.0,0.0,0.0,0.0,1.0,0.0,0.0,2.0,1.0,0.0,0.0,0.0,0.0,1.0,0.0,0.0,1.0,0.0,1.0,0.0,0.0,1.0,0.0,0.0,0.0,0.0,1.0,0.0,0.0,0.0,1.0,0.0,0.0,0.0,1.0,5.0,5.0,2.0,1.0,0.0,0.0,0.0,2.0,1.0,0.0,0.0,0.0,1.0,0.0,0.0,0.0,0.0,0.0,0.0,0.0,4.0,0.0,0.0,0.0,0.0,0.0,0.0,0.0,1.0,0.0,0.0,0.0,0.0,1.0,1.0,3.0,0.0,0.0,0.0,1.0,2.0,0.0,0.0,0.0,0.0,1.0,0.0,0.0,1.0,3.0,1.0,3.0,8.0,0.0,1.0,2.0,1.0,0.0,0.0,1.0,1.0,0.0,1.0,1.0,3.0,1.0,0.0,3.0,2.0,1.0,4.0,3.0,4.0,2.0,0.0,2.0,0.0,0.0,1.0,0.0,2.0,2.0,2.0,0.0,0.0,0.0,1.0,0.0,0.0,0.0,0.0,0.0,2.0,1.0,0.0,0.0,0.0,1.0,1.0,1.0,2.0,2.0,3.0,2.0,13.0,1.0,1.0,0.0,1.0,0.0,0.0,1.0,4.0,1.0,2.0,0.0,1.0,1.0,0.0,1.0,0.0,0.0,1.0,1.0,3.0,1.0
61,32,0.0,0.0,0.0,3.0,1.0,0.0,0.0,1.0,1.0,1.0,0.0,0.0,0.0,1.0,0.0,0.0,0.0,1.0,0.0,1.0,0.0,0.0,0.0,1.0,0.0,1.0,0.0,0.0,2.0,0.0,1.0,1.0,1.0,4.0,1.0,0.0,4.0,1.0,0.0,0.0,0.0,0.0,0.0,0.0,0.0,0.0,0.0,2.0,0.0,0.0,0.0,0.0,1.0,0.0,0.0,0.0,2.0,0.0,1.0,1.0,1.0,0.0,0.0,1.0,0.0,0.0,1.0,1.0,0.0,1.0,0.0,0.0,0.0,0.0,1.0,0.0,1.0,0.0,0.0,1.0,0.0,0.0,1.0,2.0,1.0,1.0,1.0,4.0,11.0,2.0,0.0,0.0,1.0,1.0,1.0,1.0,2.0,1.0,1.0,0.0,5.0,0.0,0.0,0.0,1.0,1.0,3.0,2.0,4.0,1.0,0.0,0.0,1.0,2.0,0.0,1.0,1.0,0.0,1.0,1.0,0.0,2.0,0.0,2.0,0.0,1.0,2.0,0.0,0.0,0.0,0.0,0.0,1.0,0.0,0.0,0.0,0.0,0.0,2.0,3.0,4.0,7.0,0.0,0.0,2.0,0.0,0.0,4.0,5.0,0.0,0.0,1.0,1.0,2.0,2.0,1.0,0.0,0.0,0.0,1.0,2.0,2.0
61,33,0.0,0.0,1.0,0.0,0.0,0.0,1.0,0.0,1.0,5.0,0.0,0.0,1.0,3.0,0.0,0.0,0.0,0.0,0.0,0.0,0.0,0.0,0.0,0.0,0.0,1.0,2.0,1.0,3.0,1.0,1.0,2.0,1.0,0.0,6.0,2.0,5.0,1.0,0.0,3.0,0.0,1.0,2.0,0.0,0.0,0.0,0.0,2.0,2.0,0.0,4.0,0.0,2.0,2.0,1.0,1.0,0.0,2.0,0.0,1.0,1.0,7.0,1.0,0.0,0.0,0.0,2.0,1.0,0.0,2.0,0.0,5.0,0.0,0.0,0.0,0.0,2.0,0.0,0.0,1.0,5.0,0.0,1.0,3.0,8.0,2.0,2.0,7.0,6.0,3.0,0.0,2.0,1.0,1.0,0.0,1.0,5.0,2.0,4.0,4.0,1.0,0.0,0.0,1.0,3.0,1.0,1.0,2.0,2.0,0.0,1.0,3.0,3.0,1.0,2.0,1.0,3.0,1.0,0.0,1.0,1.0,0.0,4.0,0.0,0.0,0.0,2.0,0.0,2.0,3.0,0.0,1.0,1.0,0.0,3.0,4.0,2.0,2.0,2.0,2.0,2.0,1.0,1.0,0.0,4.0,2.0,0.0,0.0,0.0,3.0,3.0,0.0,1.0,0.0,0.0,2.0,0.0,3.0,1.0,1.0,0.0,1.0
61,34,0.0,0.0,0.0,1.0,2.0,1.0,1.0,2.0,1.0,2.0,0.0,4.0,1.0,1.0,1.0,0.0,2.0,0.0,0.0,0.0,0.0,2.0,1.0,0.0,1.0,1.0,0.0,0.0,0.0,0.0,0.0,2.0,0.0,3.0,0.0,8.0,3.0,0.0,6.0,1.0,1.0,0.0,0.0,0.0,0.0,0.0,0.0,5.0,1.0,1.0,2.0,0.0,1.0,3.0,1.0,0.0,1.0,0.0,1.0,4.0,0.0,7.0,2.0,0.0,0.0,0.0,0.0,0.0,0.0,0.0,1.0,1.0,0.0,1.0,0.0,3.0,0.0,2.0,1.0,3.0,0.0,0.0,1.0,4.0,4.0,0.0,1.0,4.0,4.0,3.0,1.0,2.0,0.0,1.0,0.0,0.0,0.0,1.0,2.0,0.0,1.0,3.0,1.0,1.0,0.0,4.0,1.0,0.0,0.0,1.0,0.0,0.0,0.0,0.0,0.0,0.0,1.0,1.0,0.0,1.0,0.0,0.0,0.0,0.0,0.0,0.0,1.0,0.0,2.0,0.0,0.0,2.0,0.0,2.0,0.0,1.0,0.0,3.0,7.0,2.0,2.0,3.0,0.0,0.0,1.0,0.0,0.0,0.0,1.0,0.0,0.0,0.0,2.0,2.0,0.0,0.0,0.0,0.0,0.0,0.0,0.0,1.0
61,35,2.0,0.0,2.0,4.0,1.0,1.0,0.0,1.0,1.0,2.0,0.0,0.0,0.0,0.0,2.0,1.0,0.0,0.0,2.0,2.0,0.0,1.0,0.0,2.0,0.0,1.0,2.0,0.0,0.0,0.0,0.0,0.0,0.0,0.0,0.0,0.0,2.0,2.0,2.0,3.0,0.0,3.0,0.0,1.0,0.0,2.0,0.0,0.0,1.0,1.0,0.0,1.0,0.0,1.0,2.0,0.0,1.0,1.0,0.0,0.0,0.0,1.0,1.0,2.0,1.0,0.0,1.0,0.0,1.0,3.0,3.0,0.0,0.0,2.0,3.0,2.0,0.0,0.0,1.0,1.0,3.0,2.0,0.0,2.0,1.0,0.0,0.0,2.0,0.0,1.0,3.0,2.0,1.0,0.0,2.0,0.0,0.0,0.0,0.0,0.0,3.0,2.0,0.0,3.0,1.0,0.0,1.0,1.0,0.0,0.0,1.0,2.0,0.0,1.0,1.0,0.0,0.0,1.0,1.0,2.0,2.0,1.0,0.0,0.0,0.0,0.0,0.0,1.0,0.0,1.0,1.0,1.0,1.0,0.0,0.0,1.0,3.0,1.0,2.0,0.0,1.0,0.0,0.0,3.0,0.0,1.0,0.0,0.0,1.0,1.0,1.0,0.0,0.0,0.0,1.0,1.0,1.0,0.0,2.0,1.0,2.0,1.0
61,36,1.0,0.0,0.0,0.0,1.0,0.0,1.0,2.0,1.0,2.0,1.0,2.0,0.0,1.0,0.0,0.0,2.0,0.0,0.0,1.0,0.0,2.0,3.0,0.0,1.0,1.0,1.0,0.0,0.0,0.0,0.0,1.0,0.0,1.0,0.0,1.0,2.0,2.0,0.0,0.0,1.0,1.0,0.0,1.0,3.0,0.0,0.0,0.0,0.0,3.0,0.0,1.0,0.0,0.0,1.0,1.0,2.0,3.0,1.0,0.0,1.0,1.0,1.0,1.0,2.0,1.0,0.0,0.0,0.0,2.0,0.0,1.0,1.0,0.0,2.0,2.0,1.0,0.0,2.0,0.0,0.0,0.0,2.0,1.0,1.0,1.0,0.0,0.0,2.0,3.0,1.0,1.0,1.0,2.0,0.0,0.0,0.0,0.0,0.0,0.0,1.0,0.0,1.0,1.0,0.0,1.0,1.0,0.0,2.0,2.0,0.0,2.0,0.0,0.0,0.0,0.0,1.0,0.0,0.0,2.0,0.0,0.0,1.0,1.0,1.0,3.0,2.0,2.0,0.0,1.0,1.0,2.0,0.0,0.0,3.0,0.0,1.0,0.0,0.0,1.0,3.0,0.0,0.0,1.0,0.0,0.0,0.0,1.0,0.0,0.0,1.0,1.0,0.0,0.0,2.0,1.0,1.0,0.0,2.0,0.0,0.0,0.0
61,37,0.0,0.0,1.0,2.0,3.0,1.0,0.0,1.0,2.0,1.0,0.0,1.0,0.0,0.0,0.0,0.0,0.0,0.0,0.0,0.0,0.0,0.0,1.0,0.0,0.0,0.0,1.0,1.0,1.0,1.0,1.0,2.0,0.0,0.0,0.0,3.0,2.0,1.0,0.0,0.0,0.0,1.0,0.0,0.0,0.0,0.0,1.0,0.0,1.0,1.0,1.0,1.0,0.0,0.0,0.0,0.0,1.0,0.0,0.0,0.0,1.0,1.0,0.0,0.0,0.0,0.0,0.0,0.0,0.0,0.0,0.0,0.0,0.0,1.0,0.0,0.0,4.0,0.0,1.0,0.0,0.0,0.0,0.0,0.0,1.0,0.0,2.0,1.0,11.0,0.0,0.0,0.0,0.0,0.0,3.0,1.0,0.0,1.0,2.0,0.0,0.0,0.0,1.0,1.0,1.0,1.0,0.0,0.0,3.0,0.0,0.0,0.0,2.0,1.0,0.0,0.0,0.0,1.0,0.0,0.0,0.0,1.0,0.0,1.0,1.0,0.0,2.0,0.0,0.0,2.0,1.0,1.0,1.0,1.0,0.0,1.0,3.0,1.0,2.0,2.0,1.0,0.0,0.0,0.0,1.0,0.0,1.0,2.0,1.0,0.0,0.0,1.0,0.0,0.0,0.0,0.0,0.0,1.0,0.0,0.0,0.0,2.0
61,38,2.0,3.0,1.0,1.0,1.0,0.0,3.0,1.0,2.0,1.0,1.0,2.0,2.0,1.0,3.0,2.0,2.0,1.0,3.0,1.0,2.0,0.0,2.0,2.0,3.0,3.0,0.0,2.0,1.0,0.0,3.0,2.0,1.0,5.0,1.0,3.0,2.0,1.0,0.0,1.0,1.0,1.0,2.0,1.0,2.0,2.0,3.0,0.0,0.0,0.0,3.0,0.0,2.0,3.0,5.0,5.0,3.0,0.0,2.0,5.0,1.0,1.0,0.0,3.0,2.0,2.0,0.0,0.0,0.0,1.0,1.0,1.0,0.0,0.0,0.0,0.0,5.0,4.0,0.0,0.0,0.0,1.0,1.0,7.0,0.0,2.0,0.0,0.0,0.0,0.0,1.0,0.0,0.0,0.0,0.0,0.0,1.0,0.0,4.0,1.0,0.0,2.0,0.0,1.0,2.0,2.0,1.0,3.0,3.0,2.0,2.0,1.0,0.0,4.0,0.0,1.0,1.0,1.0,1.0,1.0,1.0,2.0,0.0,2.0,1.0,3.0,3.0,2.0,1.0,1.0,3.0,0.0,1.0,0.0,0.0,5.0,1.0,1.0,1.0,3.0,0.0,0.0,0.0,3.0,0.0,2.0,2.0,1.0,2.0,0.0,2.0,1.0,1.0,2.0,1.0,2.0,1.0,0.0,4.0,5.0,1.0,1.0
61,39,3.0,3.0,5.0,5.0,3.0,2.0,3.0,1.0,2.0,3.0,1.0,2.0,1.0,2.0,0.0,1.0,3.0,1.0,2.0,0.0,0.0,4.0,7.0,2.0,3.0,4.0,2.0,5.0,2.0,4.0,4.0,6.0,4.0,2.0,1.0,1.0,0.0,0.0,0.0,2.0,2.0,0.0,1.0,5.0,1.0,2.0,1.0,1.0,1.0,0.0,1.0,0.0,1.0,0.0,0.0,0.0,3.0,2.0,2.0,4.0,2.0,2.0,3.0,6.0,3.0,3.0,4.0,3.0,0.0,3.0,6.0,4.0,4.0,2.0,4.0,3.0,1.0,4.0,1.0,3.0,1.0,3.0,7.0,4.0,7.0,1.0,4.0,5.0,4.0,2.0,3.0,4.0,7.0,6.0,3.0,0.0,2.0,5.0,3.0,1.0,3.0,2.0,3.0,3.0,3.0,1.0,2.0,3.0,3.0,2.0,3.0,2.0,2.0,2.0,2.0,2.0,3.0,2.0,5.0,2.0,4.0,2.0,4.0,2.0,4.0,1.0,3.0,3.0,1.0,1.0,4.0,6.0,2.0,9.0,2.0,1.0,2.0,2.0,3.0,4.0,5.0,3.0,6.0,1.0,0.0,4.0,4.0,4.0,3.0,3.0,4.0,1.0,2.0,1.0,0.0,0.0,2.0,5.0,5.0,6.0,2.0,2.0
61,42,3.0,4.0,9.0,5.0,6.0,3.0,2.0,2.0,0.0,2.0,2.0,0.0,1.0,3.0,1.0,6.0,3.0,0.0,2.0,2.0,1.0,2.0,2.0,4.0,1.0,1.0,4.0,5.0,2.0,0.0,3.0,1.0,1.0,1.0,0.0,3.0,7.0,3.0,1.0,1.0,1.0,1.0,2.0,0.0,2.0,2.0,3.0,5.0,3.0,3.0,1.0,0.0,1.0,0.0,2.0,3.0,1.0,2.0,5.0,0.0,1.0,0.0,3.0,3.0,1.0,1.0,3.0,0.0,1.0,1.0,1.0,1.0,2.0,0.0,1.0,1.0,3.0,3.0,2.0,1.0,1.0,2.0,1.0,1.0,1.0,1.0,7.0,3.0,9.0,0.0,1.0,2.0,1.0,0.0,4.0,2.0,5.0,5.0,0.0,2.0,4.0,1.0,1.0,3.0,4.0,2.0,3.0,5.0,4.0,3.0,1.0,3.0,5.0,0.0,0.0,2.0,1.0,3.0,3.0,5.0,1.0,3.0,3.0,1.0,1.0,2.0,1.0,1.0,3.0,2.0,6.0,3.0,2.0,1.0,4.0,2.0,3.0,1.0,4.0,6.0,5.0,1.0,2.0,1.0,2.0,1.0,1.0,1.0,0.0,2.0,4.0,1.0,7.0,1.0,1.0,2.0,0.0,0.0,2.0,1.0,6.0,1.0
61,43,1.0,2.0,0.0,3.0,0.0,1.0,0.0,0.0,0.0,2.0,1.0,0.0,0.0,0.0,0.0,0.0,0.0,0.0,0.0,0.0,0.0,0.0,0.0,0.0,0.0,0.0,0.0,0.0,0.0,1.0,0.0,0.0,0.0,0.0,0.0,0.0,1.0,0.0,0.0,0.0,0.0,0.0,0.0,0.0,2.0,0.0,2.0,0.0,1.0,0.0,0.0,1.0,1.0,1.0,0.0,1.0,0.0,0.0,0.0,0.0,1.0,0.0,0.0,1.0,1.0,0.0,0.0,1.0,0.0,0.0,0.0,1.0,1.0,0.0,1.0,0.0,1.0,1.0,1.0,0.0,0.0,0.0,1.0,2.0,1.0,1.0,0.0,1.0,1.0,0.0,0.0,0.0,0.0,0.0,0.0,1.0,3.0,1.0,0.0,0.0,1.0,0.0,4.0,2.0,1.0,2.0,0.0,2.0,1.0,0.0,1.0,1.0,1.0,1.0,1.0,1.0,1.0,4.0,1.0,0.0,0.0,0.0,1.0,0.0,2.0,1.0,0.0,0.0,0.0,0.0,3.0,1.0,0.0,0.0,2.0,1.0,2.0,1.0,0.0,1.0,3.0,1.0,0.0,2.0,1.0,0.0,1.0,0.0,2.0,0.0,0.0,0.0,0.0,0.0,0.0,1.0,1.0,0.0,0.0,0.0,0.0,1.0
61,44,1.0,0.0,4.0,6.0,0.0,2.0,1.0,1.0,1.0,2.0,0.0,0.0,1.0,1.0,0.0,2.0,1.0,1.0,2.0,0.0,0.0,1.0,0.0,0.0,1.0,0.0,0.0,2.0,0.0,1.0,0.0,2.0,0.0,0.0,0.0,1.0,4.0,0.0,1.0,2.0,1.0,1.0,0.0,1.0,0.0,0.0,0.0,0.0,1.0,1.0,0.0,1.0,1.0,0.0,4.0,0.0,3.0,0.0,0.0,1.0,1.0,1.0,0.0,0.0,0.0,0.0,0.0,1.0,0.0,0.0,0.0,1.0,0.0,0.0,0.0,0.0,0.0,0.0,0.0,0.0,0.0,0.0,1.0,2.0,1.0,0.0,0.0,1.0,5.0,0.0,0.0,1.0,0.0,0.0,1.0,0.0,1.0,2.0,2.0,0.0,2.0,0.0,0.0,1.0,3.0,1.0,0.0,1.0,3.0,1.0,2.0,1.0,0.0,1.0,0.0,0.0,1.0,0.0,1.0,1.0,2.0,0.0,2.0,0.0,0.0,0.0,1.0,1.0,0.0,1.0,1.0,0.0,1.0,2.0,1.0,3.0,2.0,1.0,2.0,1.0,7.0,1.0,0.0,1.0,2.0,2.0,1.0,0.0,1.0,0.0,1.0,3.0,1.0,1.0,0.0,2.0,0.0,0.0,1.0,0.0,1.0,0.0
61,45,0.0,3.0,6.0,4.0,2.0,1.0,0.0,0.0,0.0,1.0,5.0,3.0,5.0,9.0,5.0,7.0,1.0,0.0,0.0,1.0,0.0,0.0,1.0,3.0,0.0,2.0,2.0,5.0,2.0,0.0,3.0,4.0,0.0,1.0,3.0,3.0,3.0,2.0,0.0,3.0,1.0,1.0,2.0,1.0,5.0,3.0,7.0,2.0,1.0,3.0,1.0,2.0,3.0,0.0,3.0,2.0,1.0,3.0,1.0,0.0,0.0,0.0,1.0,3.0,3.0,1.0,1.0,1.0,0.0,2.0,3.0,0.0,4.0,4.0,2.0,1.0,2.0,0.0,3.0,2.0,3.0,1.0,0.0,2.0,6.0,1.0,6.0,6.0,4.0,1.0,5.0,1.0,2.0,0.0,1.0,3.0,4.0,1.0,2.0,2.0,1.0,2.0,1.0,1.0,4.0,2.0,1.0,2.0,4.0,4.0,2.0,0.0,2.0,2.0,1.0,1.0,1.0,1.0,4.0,0.0,1.0,1.0,1.0,2.0,2.0,2.0,3.0,0.0,0.0,0.0,0.0,0.0,0.0,3.0,1.0,7.0,3.0,3.0,2.0,0.0,6.0,1.0,3.0,0.0,3.0,4.0,0.0,1.0,2.0,1.0,2.0,3.0,5.0,4.0,1.0,3.0,2.0,0.0,2.0,2.0,3.0,0.0
61,46,1.0,0.0,0.0,0.0,0.0,0.0,0.0,0.0,0.0,2.0,0.0,0.0,0.0,1.0,0.0,0.0,0.0,0.0,0.0,0.0,0.0,1.0,0.0,0.0,0.0,0.0,0.0,0.0,0.0,0.0,1.0,0.0,0.0,0.0,0.0,0.0,2.0,0.0,0.0,1.0,0.0,0.0,0.0,0.0,3.0,1.0,2.0,0.0,0.0,0.0,0.0,0.0,3.0,1.0,0.0,0.0,1.0,1.0,0.0,1.0,0.0,0.0,0.0,0.0,0.0,1.0,1.0,1.0,0.0,1.0,0.0,0.0,1.0,1.0,0.0,1.0,2.0,1.0,0.0,2.0,3.0,0.0,0.0,2.0,2.0,0.0,2.0,2.0,3.0,0.0,1.0,0.0,0.0,1.0,5.0,1.0,3.0,0.0,5.0,2.0,1.0,1.0,6.0,7.0,7.0,2.0,0.0,3.0,5.0,0.0,1.0,0.0,0.0,0.0,0.0,1.0,3.0,1.0,0.0,2.0,1.0,1.0,1.0,0.0,0.0,0.0,0.0,1.0,2.0,0.0,0.0,2.0,2.0,1.0,2.0,0.0,1.0,2.0,0.0,0.0,1.0,1.0,0.0,1.0,1.0,0.0,1.0,1.0,0.0,0.0,1.0,1.0,1.0,1.0,0.0,0.0,0.0,0.0,0.0,0.0,3.0,3.0
61,47,24.0,25.0,32.0,26.0,22.0,5.0,14.0,11.0,11.0,10.0,7.0,5.0,9.0,12.0,9.0,10.0,8.0,3.0,14.0,4.0,5.0,7.0,12.0,14.0,4.0,10.0,18.0,10.0,15.0,3.0,17.0,12.0,7.0,14.0,0.0,2.0,3.0,0.0,0.0,0.0,0.0,29.0,0.0,0.0,0.0,0.0,0.0,2.0,0.0,0.0,0.0,0.0,0.0,0.0,38.0,65.0,46.0,36.0,39.0,32.0,34.0,45.0,20.0,36.0,30.0,26.0,30.0,46.0,63.0,54.0,52.0,37.0,51.0,46.0,55.0,25.0,43.0,52.0,47.0,31.0,46.0,16.0,37.0,96.0,72.0,11.0,45.0,60.0,50.0,18.0,47.0,55.0,17.0,22.0,34.0,49.0,32.0,23.0,27.0,27.0,31.0,32.0,26.0,20.0,30.0,24.0,33.0,77.0,65.0,29.0,28.0,35.0,35.0,27.0,27.0,29.0,14.0,30.0,29.0,33.0,21.0,24.0,44.0,30.0,29.0,42.0,28.0,18.0,50.0,27.0,32.0,39.0,30.0,8.0,29.0,100.0,47.0,12.0,68.0,49.0,20.0,26.0,19.0,38.0,27.0,27.0,34.0,46.0,30.0,10.0,23.0,19.0,26.0,31.0,23.0,28.0,25.0,20.0,29.0,49.0,47.0,24.0
61,48,26.0,23.0,44.0,28.0,25.0,13.0,28.0,31.0,17.0,31.0,20.0,20.0,25.0,38.0,20.0,25.0,18.0,9.0,29.0,29.0,34.0,27.0,36.0,24.0,27.0,29.0,44.0,21.0,32.0,11.0,68.0,46.0,13.0,36.0,29.0,77.0,28.0,21.0,15.0,38.0,19.0,82.0,19.0,51.0,19.0,24.0,20.0,52.0,31.0,22.0,24.0,11.0,18.0,31.0,59.0,60.0,35.0,32.0,37.0,34.0,27.0,38.0,17.0,35.0,25.0,21.0,28.0,38.0,62.0,50.0,46.0,32.0,42.0,43.0,50.0,23.0,36.0,49.0,44.0,26.0,43.0,16.0,30.0,82.0,70.0,13.0,36.0,58.0,44.0,17.0,40.0,49.0,17.0,18.0,31.0,47.0,30.0,22.0,25.0,24.0,27.0,31.0,24.0,20.0,29.0,22.0,27.0,73.0,61.0,33.0,27.0,32.0,33.0,22.0,27.0,29.0,14.0,26.0,30.0,34.0,19.0,24.0,42.0,34.0,28.0,42.0,29.0,17.0,53.0,27.0,26.0,35.0,29.0,10.0,28.0,97.0,48.0,16.0,82.0,53.0,25.0,23.0,19.0,38.0,26.0,28.0,38.0,45.0,34.0,16.0,22.0,19.0,28.0,32.0,23.0,36.0,29.0,20.0,34.0,56.0,49.0,31.0
61,49,0.0,0.0,1.0,1.0,2.0,0.0,0.0,0.0,0.0,0.0,0.0,2.0,2.0,1.0,2.0,1.0,0.0,2.0,1.0,1.0,0.0,3.0,0.0,1.0,2.0,2.0,0.0,0.0,0.0,1.0,2.0,0.0,0.0,5.0,1.0,1.0,2.0,1.0,2.0,1.0,0.0,1.0,0.0,1.0,1.0,0.0,2.0,2.0,0.0,1.0,0.0,1.0,0.0,2.0,1.0,3.0,1.0,1.0,1.0,1.0,2.0,0.0,5.0,1.0,0.0,2.0,0.0,2.0,0.0,3.0,1.0,2.0,2.0,1.0,0.0,0.0,2.0,1.0,0.0,0.0,0.0,0.0,1.0,1.0,1.0,0.0,4.0,4.0,3.0,2.0,0.0,1.0,1.0,3.0,0.0,3.0,0.0,1.0,2.0,2.0,1.0,2.0,0.0,0.0,1.0,1.0,3.0,2.0,2.0,0.0,0.0,2.0,0.0,1.0,1.0,0.0,2.0,6.0,0.0,1.0,2.0,2.0,3.0,0.0,7.0,5.0,2.0,0.0,5.0,4.0,3.0,0.0,3.0,1.0,0.0,2.0,4.0,1.0,0.0,1.0,2.0,0.0,1.0,2.0,0.0,0.0,0.0,1.0,0.0,1.0,2.0,0.0,0.0,1.0,3.0,0.0,1.0,0.0,3.0,2.0,4.0,1.0
61,50,2.0,1.0,1.0,3.0,2.0,1.0,2.0,1.0,1.0,1.0,1.0,1.0,2.0,1.0,0.0,3.0,3.0,0.0,1.0,1.0,1.0,0.0,2.0,1.0,2.0,0.0,3.0,0.0,0.0,5.0,1.0,0.0,2.0,0.0,3.0,1.0,0.0,0.0,1.0,0.0,0.0,0.0,1.0,1.0,0.0,2.0,0.0,1.0,2.0,1.0,0.0,0.0,0.0,0.0,0.0,0.0,1.0,0.0,1.0,0.0,1.0,0.0,1.0,0.0,1.0,0.0,0.0,0.0,4.0,1.0,2.0,0.0,1.0,2.0,1.0,1.0,1.0,2.0,1.0,2.0,1.0,0.0,0.0,1.0,1.0,0.0,1.0,2.0,3.0,3.0,2.0,1.0,2.0,2.0,0.0,2.0,0.0,0.0,1.0,0.0,0.0,0.0,3.0,0.0,2.0,2.0,1.0,0.0,0.0,0.0,4.0,0.0,2.0,2.0,1.0,2.0,2.0,2.0,4.0,1.0,0.0,1.0,1.0,1.0,0.0,1.0,0.0,0.0,0.0,2.0,1.0,1.0,2.0,0.0,1.0,2.0,2.0,0.0,5.0,2.0,3.0,3.0,3.0,1.0,0.0,2.0,1.0,2.0,2.0,1.0,1.0,1.0,2.0,1.0,1.0,1.0,2.0,0.0,1.0,0.0,2.0,0.0
61,51,0.0,2.0,1.0,0.0,4.0,0.0,1.0,2.0,4.0,0.0,0.0,0.0,2.0,1.0,4.0,1.0,0.0,0.0,0.0,1.0,0.0,0.0,1.0,6.0,0.0,0.0,2.0,0.0,0.0,0.0,3.0,0.0,1.0,0.0,1.0,0.0,4.0,0.0,0.0,0.0,0.0,0.0,1.0,2.0,1.0,0.0,1.0,1.0,0.0,1.0,0.0,1.0,0.0,1.0,0.0,0.0,0.0,0.0,1.0,0.0,1.0,2.0,0.0,4.0,0.0,0.0,0.0,4.0,0.0,1.0,0.0,0.0,3.0,1.0,0.0,0.0,0.0,1.0,1.0,0.0,0.0,1.0,3.0,0.0,4.0,0.0,0.0,3.0,2.0,1.0,3.0,0.0,0.0,1.0,0.0,3.0,3.0,0.0,2.0,1.0,2.0,0.0,1.0,2.0,1.0,3.0,0.0,0.0,1.0,1.0,0.0,0.0,2.0,0.0,0.0,0.0,1.0,1.0,0.0,1.0,1.0,2.0,1.0,0.0,1.0,1.0,1.0,2.0,2.0,2.0,0.0,0.0,0.0,1.0,1.0,0.0,0.0,0.0,0.0,2.0,2.0,2.0,0.0,0.0,0.0,2.0,4.0,1.0,0.0,2.0,1.0,1.0,1.0,1.0,1.0,0.0,1.0,0.0,0.0,1.0,1.0,1.0
61,52,0.0,1.0,1.0,2.0,0.0,1.0,0.0,1.0,1.0,6.0,1.0,0.0,1.0,0.0,2.0,0.0,1.0,0.0,0.0,0.0,0.0,0.0,3.0,0.0,1.0,3.0,1.0,1.0,1.0,3.0,1.0,2.0,0.0,0.0,0.0,2.0,6.0,2.0,0.0,0.0,0.0,0.0,0.0,1.0,1.0,1.0,1.0,0.0,1.0,0.0,0.0,0.0,1.0,0.0,0.0,1.0,0.0,0.0,0.0,0.0,1.0,3.0,0.0,0.0,1.0,1.0,0.0,0.0,2.0,0.0,1.0,1.0,0.0,1.0,1.0,1.0,0.0,0.0,0.0,0.0,2.0,0.0,3.0,2.0,4.0,2.0,5.0,6.0,3.0,1.0,0.0,0.0,0.0,0.0,0.0,3.0,5.0,2.0,3.0,1.0,1.0,1.0,0.0,1.0,0.0,0.0,0.0,0.0,1.0,0.0,0.0,0.0,2.0,1.0,1.0,0.0,1.0,3.0,2.0,1.0,0.0,0.0,0.0,0.0,0.0,1.0,1.0,1.0,0.0,2.0,1.0,0.0,0.0,4.0,0.0,0.0,0.0,2.0,3.0,2.0,1.0,1.0,1.0,0.0,3.0,1.0,0.0,2.0,0.0,0.0,0.0,0.0,1.0,1.0,1.0,0.0,0.0,0.0,0.0,0.0,0.0,0.0
61,53,1.0,4.0,2.0,0.0,2.0,2.0,0.0,1.0,2.0,4.0,1.0,0.0,1.0,0.0,1.0,0.0,2.0,0.0,0.0,0.0,2.0,0.0,3.0,1.0,2.0,0.0,1.0,1.0,0.0,0.0,3.0,1.0,6.0,4.0,0.0,2.0,7.0,1.0,0.0,0.0,0.0,0.0,0.0,0.0,1.0,0.0,0.0,0.0,0.0,1.0,1.0,0.0,0.0,0.0,1.0,1.0,0.0,0.0,1.0,0.0,0.0,3.0,1.0,1.0,0.0,0.0,0.0,0.0,2.0,0.0,2.0,0.0,1.0,1.0,1.0,1.0,2.0,1.0,1.0,2.0,1.0,1.0,2.0,2.0,1.0,1.0,4.0,1.0,16.0,0.0,0.0,1.0,2.0,0.0,1.0,1.0,0.0,0.0,1.0,0.0,2.0,0.0,0.0,1.0,0.0,1.0,0.0,0.0,3.0,0.0,0.0,1.0,0.0,1.0,2.0,0.0,0.0,0.0,0.0,0.0,2.0,3.0,1.0,1.0,1.0,0.0,0.0,1.0,1.0,1.0,0.0,3.0,0.0,0.0,0.0,1.0,1.0,3.0,5.0,0.0,5.0,1.0,0.0,1.0,1.0,0.0,0.0,0.0,0.0,1.0,0.0,0.0,0.0,1.0,0.0,0.0,0.0,2.0,1.0,0.0,0.0,1.0
61,54,10.0,9.0,14.0,10.0,10.0,4.0,6.0,14.0,3.0,7.0,2.0,11.0,6.0,10.0,7.0,1.0,9.0,2.0,3.0,6.0,12.0,5.0,3.0,8.0,11.0,10.0,5.0,4.0,6.0,0.0,27.0,13.0,0.0,11.0,4.0,19.0,9.0,7.0,1.0,7.0,1.0,1.0,6.0,13.0,2.0,9.0,1.0,10.0,10.0,3.0,5.0,2.0,4.0,4.0,15.0,12.0,5.0,5.0,14.0,8.0,4.0,8.0,4.0,7.0,10.0,5.0,7.0,11.0,15.0,13.0,7.0,11.0,11.0,5.0,8.0,5.0,8.0,8.0,8.0,7.0,12.0,2.0,7.0,33.0,15.0,4.0,13.0,12.0,7.0,2.0,8.0,6.0,1.0,2.0,6.0,9.0,7.0,4.0,5.0,6.0,5.0,5.0,3.0,3.0,10.0,4.0,7.0,17.0,15.0,9.0,6.0,7.0,6.0,6.0,5.0,3.0,3.0,5.0,9.0,5.0,9.0,11.0,9.0,5.0,4.0,10.0,8.0,4.0,14.0,8.0,5.0,7.0,4.0,6.0,13.0,31.0,10.0,4.0,23.0,13.0,6.0,6.0,3.0,11.0,4.0,1.0,9.0,14.0,9.0,1.0,4.0,4.0,0.0,4.0,6.0,3.0,4.0,5.0,9.0,24.0,20.0,8.0
61,57,1.0,1.0,3.0,2.0,2.0,3.0,0.0,0.0,0.0,0.0,1.0,2.0,1.0,3.0,1.0,2.0,0.0,1.0,1.0,0.0,0.0,0.0,2.0,2.0,4.0,0.0,5.0,0.0,0.0,0.0,2.0,0.0,0.0,3.0,1.0,1.0,3.0,3.0,1.0,3.0,3.0,0.0,3.0,1.0,1.0,0.0,3.0,0.0,2.0,3.0,1.0,0.0,3.0,3.0,2.0,2.0,1.0,5.0,1.0,5.0,2.0,2.0,0.0,0.0,1.0,1.0,2.0,0.0,4.0,1.0,1.0,3.0,3.0,1.0,2.0,0.0,2.0,1.0,3.0,1.0,0.0,0.0,0.0,1.0,0.0,3.0,1.0,2.0,2.0,2.0,0.0,0.0,0.0,1.0,2.0,0.0,1.0,1.0,1.0,1.0,0.0,0.0,0.0,0.0,0.0,1.0,0.0,3.0,1.0,3.0,1.0,1.0,1.0,0.0,0.0,2.0,1.0,2.0,4.0,0.0,3.0,1.0,3.0,1.0,1.0,0.0,2.0,1.0,3.0,0.0,1.0,0.0,1.0,1.0,2.0,0.0,0.0,0.0,1.0,1.0,1.0,3.0,1.0,0.0,2.0,1.0,1.0,2.0,1.0,0.0,2.0,0.0,1.0,0.0,0.0,0.0,2.0,3.0,0.0,0.0,0.0,1.0
61,58,0.0,0.0,0.0,0.0,0.0,0.0,0.0,0.0,0.0,0.0,0.0,0.0,0.0,0.0,0.0,0.0,0.0,0.0,0.0,0.0,0.0,0.0,0.0,0.0,0.0,0.0,0.0,0.0,0.0,0.0,0.0,0.0,0.0,0.0,0.0,0.0,0.0,0.0,0.0,0.0,0.0,0.0,0.0,0.0,0.0,0.0,0.0,0.0,0.0,0.0,0.0,0.0,0.0,0.0,0.0,0.0,0.0,0.0,0.0,1.0,1.0,2.0,2.0,0.0,2.0,1.0,0.0,0.0,1.0,0.0,0.0,0.0,0.0,0.0,0.0,1.0,0.0,0.0,0.0,0.0,0.0,0.0,0.0,1.0,0.0,0.0,2.0,2.0,4.0,0.0,1.0,3.0,0.0,0.0,1.0,1.0,0.0,0.0,3.0,0.0,1.0,1.0,1.0,0.0,0.0,1.0,0.0,0.0,0.0,2.0,1.0,0.0,0.0,1.0,0.0,2.0,1.0,1.0,0.0,1.0,0.0,1.0,0.0,1.0,0.0,1.0,0.0,1.0,1.0,0.0,2.0,0.0,1.0,0.0,0.0,4.0,0.0,1.0,3.0,0.0,3.0,1.0,1.0,0.0,0.0,0.0,3.0,0.0,0.0,0.0,0.0,0.0,1.0,0.0,1.0,0.0,0.0,0.0,1.0,0.0,0.0,0.0
61,59,1.0,0.0,0.0,0.0,0.0,1.0,0.0,1.0,1.0,1.0,2.0,3.0,2.0,0.0,2.0,1.0,1.0,1.0,1.0,1.0,3.0,0.0,2.0,0.0,1.0,1.0,2.0,1.0,3.0,0.0,0.0,0.0,1.0,1.0,0.0,2.0,1.0,2.0,1.0,1.0,0.0,0.0,2.0,0.0,1.0,0.0,0.0,1.0,0.0,0.0,1.0,2.0,2.0,0.0,1.0,0.0,1.0,2.0,3.0,1.0,0.0,2.0,1.0,1.0,2.0,0.0,0.0,0.0,3.0,2.0,1.0,0.0,0.0,0.0,0.0,0.0,1.0,0.0,1.0,2.0,1.0,0.0,1.0,0.0,0.0,1.0,0.0,0.0,1.0,0.0,1.0,0.0,0.0,1.0,1.0,4.0,1.0,0.0,0.0,0.0,0.0,0.0,1.0,0.0,2.0,0.0,1.0,1.0,2.0,0.0,1.0,0.0,1.0,1.0,2.0,0.0,0.0,1.0,0.0,1.0,0.0,0.0,0.0,0.0,2.0,1.0,1.0,1.0,1.0,0.0,0.0,1.0,1.0,0.0,0.0,0.0,1.0,2.0,0.0,0.0,0.0,0.0,0.0,2.0,1.0,0.0,1.0,0.0,0.0,2.0,1.0,1.0,0.0,1.0,0.0,1.0,0.0,0.0,0.0,1.0,0.0,0.0
61,60,0.0,0.0,0.0,0.0,1.0,2.0,1.0,1.0,2.0,2.0,1.0,0.0,1.0,0.0,1.0,1.0,1.0,3.0,1.0,1.0,1.0,1.0,1.0,0.0,2.0,3.0,1.0,0.0,1.0,0.0,0.0,2.0,0.0,1.0,0.0,0.0,1.0,1.0,0.0,0.0,0.0,1.0,2.0,0.0,1.0,0.0,0.0,0.0,0.0,1.0,1.0,1.0,0.0,0.0,0.0,0.0,0.0,2.0,1.0,0.0,1.0,2.0,0.0,1.0,2.0,1.0,2.0,0.0,1.0,0.0,2.0,0.0,1.0,0.0,0.0,0.0,0.0,0.0,0.0,0.0,0.0,0.0,1.0,2.0,1.0,0.0,0.0,5.0,1.0,1.0,1.0,0.0,0.0,1.0,2.0,1.0,1.0,0.0,3.0,1.0,1.0,1.0,1.0,1.0,0.0,0.0,1.0,1.0,0.0,0.0,5.0,1.0,1.0,0.0,0.0,1.0,1.0,1.0,1.0,2.0,0.0,0.0,0.0,2.0,1.0,3.0,0.0,1.0,0.0,0.0,2.0,0.0,0.0,0.0,0.0,4.0,2.0,0.0,0.0,0.0,0.0,0.0,0.0,1.0,0.0,0.0,0.0,0.0,0.0,0.0,1.0,1.0,1.0,0.0,0.0,0.0,0.0,0.0,0.0,0.0,0.0,0.0
61,61,1.0,1.0,3.0,0.0,4.0,4.0,2.0,1.0,1.0,3.0,1.0,2.0,0.0,0.0,3.0,2.0,1.0,0.0,0.0,0.0,1.0,2.0,0.0,2.0,0.0,0.0,2.0,1.0,2.0,0.0,3.0,1.0,1.0,2.0,1.0,1.0,1.0,0.0,0.0,0.0,0.0,1.0,0.0,4.0,0.0,0.0,3.0,3.0,1.0,2.0,2.0,4.0,1.0,3.0,0.0,1.0,2.0,1.0,1.0,2.0,2.0,0.0,2.0,0.0,0.0,1.0,1.0,0.0,1.0,1.0,3.0,1.0,3.0,1.0,2.0,1.0,1.0,1.0,2.0,1.0,1.0,3.0,7.0,7.0,6.0,4.0,2.0,2.0,0.0,1.0,1.0,1.0,0.0,0.0,7.0,4.0,1.0,2.0,2.0,2.0,3.0,3.0,4.0,1.0,1.0,0.0,2.0,1.0,0.0,3.0,0.0,1.0,1.0,1.0,2.0,3.0,3.0,0.0,2.0,1.0,2.0,3.0,0.0,1.0,1.0,1.0,1.0,0.0,2.0,2.0,1.0,0.0,1.0,1.0,1.0,4.0,2.0,3.0,1.0,3.0,3.0,2.0,2.0,0.0,0.0,0.0,0.0,0.0,3.0,2.0,2.0,1.0,4.0,4.0,0.0,2.0,2.0,2.0,5.0,2.0,1.0,0.0
61,62,4.0,3.0,1.0,2.0,3.0,2.0,0.0,1.0,1.0,4.0,4.0,0.0,0.0,1.0,3.0,0.0,0.0,2.0,0.0,0.0,0.0,4.0,5.0,5.0,5.0,3.0,1.0,1.0,1.0,3.0,2.0,3.0,3.0,3.0,4.0,3.0,4.0,3.0,3.0,6.0,4.0,1.0,1.0,1.0,3.0,4.0,3.0,4.0,1.0,4.0,1.0,5.0,4.0,6.0,5.0,7.0,7.0,2.0,4.0,3.0,0.0,4.0,3.0,10.0,2.0,4.0,4.0,2.0,6.0,6.0,4.0,1.0,5.0,4.0,5.0,0.0,0.0,1.0,3.0,5.0,3.0,4.0,6.0,12.0,6.0,5.0,2.0,0.0,0.0,0.0,0.0,0.0,0.0,0.0,0.0,3.0,3.0,3.0,4.0,1.0,8.0,6.0,1.0,3.0,4.0,2.0,4.0,9.0,9.0,6.0,3.0,5.0,3.0,4.0,4.0,7.0,3.0,5.0,3.0,1.0,8.0,4.0,5.0,9.0,4.0,2.0,5.0,5.0,2.0,1.0,3.0,1.0,5.0,9.0,2.0,7.0,7.0,0.0,6.0,10.0,18.0,5.0,4.0,3.0,2.0,3.0,4.0,0.0,4.0,5.0,3.0,3.0,5.0,7.0,5.0,5.0,9.0,4.0,4.0,2.0,11.0,5.0
61,63,1.0,1.0,0.0,0.0,0.0,1.0,0.0,1.0,2.0,1.0,0.0,1.0,0.0,1.0,1.0,1.0,3.0,0.0,0.0,0.0,0.0,0.0,2.0,1.0,2.0,1.0,3.0,0.0,1.0,0.0,2.0,3.0,0.0,1.0,1.0,7.0,11.0,3.0,4.0,2.0,1.0,2.0,1.0,0.0,0.0,2.0,2.0,1.0,2.0,3.0,1.0,0.0,2.0,2.0,2.0,2.0,0.0,1.0,1.0,0.0,0.0,3.0,1.0,0.0,2.0,1.0,0.0,1.0,0.0,2.0,3.0,2.0,1.0,0.0,0.0,0.0,0.0,1.0,3.0,0.0,0.0,0.0,1.0,10.0,3.0,0.0,7.0,13.0,21.0,2.0,1.0,0.0,0.0,1.0,2.0,1.0,3.0,2.0,0.0,0.0,1.0,2.0,2.0,3.0,3.0,2.0,2.0,3.0,4.0,2.0,1.0,1.0,2.0,3.0,1.0,1.0,0.0,5.0,3.0,3.0,3.0,2.0,5.0,2.0,2.0,1.0,1.0,1.0,5.0,2.0,1.0,0.0,0.0,2.0,4.0,10.0,4.0,2.0,6.0,4.0,23.0,7.0,2.0,2.0,1.0,0.0,1.0,1.0,3.0,0.0,0.0,1.0,1.0,0.0,2.0,0.0,0.0,2.0,1.0,1.0,0.0,0.0
61,64,0.0,1.0,6.0,3.0,1.0,0.0,4.0,0.0,2.0,0.0,2.0,1.0,2.0,1.0,2.0,1.0,0.0,0.0,0.0,1.0,2.0,0.0,0.0,0.0,3.0,0.0,4.0,6.0,5.0,1.0,10.0,3.0,3.0,2.0,2.0,8.0,10.0,1.0,0.0,3.0,1.0,0.0,1.0,1.0,1.0,0.0,0.0,1.0,1.0,4.0,1.0,1.0,2.0,1.0,4.0,4.0,3.0,1.0,1.0,2.0,2.0,1.0,0.0,1.0,2.0,2.0,1.0,0.0,0.0,0.0,1.0,2.0,2.0,2.0,1.0,0.0,4.0,2.0,4.0,0.0,2.0,3.0,0.0,15.0,12.0,2.0,3.0,2.0,10.0,3.0,2.0,5.0,1.0,3.0,1.0,3.0,0.0,0.0,1.0,1.0,1.0,2.0,1.0,1.0,1.0,0.0,2.0,3.0,1.0,0.0,1.0,1.0,1.0,0.0,0.0,0.0,3.0,1.0,3.0,0.0,0.0,1.0,0.0,1.0,0.0,1.0,0.0,2.0,1.0,1.0,2.0,1.0,4.0,0.0,1.0,12.0,3.0,3.0,4.0,7.0,21.0,4.0,3.0,1.0,1.0,0.0,0.0,0.0,1.0,3.0,0.0,2.0,4.0,2.0,1.0,1.0,1.0,0.0,2.0,1.0,9.0,0.0
61,65,1.0,2.0,5.0,2.0,0.0,2.0,2.0,1.0,2.0,1.0,1.0,0.0,0.0,1.0,1.0,1.0,1.0,0.0,0.0,1.0,1.0,0.0,0.0,2.0,0.0,2.0,0.0,1.0,1.0,0.0,7.0,4.0,0.0,1.0,4.0,7.0,0.0,4.0,4.0,1.0,0.0,4.0,1.0,0.0,0.0,0.0,3.0,0.0,0.0,0.0,1.0,0.0,0.0,2.0,3.0,1.0,1.0,3.0,0.0,0.0,1.0,1.0,0.0,1.0,1.0,1.0,1.0,1.0,1.0,1.0,2.0,2.0,0.0,3.0,0.0,1.0,2.0,1.0,1.0,1.0,0.0,1.0,2.0,6.0,4.0,1.0,4.0,7.0,10.0,2.0,5.0,3.0,2.0,0.0,2.0,2.0,0.0,0.0,0.0,1.0,2.0,1.0,0.0,0.0,0.0,1.0,0.0,4.0,11.0,1.0,3.0,4.0,0.0,4.0,4.0,2.0,1.0,0.0,2.0,0.0,1.0,0.0,2.0,1.0,1.0,1.0,1.0,3.0,0.0,2.0,1.0,1.0,6.0,2.0,2.0,16.0,1.0,1.0,7.0,8.0,20.0,3.0,0.0,0.0,1.0,0.0,2.0,1.0,1.0,2.0,5.0,1.0,4.0,0.0,0.0,1.0,0.0,0.0,0.0,1.0,3.0,1.0
61,66,0.0,0.0,2.0,1.0,0.0,1.0,0.0,4.0,0.0,0.0,0.0,0.0,3.0,2.0,1.0,0.0,1.0,0.0,0.0,0.0,0.0,0.0,0.0,1.0,1.0,0.0,0.0,0.0,0.0,1.0,0.0,0.0,0.0,1.0,0.0,2.0,0.0,0.0,0.0,0.0,0.0,1.0,1.0,1.0,0.0,0.0,2.0,2.0,0.0,0.0,0.0,0.0,0.0,0.0,0.0,2.0,1.0,1.0,1.0,0.0,0.0,0.0,2.0,1.0,0.0,1.0,0.0,0.0,1.0,0.0,0.0,0.0,1.0,1.0,0.0,1.0,2.0,0.0,1.0,1.0,2.0,1.0,0.0,1.0,0.0,0.0,2.0,3.0,1.0,0.0,0.0,1.0,0.0,1.0,0.0,0.0,1.0,0.0,0.0,1.0,0.0,0.0,1.0,0.0,0.0,1.0,1.0,0.0,0.0,0.0,2.0,0.0,1.0,0.0,1.0,2.0,0.0,1.0,1.0,1.0,0.0,2.0,1.0,0.0,0.0,0.0,0.0,0.0,1.0,1.0,0.0,0.0,0.0,0.0,0.0,1.0,1.0,2.0,1.0,3.0,1.0,2.0,0.0,1.0,1.0,0.0,0.0,0.0,0.0,0.0,0.0,3.0,1.0,0.0,2.0,0.0,0.0,1.0,1.0,0.0,0.0,0.0
61,67,2.0,5.0,2.0,1.0,2.0,2.0,1.0,0.0,2.0,9.0,3.0,1.0,4.0,1.0,4.0,6.0,5.0,1.0,2.0,3.0,2.0,3.0,2.0,2.0,4.0,2.0,6.0,0.0,3.0,1.0,3.0,4.0,1.0,3.0,5.0,8.0,8.0,3.0,4.0,2.0,3.0,3.0,3.0,6.0,1.0,2.0,2.0,4.0,1.0,2.0,4.0,2.0,5.0,4.0,2.0,1.0,0.0,3.0,4.0,2.0,6.0,9.0,1.0,3.0,3.0,2.0,4.0,2.0,0.0,0.0,0.0,0.0,2.0,0.0,1.0,1.0,0.0,1.0,1.0,1.0,0.0,0.0,1.0,2.0,3.0,0.0,0.0,7.0,3.0,0.0,1.0,0.0,1.0,3.0,1.0,0.0,2.0,1.0,1.0,1.0,0.0,1.0,1.0,2.0,0.0,0.0,0.0,0.0,1.0,2.0,1.0,5.0,2.0,5.0,0.0,1.0,1.0,0.0,0.0,2.0,2.0,1.0,1.0,1.0,1.0,0.0,3.0,0.0,4.0,1.0,3.0,1.0,1.0,1.0,3.0,0.0,3.0,4.0,2.0,5.0,10.0,0.0,0.0,1.0,2.0,0.0,1.0,1.0,3.0,1.0,2.0,2.0,2.0,0.0,1.0,0.0,1.0,1.0,1.0,3.0,2.0,1.0
61,68,1.0,3.0,0.0,0.0,0.0,0.0,0.0,1.0,0.0,0.0,0.0,0.0,0.0,0.0,0.0,0.0,0.0,0.0,0.0,0.0,1.0,0.0,2.0,0.0,1.0,0.0,0.0,0.0,0.0,0.0,0.0,0.0,0.0,0.0,2.0,1.0,1.0,2.0,0.0,0.0,0.0,0.0,0.0,0.0,0.0,1.0,1.0,0.0,1.0,2.0,0.0,0.0,0.0,0.0,1.0,0.0,0.0,0.0,1.0,2.0,1.0,1.0,0.0,1.0,0.0,1.0,0.0,1.0,1.0,0.0,0.0,0.0,0.0,0.0,1.0,0.0,0.0,0.0,0.0,0.0,1.0,0.0,1.0,0.0,0.0,1.0,0.0,1.0,1.0,0.0,1.0,0.0,1.0,1.0,0.0,0.0,1.0,1.0,0.0,0.0,1.0,1.0,0.0,0.0,0.0,1.0,0.0,0.0,1.0,0.0,1.0,0.0,1.0,4.0,0.0,0.0,1.0,0.0,0.0,1.0,1.0,2.0,1.0,2.0,1.0,1.0,1.0,0.0,0.0,1.0,0.0,1.0,0.0,1.0,1.0,3.0,2.0,0.0,0.0,2.0,3.0,3.0,0.0,2.0,0.0,1.0,1.0,0.0,1.0,2.0,2.0,2.0,0.0,0.0,0.0,0.0,0.0,2.0,2.0,2.0,2.0,1.0
61,69,2.0,1.0,0.0,1.0,0.0,1.0,0.0,1.0,2.0,1.0,2.0,2.0,2.0,1.0,0.0,1.0,1.0,1.0,0.0,0.0,3.0,2.0,4.0,0.0,1.0,1.0,0.0,1.0,1.0,1.0,2.0,1.0,0.0,0.0,1.0,4.0,6.0,3.0,1.0,2.0,0.0,0.0,2.0,1.0,1.0,0.0,1.0,0.0,4.0,0.0,0.0,0.0,0.0,0.0,2.0,1.0,1.0,2.0,0.0,0.0,0.0,4.0,1.0,1.0,3.0,1.0,0.0,1.0,1.0,0.0,2.0,1.0,2.0,0.0,2.0,0.0,2.0,1.0,1.0,1.0,1.0,0.0,1.0,7.0,5.0,3.0,1.0,1.0,5.0,2.0,3.0,2.0,0.0,0.0,3.0,1.0,1.0,1.0,2.0,0.0,3.0,0.0,0.0,0.0,0.0,2.0,1.0,1.0,1.0,1.0,0.0,1.0,2.0,3.0,1.0,0.0,2.0,1.0,3.0,1.0,1.0,1.0,1.0,0.0,0.0,0.0,0.0,0.0,0.0,0.0,2.0,1.0,1.0,0.0,0.0,3.0,1.0,2.0,0.0,1.0,3.0,2.0,0.0,0.0,0.0,2.0,2.0,2.0,4.0,0.0,0.0,0.0,0.0,2.0,0.0,0.0,0.0,2.0,0.0,0.0,0.0,0.0
61,70,2.0,1.0,0.0,1.0,0.0,0.0,0.0,0.0,0.0,2.0,0.0,0.0,1.0,0.0,1.0,2.0,0.0,0.0,1.0,1.0,2.0,1.0,0.0,0.0,0.0,0.0,0.0,1.0,0.0,2.0,2.0,0.0,0.0,2.0,0.0,1.0,1.0,2.0,0.0,0.0,0.0,1.0,0.0,0.0,2.0,0.0,0.0,1.0,3.0,0.0,0.0,0.0,0.0,1.0,0.0,2.0,0.0,3.0,0.0,2.0,0.0,2.0,1.0,1.0,2.0,0.0,0.0,1.0,1.0,1.0,0.0,4.0,0.0,0.0,2.0,0.0,0.0,1.0,1.0,0.0,0.0,2.0,0.0,2.0,6.0,0.0,0.0,2.0,4.0,1.0,1.0,1.0,0.0,2.0,1.0,1.0,6.0,0.0,1.0,0.0,2.0,0.0,0.0,1.0,1.0,1.0,2.0,1.0,2.0,0.0,0.0,0.0,1.0,2.0,1.0,1.0,0.0,1.0,1.0,1.0,0.0,0.0,0.0,3.0,2.0,0.0,0.0,0.0,2.0,4.0,1.0,4.0,0.0,1.0,1.0,2.0,3.0,2.0,3.0,0.0,5.0,2.0,1.0,1.0,1.0,0.0,1.0,0.0,0.0,0.0,3.0,0.0,2.0,0.0,2.0,0.0,0.0,0.0,3.0,0.0,0.0,0.0
61,71,1.0,0.0,1.0,0.0,0.0,0.0,0.0,2.0,3.0,0.0,1.0,3.0,1.0,0.0,0.0,1.0,0.0,0.0,0.0,0.0,0.0,1.0,1.0,2.0,1.0,0.0,3.0,2.0,0.0,2.0,0.0,2.0,2.0,0.0,5.0,7.0,0.0,0.0,3.0,0.0,0.0,0.0,1.0,0.0,4.0,1.0,0.0,2.0,0.0,0.0,1.0,0.0,0.0,0.0,3.0,6.0,1.0,0.0,0.0,1.0,0.0,0.0,0.0,0.0,1.0,1.0,0.0,0.0,1.0,1.0,0.0,1.0,0.0,0.0,0.0,0.0,3.0,0.0,2.0,0.0,0.0,0.0,1.0,3.0,4.0,1.0,5.0,0.0,0.0,0.0,0.0,0.0,2.0,1.0,2.0,0.0,0.0,2.0,0.0,0.0,0.0,0.0,2.0,0.0,1.0,0.0,1.0,4.0,13.0,5.0,0.0,0.0,0.0,3.0,1.0,1.0,0.0,1.0,0.0,2.0,0.0,2.0,1.0,2.0,0.0,0.0,0.0,1.0,3.0,0.0,0.0,0.0,0.0,0.0,1.0,4.0,1.0,4.0,3.0,5.0,1.0,3.0,1.0,1.0,1.0,2.0,0.0,0.0,1.0,0.0,2.0,0.0,0.0,1.0,0.0,1.0,1.0,2.0,4.0,2.0,1.0,0.0
61,73,0.0,0.0,3.0,0.0,1.0,0.0,0.0,0.0,0.0,0.0,1.0,1.0,0.0,1.0,1.0,0.0,0.0,0.0,0.0,0.0,1.0,0.0,0.0,0.0,0.0,0.0,1.0,1.0,0.0,0.0,1.0,3.0,0.0,0.0,1.0,7.0,3.0,1.0,2.0,1.0,2.0,1.0,0.0,1.0,0.0,0.0,0.0,0.0,0.0,2.0,0.0,0.0,0.0,1.0,2.0,0.0,1.0,0.0,2.0,1.0,0.0,0.0,1.0,1.0,0.0,0.0,1.0,0.0,0.0,1.0,0.0,1.0,0.0,0.0,0.0,1.0,1.0,0.0,1.0,1.0,0.0,0.0,2.0,3.0,3.0,0.0,2.0,6.0,7.0,5.0,4.0,1.0,0.0,0.0,1.0,0.0,1.0,0.0,0.0,1.0,0.0,1.0,0.0,1.0,1.0,1.0,2.0,1.0,0.0,0.0,0.0,3.0,1.0,0.0,0.0,0.0,0.0,2.0,0.0,1.0,0.0,1.0,0.0,1.0,0.0,1.0,0.0,0.0,1.0,2.0,1.0,1.0,0.0,1.0,1.0,3.0,2.0,1.0,1.0,5.0,5.0,3.0,1.0,0.0,1.0,1.0,1.0,1.0,0.0,1.0,0.0,0.0,0.0,0.0,0.0,1.0,1.0,0.0,2.0,2.0,0.0,0.0
61,75,0.0,1.0,0.0,1.0,0.0,0.0,1.0,2.0,0.0,2.0,0.0,0.0,0.0,0.0,0.0,0.0,0.0,0.0,0.0,1.0,0.0,0.0,2.0,0.0,3.0,0.0,0.0,1.0,0.0,0.0,2.0,1.0,0.0,1.0,0.0,1.0,3.0,2.0,1.0,0.0,0.0,0.0,0.0,1.0,0.0,0.0,0.0,0.0,0.0,0.0,0.0,1.0,0.0,0.0,0.0,1.0,0.0,0.0,1.0,2.0,0.0,1.0,1.0,0.0,0.0,2.0,0.0,0.0,0.0,1.0,0.0,2.0,0.0,1.0,0.0,2.0,1.0,0.0,0.0,2.0,4.0,4.0,1.0,2.0,3.0,4.0,4.0,2.0,2.0,1.0,3.0,0.0,0.0,0.0,0.0,1.0,1.0,0.0,1.0,0.0,0.0,0.0,0.0,2.0,1.0,1.0,2.0,0.0,3.0,0.0,0.0,0.0,0.0,1.0,0.0,1.0,1.0,1.0,0.0,1.0,0.0,2.0,2.0,0.0,0.0,0.0,0.0,1.0,1.0,2.0,1.0,3.0,1.0,1.0,2.0,1.0,1.0,1.0,0.0,0.0,2.0,6.0,2.0,1.0,1.0,3.0,0.0,1.0,0.0,0.0,0.0,1.0,0.0,1.0,0.0,1.0,0.0,1.0,1.0,0.0,1.0,1.0
61,76,3.0,1.0,0.0,2.0,0.0,0.0,0.0,0.0,0.0,0.0,0.0,2.0,2.0,2.0,0.0,1.0,1.0,0.0,2.0,0.0,1.0,0.0,4.0,0.0,1.0,0.0,1.0,2.0,2.0,1.0,3.0,1.0,0.0,3.0,0.0,2.0,2.0,2.0,0.0,0.0,0.0,1.0,2.0,0.0,3.0,0.0,2.0,2.0,2.0,0.0,3.0,0.0,1.0,0.0,0.0,4.0,8.0,2.0,3.0,0.0,0.0,1.0,1.0,4.0,0.0,2.0,1.0,1.0,3.0,2.0,0.0,2.0,2.0,1.0,0.0,2.0,3.0,4.0,5.0,1.0,1.0,1.0,3.0,2.0,7.0,1.0,2.0,2.0,8.0,6.0,3.0,1.0,3.0,0.0,0.0,1.0,3.0,0.0,1.0,2.0,2.0,1.0,3.0,2.0,0.0,1.0,1.0,1.0,3.0,2.0,2.0,0.0,1.0,1.0,1.0,2.0,1.0,3.0,1.0,3.0,0.0,0.0,1.0,3.0,1.0,1.0,0.0,0.0,0.0,2.0,2.0,5.0,3.0,0.0,1.0,3.0,1.0,1.0,0.0,2.0,4.0,0.0,2.0,0.0,2.0,1.0,0.0,0.0,2.0,0.0,1.0,1.0,0.0,1.0,0.0,1.0,1.0,1.0,0.0,3.0,3.0,6.0
61,78,0.0,0.0,0.0,0.0,0.0,0.0,2.0,0.0,0.0,0.0,1.0,0.0,0.0,2.0,2.0,0.0,0.0,0.0,0.0,0.0,0.0,0.0,0.0,0.0,0.0,1.0,0.0,0.0,0.0,0.0,0.0,1.0,0.0,0.0,0.0,1.0,1.0,1.0,1.0,2.0,1.0,3.0,3.0,1.0,1.0,1.0,1.0,1.0,0.0,0.0,0.0,0.0,0.0,0.0,0.0,1.0,1.0,1.0,0.0,0.0,1.0,0.0,1.0,1.0,0.0,0.0,1.0,1.0,3.0,2.0,1.0,4.0,0.0,3.0,2.0,0.0,0.0,0.0,0.0,0.0,0.0,0.0,2.0,2.0,2.0,2.0,0.0,0.0,0.0,0.0,3.0,0.0,5.0,1.0,2.0,3.0,1.0,1.0,0.0,2.0,1.0,1.0,0.0,0.0,1.0,0.0,2.0,1.0,1.0,0.0,1.0,0.0,0.0,2.0,1.0,0.0,0.0,0.0,0.0,0.0,1.0,6.0,1.0,8.0,3.0,0.0,1.0,2.0,1.0,0.0,2.0,0.0,1.0,2.0,0.0,2.0,1.0,0.0,0.0,0.0,0.0,1.0,0.0,0.0,2.0,0.0,2.0,0.0,1.0,0.0,4.0,0.0,2.0,1.0,0.0,0.0,1.0,0.0,0.0,2.0,0.0,0.0
61,79,0.0,1.0,1.0,1.0,1.0,1.0,1.0,0.0,1.0,0.0,0.0,0.0,0.0,0.0,2.0,1.0,0.0,0.0,0.0,0.0,1.0,0.0,0.0,0.0,1.0,1.0,0.0,0.0,0.0,3.0,0.0,0.0,0.0,0.0,0.0,0.0,1.0,3.0,2.0,0.0,0.0,0.0,0.0,1.0,1.0,0.0,3.0,3.0,3.0,1.0,0.0,2.0,0.0,0.0,1.0,1.0,1.0,0.0,2.0,1.0,0.0,1.0,1.0,0.0,1.0,1.0,1.0,0.0,1.0,1.0,2.0,1.0,1.0,2.0,1.0,0.0,0.0,2.0,1.0,1.0,2.0,3.0,2.0,0.0,0.0,2.0,5.0,2.0,4.0,0.0,1.0,0.0,0.0,0.0,0.0,2.0,0.0,1.0,1.0,1.0,1.0,3.0,0.0,3.0,1.0,1.0,1.0,1.0,1.0,0.0,2.0,1.0,1.0,3.0,0.0,1.0,0.0,0.0,0.0,1.0,1.0,0.0,1.0,0.0,2.0,0.0,0.0,1.0,0.0,0.0,0.0,1.0,1.0,1.0,0.0,1.0,0.0,1.0,1.0,0.0,1.0,1.0,0.0,0.0,0.0,1.0,0.0,2.0,0.0,2.0,0.0,0.0,1.0,0.0,0.0,0.0,0.0,1.0,1.0,1.0,0.0,2.0
61,80,3.0,5.0,5.0,6.0,11.0,4.0,1.0,4.0,1.0,4.0,1.0,3.0,2.0,2.0,3.0,2.0,5.0,0.0,1.0,4.0,4.0,2.0,1.0,4.0,8.0,6.0,4.0,4.0,3.0,2.0,15.0,11.0,5.0,3.0,4.0,5.0,9.0,1.0,3.0,6.0,4.0,4.0,7.0,5.0,5.0,6.0,1.0,3.0,9.0,2.0,2.0,3.0,4.0,0.0,3.0,1.0,4.0,3.0,3.0,3.0,3.0,1.0,2.0,3.0,1.0,2.0,2.0,3.0,3.0,3.0,3.0,1.0,1.0,2.0,2.0,0.0,2.0,1.0,3.0,1.0,3.0,6.0,2.0,6.0,2.0,2.0,5.0,5.0,6.0,1.0,6.0,8.0,3.0,2.0,1.0,3.0,1.0,2.0,2.0,5.0,5.0,2.0,1.0,1.0,4.0,1.0,0.0,1.0,2.0,0.0,1.0,3.0,1.0,2.0,3.0,2.0,0.0,3.0,2.0,2.0,6.0,3.0,2.0,2.0,4.0,0.0,5.0,2.0,3.0,1.0,5.0,7.0,2.0,5.0,1.0,3.0,9.0,2.0,10.0,5.0,11.0,5.0,3.0,1.0,3.0,2.0,1.0,1.0,2.0,1.0,0.0,2.0,3.0,3.0,0.0,3.0,2.0,2.0,1.0,3.0,2.0,2.0
61,81,1.0,1.0,2.0,0.0,1.0,0.0,0.0,0.0,0.0,0.0,0.0,1.0,0.0,0.0,2.0,0.0,0.0,0.0,0.0,0.0,0.0,1.0,1.0,0.0,0.0,1.0,2.0,0.0,0.0,0.0,4.0,2.0,2.0,2.0,1.0,1.0,2.0,0.0,0.0,0.0,1.0,0.0,0.0,0.0,11.0,1.0,0.0,0.0,0.0,2.0,0.0,0.0,0.0,0.0,1.0,1.0,0.0,0.0,1.0,0.0,0.0,1.0,0.0,3.0,0.0,1.0,1.0,1.0,2.0,3.0,2.0,2.0,2.0,3.0,1.0,0.0,3.0,2.0,6.0,1.0,1.0,0.0,4.0,1.0,1.0,1.0,5.0,2.0,3.0,1.0,2.0,0.0,1.0,0.0,0.0,0.0,1.0,0.0,0.0,0.0,0.0,0.0,1.0,1.0,1.0,0.0,3.0,2.0,1.0,0.0,1.0,0.0,0.0,1.0,0.0,2.0,0.0,5.0,2.0,2.0,0.0,1.0,1.0,1.0,3.0,2.0,1.0,1.0,2.0,2.0,1.0,0.0,0.0,1.0,1.0,1.0,5.0,0.0,1.0,0.0,2.0,8.0,2.0,1.0,1.0,0.0,0.0,0.0,0.0,0.0,0.0,1.0,0.0,1.0,1.0,1.0,0.0,0.0,0.0,0.0,1.0,0.0
61,82,4.0,0.0,5.0,3.0,0.0,2.0,2.0,0.0,1.0,0.0,1.0,0.0,0.0,1.0,0.0,0.0,1.0,0.0,0.0,1.0,0.0,0.0,0.0,0.0,0.0,0.0,2.0,0.0,1.0,0.0,6.0,1.0,2.0,2.0,0.0,2.0,0.0,3.0,4.0,0.0,4.0,1.0,1.0,1.0,1.0,0.0,2.0,1.0,0.0,0.0,1.0,0.0,1.0,0.0,2.0,0.0,0.0,0.0,2.0,0.0,0.0,1.0,0.0,1.0,1.0,0.0,1.0,0.0,0.0,2.0,0.0,1.0,1.0,0.0,4.0,0.0,5.0,1.0,2.0,0.0,0.0,2.0,3.0,3.0,0.0,2.0,2.0,1.0,0.0,1.0,0.0,2.0,0.0,0.0,1.0,1.0,1.0,2.0,0.0,0.0,0.0,1.0,0.0,0.0,0.0,1.0,0.0,2.0,0.0,2.0,0.0,0.0,3.0,0.0,1.0,1.0,1.0,0.0,0.0,5.0,3.0,2.0,2.0,2.0,0.0,0.0,0.0,0.0,0.0,0.0,0.0,0.0,0.0,0.0,0.0,2.0,1.0,0.0,3.0,4.0,1.0,0.0,0.0,1.0,0.0,2.0,2.0,0.0,2.0,0.0,2.0,1.0,1.0,0.0,0.0,1.0,0.0,0.0,2.0,6.0,2.0,1.0
61,83,0.0,0.0,1.0,2.0,0.0,2.0,1.0,0.0,0.0,0.0,0.0,0.0,0.0,0.0,1.0,0.0,1.0,1.0,0.0,0.0,0.0,0.0,0.0,2.0,1.0,0.0,2.0,1.0,0.0,0.0,6.0,1.0,0.0,2.0,1.0,3.0,10.0,1.0,0.0,1.0,1.0,2.0,0.0,0.0,1.0,0.0,0.0,3.0,1.0,1.0,0.0,1.0,0.0,1.0,0.0,1.0,0.0,0.0,1.0,0.0,0.0,0.0,0.0,0.0,2.0,0.0,1.0,0.0,2.0,0.0,0.0,0.0,2.0,0.0,0.0,1.0,2.0,0.0,1.0,1.0,0.0,0.0,1.0,6.0,3.0,1.0,1.0,3.0,15.0,2.0,5.0,0.0,0.0,0.0,0.0,1.0,1.0,2.0,0.0,0.0,0.0,0.0,1.0,2.0,4.0,1.0,2.0,7.0,2.0,2.0,1.0,2.0,5.0,2.0,1.0,1.0,2.0,3.0,0.0,1.0,1.0,0.0,1.0,1.0,1.0,2.0,0.0,0.0,3.0,3.0,2.0,1.0,0.0,1.0,0.0,6.0,2.0,0.0,1.0,2.0,9.0,2.0,2.0,1.0,0.0,2.0,0.0,0.0,0.0,1.0,1.0,4.0,1.0,1.0,0.0,0.0,0.0,0.0,1.0,2.0,1.0,1.0
61,85,1.0,1.0,1.0,2.0,0.0,0.0,1.0,1.0,1.0,0.0,0.0,0.0,0.0,1.0,0.0,2.0,0.0,0.0,1.0,1.0,2.0,0.0,2.0,1.0,0.0,1.0,0.0,1.0,2.0,0.0,4.0,2.0,0.0,0.0,0.0,2.0,0.0,0.0,1.0,1.0,1.0,0.0,0.0,0.0,1.0,0.0,0.0,0.0,0.0,3.0,1.0,0.0,3.0,1.0,0.0,0.0,2.0,0.0,1.0,0.0,0.0,2.0,0.0,2.0,1.0,0.0,0.0,1.0,0.0,0.0,2.0,1.0,1.0,1.0,1.0,1.0,2.0,1.0,1.0,2.0,1.0,1.0,1.0,3.0,0.0,0.0,2.0,2.0,4.0,1.0,2.0,1.0,1.0,0.0,2.0,1.0,1.0,0.0,1.0,0.0,0.0,1.0,0.0,0.0,1.0,0.0,0.0,2.0,3.0,2.0,1.0,1.0,1.0,1.0,0.0,0.0,0.0,1.0,2.0,0.0,0.0,3.0,0.0,0.0,0.0,2.0,0.0,0.0,4.0,0.0,0.0,0.0,1.0,1.0,2.0,2.0,1.0,2.0,0.0,0.0,3.0,1.0,1.0,0.0,0.0,1.0,1.0,0.0,0.0,0.0,1.0,0.0,0.0,2.0,1.0,0.0,2.0,0.0,0.0,0.0,3.0,1.0
61,87,2.0,1.0,2.0,3.0,4.0,0.0,2.0,2.0,1.0,3.0,3.0,2.0,1.0,5.0,1.0,3.0,0.0,0.0,0.0,1.0,3.0,2.0,2.0,3.0,3.0,0.0,0.0,0.0,0.0,0.0,9.0,7.0,5.0,6.0,4.0,9.0,7.0,6.0,4.0,1.0,2.0,3.0,2.0,2.0,0.0,0.0,3.0,3.0,2.0,1.0,2.0,1.0,1.0,2.0,1.0,2.0,2.0,2.0,0.0,4.0,3.0,2.0,0.0,3.0,1.0,2.0,3.0,3.0,3.0,3.0,2.0,4.0,3.0,4.0,1.0,3.0,1.0,4.0,2.0,3.0,4.0,2.0,1.0,5.0,7.0,4.0,9.0,8.0,14.0,6.0,0.0,0.0,3.0,1.0,2.0,3.0,3.0,0.0,1.0,5.0,1.0,2.0,6.0,1.0,4.0,5.0,3.0,1.0,4.0,5.0,3.0,3.0,4.0,1.0,3.0,2.0,5.0,3.0,1.0,5.0,1.0,3.0,0.0,1.0,5.0,0.0,2.0,0.0,1.0,1.0,1.0,3.0,3.0,2.0,9.0,4.0,8.0,2.0,5.0,5.0,16.0,5.0,4.0,3.0,3.0,4.0,6.0,3.0,3.0,1.0,4.0,0.0,2.0,3.0,4.0,0.0,1.0,2.0,1.0,2.0,2.0,2.0
61,88,2.0,2.0,4.0,6.0,3.0,5.0,3.0,3.0,6.0,1.0,3.0,0.0,0.0,4.0,2.0,6.0,0.0,0.0,1.0,1.0,1.0,3.0,4.0,2.0,2.0,0.0,1.0,3.0,1.0,1.0,2.0,4.0,1.0,7.0,0.0,0.0,0.0,0.0,0.0,2.0,3.0,3.0,3.0,1.0,3.0,2.0,2.0,4.0,1.0,1.0,0.0,2.0,4.0,3.0,2.0,3.0,0.0,2.0,3.0,3.0,2.0,3.0,2.0,4.0,2.0,4.0,3.0,2.0,1.0,4.0,1.0,3.0,2.0,1.0,4.0,3.0,1.0,1.0,6.0,2.0,1.0,2.0,5.0,8.0,5.0,5.0,9.0,11.0,0.0,0.0,0.0,2.0,2.0,2.0,0.0,1.0,1.0,2.0,3.0,2.0,0.0,2.0,5.0,1.0,6.0,1.0,1.0,0.0,14.0,3.0,2.0,2.0,1.0,3.0,2.0,2.0,3.0,1.0,3.0,1.0,2.0,4.0,3.0,3.0,1.0,4.0,2.0,1.0,0.0,2.0,0.0,5.0,5.0,3.0,3.0,4.0,4.0,0.0,5.0,6.0,12.0,4.0,3.0,3.0,0.0,2.0,5.0,1.0,4.0,4.0,1.0,1.0,5.0,4.0,4.0,6.0,3.0,4.0,1.0,0.0,3.0,1.0
61,89,3.0,4.0,4.0,7.0,2.0,1.0,3.0,2.0,5.0,0.0,3.0,1.0,1.0,4.0,3.0,4.0,3.0,0.0,0.0,0.0,0.0,1.0,1.0,2.0,2.0,3.0,3.0,2.0,2.0,0.0,3.0,1.0,0.0,2.0,2.0,1.0,0.0,0.0,0.0,0.0,0.0,0.0,0.0,1.0,4.0,2.0,4.0,3.0,0.0,3.0,0.0,0.0,0.0,1.0,2.0,2.0,4.0,1.0,6.0,0.0,1.0,3.0,2.0,5.0,0.0,3.0,3.0,2.0,6.0,1.0,0.0,1.0,1.0,1.0,1.0,0.0,0.0,1.0,3.0,1.0,0.0,0.0,1.0,2.0,3.0,1.0,7.0,5.0,5.0,0.0,1.0,2.0,2.0,0.0,1.0,1.0,1.0,2.0,3.0,0.0,0.0,4.0,0.0,1.0,0.0,0.0,3.0,1.0,1.0,2.0,3.0,2.0,2.0,0.0,2.0,2.0,1.0,1.0,1.0,0.0,0.0,1.0,3.0,0.0,1.0,1.0,1.0,2.0,7.0,1.0,2.0,1.0,0.0,2.0,2.0,5.0,3.0,0.0,4.0,1.0,5.0,2.0,1.0,2.0,0.0,2.0,3.0,0.0,0.0,0.0,2.0,1.0,2.0,1.0,2.0,1.0,1.0,2.0,0.0,3.0,2.0,0.0
61,91,2.0,1.0,1.0,3.0,1.0,1.0,0.0,2.0,2.0,3.0,2.0,0.0,0.0,1.0,2.0,2.0,1.0,0.0,0.0,2.0,2.0,2.0,0.0,2.0,2.0,2.0,1.0,1.0,0.0,0.0,2.0,1.0,0.0,2.0,1.0,3.0,0.0,0.0,1.0,0.0,0.0,0.0,0.0,0.0,0.0,2.0,0.0,0.0,1.0,0.0,2.0,0.0,1.0,0.0,1.0,0.0,1.0,1.0,1.0,3.0,2.0,0.0,0.0,1.0,0.0,1.0,2.0,1.0,2.0,2.0,0.0,1.0,0.0,0.0,1.0,1.0,2.0,0.0,2.0,0.0,0.0,0.0,0.0,0.0,1.0,0.0,2.0,1.0,8.0,2.0,0.0,0.0,0.0,0.0,1.0,2.0,0.0,1.0,1.0,0.0,1.0,1.0,0.0,0.0,2.0,0.0,1.0,1.0,8.0,1.0,2.0,0.0,1.0,1.0,2.0,0.0,2.0,2.0,2.0,2.0,2.0,1.0,0.0,0.0,0.0,0.0,0.0,0.0,0.0,0.0,1.0,1.0,0.0,3.0,1.0,1.0,2.0,1.0,2.0,2.0,7.0,5.0,1.0,1.0,0.0,0.0,2.0,2.0,1.0,0.0,2.0,0.0,1.0,0.0,0.0,2.0,1.0,1.0,2.0,1.0,3.0,0.0
61,92,2.0,3.0,7.0,7.0,2.0,4.0,3.0,2.0,3.0,1.0,1.0,1.0,2.0,3.0,3.0,3.0,2.0,1.0,1.0,2.0,1.0,0.0,1.0,1.0,2.0,1.0,0.0,2.0,1.0,1.0,4.0,1.0,0.0,3.0,0.0,0.0,0.0,0.0,0.0,0.0,0.0,2.0,2.0,1.0,4.0,1.0,2.0,2.0,2.0,1.0,0.0,1.0,2.0,1.0,1.0,2.0,2.0,2.0,2.0,0.0,3.0,1.0,3.0,2.0,4.0,1.0,1.0,1.0,2.0,5.0,1.0,0.0,1.0,1.0,1.0,1.0,4.0,5.0,2.0,2.0,0.0,1.0,1.0,8.0,5.0,2.0,5.0,7.0,2.0,0.0,0.0,1.0,1.0,2.0,1.0,1.0,1.0,1.0,2.0,2.0,1.0,0.0,1.0,0.0,3.0,0.0,0.0,1.0,9.0,1.0,0.0,2.0,0.0,2.0,1.0,0.0,4.0,1.0,2.0,2.0,1.0,0.0,1.0,3.0,1.0,2.0,0.0,1.0,0.0,0.0,1.0,0.0,0.0,1.0,1.0,1.0,2.0,1.0,3.0,2.0,3.0,4.0,0.0,0.0,1.0,0.0,2.0,0.0,1.0,1.0,0.0,0.0,1.0,0.0,1.0,2.0,1.0,1.0,0.0,1.0,1.0,0.0
61,94,7.0,1.0,2.0,4.0,4.0,0.0,2.0,2.0,3.0,0.0,2.0,1.0,0.0,0.0,0.0,0.0,0.0,0.0,0.0,0.0,0.0,2.0,3.0,3.0,3.0,0.0,1.0,2.0,1.0,1.0,3.0,1.0,1.0,1.0,1.0,2.0,3.0,2.0,1.0,0.0,0.0,2.0,1.0,0.0,0.0,2.0,0.0,0.0,2.0,0.0,0.0,0.0,3.0,1.0,3.0,3.0,2.0,1.0,1.0,0.0,0.0,3.0,2.0,0.0,1.0,2.0,1.0,0.0,0.0,2.0,2.0,1.0,0.0,3.0,4.0,2.0,3.0,2.0,2.0,2.0,2.0,3.0,1.0,2.0,3.0,0.0,3.0,2.0,8.0,1.0,3.0,4.0,2.0,1.0,1.0,0.0,2.0,1.0,2.0,1.0,0.0,1.0,2.0,0.0,1.0,1.0,2.0,0.0,2.0,0.0,1.0,0.0,0.0,1.0,1.0,1.0,1.0,1.0,2.0,1.0,0.0,3.0,0.0,1.0,0.0,1.0,1.0,1.0,3.0,2.0,1.0,1.0,2.0,0.0,0.0,2.0,3.0,1.0,3.0,3.0,2.0,2.0,2.0,1.0,1.0,0.0,0.0,2.0,0.0,2.0,0.0,0.0,1.0,1.0,3.0,0.0,1.0,0.0,2.0,3.0,1.0,1.0
61,95,0.0,0.0,0.0,2.0,3.0,0.0,1.0,1.0,0.0,0.0,0.0,0.0,0.0,1.0,0.0,1.0,1.0,0.0,0.0,1.0,0.0,0.0,1.0,1.0,1.0,0.0,1.0,0.0,1.0,0.0,2.0,1.0,1.0,1.0,1.0,4.0,4.0,0.0,0.0,0.0,0.0,0.0,0.0,2.0,0.0,0.0,0.0,0.0,0.0,0.0,0.0,0.0,0.0,0.0,0.0,1.0,4.0,0.0,0.0,1.0,2.0,0.0,0.0,0.0,0.0,1.0,2.0,1.0,0.0,2.0,1.0,1.0,2.0,0.0,0.0,1.0,1.0,0.0,1.0,1.0,0.0,0.0,0.0,4.0,2.0,1.0,2.0,3.0,14.0,0.0,0.0,0.0,0.0,0.0,3.0,1.0,1.0,2.0,3.0,1.0,1.0,0.0,1.0,0.0,1.0,0.0,1.0,2.0,3.0,0.0,1.0,1.0,1.0,2.0,0.0,3.0,1.0,0.0,1.0,0.0,1.0,1.0,1.0,0.0,1.0,2.0,0.0,0.0,1.0,1.0,0.0,0.0,1.0,0.0,0.0,0.0,1.0,0.0,3.0,2.0,17.0,3.0,0.0,0.0,1.0,1.0,1.0,2.0,3.0,2.0,0.0,1.0,2.0,1.0,0.0,1.0,1.0,0.0,1.0,0.0,1.0,2.0
61,98,0.0,1.0,1.0,2.0,0.0,0.0,0.0,0.0,1.0,0.0,0.0,0.0,1.0,4.0,0.0,0.0,1.0,0.0,1.0,0.0,0.0,0.0,2.0,0.0,1.0,0.0,0.0,0.0,0.0,0.0,0.0,0.0,1.0,1.0,0.0,0.0,2.0,2.0,0.0,0.0,0.0,1.0,0.0,0.0,0.0,1.0,0.0,0.0,0.0,0.0,1.0,0.0,0.0,1.0,0.0,1.0,1.0,1.0,2.0,0.0,0.0,0.0,0.0,1.0,2.0,1.0,1.0,0.0,0.0,0.0,0.0,0.0,1.0,0.0,0.0,2.0,1.0,0.0,3.0,0.0,0.0,2.0,0.0,3.0,1.0,2.0,1.0,2.0,3.0,1.0,2.0,0.0,0.0,0.0,2.0,0.0,2.0,0.0,1.0,2.0,0.0,1.0,1.0,1.0,0.0,0.0,1.0,0.0,0.0,2.0,0.0,0.0,0.0,0.0,0.0,0.0,1.0,1.0,1.0,0.0,1.0,1.0,1.0,1.0,0.0,1.0,1.0,0.0,0.0,0.0,0.0,0.0,1.0,0.0,0.0,1.0,0.0,0.0,2.0,1.0,4.0,4.0,1.0,0.0,1.0,1.0,0.0,0.0,1.0,0.0,0.0,0.0,1.0,0.0,0.0,0.0,0.0,0.0,0.0,0.0,0.0,1.0
61,99,4.0,7.0,6.0,13.0,7.0,5.0,2.0,3.0,1.0,3.0,1.0,3.0,5.0,3.0,7.0,10.0,6.0,5.0,3.0,11.0,4.0,7.0,4.0,7.0,6.0,4.0,12.0,5.0,8.0,6.0,11.0,5.0,5.0,6.0,4.0,12.0,23.0,2.0,0.0,1.0,5.0,6.0,4.0,1.0,3.0,6.0,0.0,8.0,1.0,5.0,4.0,5.0,4.0,6.0,4.0,9.0,5.0,6.0,9.0,6.0,5.0,8.0,5.0,7.0,6.0,7.0,7.0,8.0,7.0,3.0,9.0,6.0,6.0,5.0,8.0,1.0,9.0,9.0,11.0,10.0,4.0,7.0,8.0,16.0,10.0,11.0,14.0,14.0,33.0,7.0,10.0,9.0,6.0,5.0,6.0,11.0,7.0,6.0,5.0,4.0,3.0,6.0,8.0,4.0,2.0,11.0,4.0,8.0,7.0,8.0,8.0,6.0,4.0,10.0,9.0,7.0,6.0,11.0,7.0,8.0,4.0,10.0,4.0,8.0,9.0,6.0,7.0,7.0,12.0,6.0,7.0,10.0,4.0,10.0,7.0,10.0,1.0,3.0,8.0,17.0,30.0,13.0,9.0,8.0,11.0,12.0,8.0,5.0,6.0,6.0,10.0,7.0,9.0,8.0,5.0,12.0,3.0,5.0,7.0,8.0,7.0,9.0
61,100,1.0,1.0,1.0,4.0,2.0,3.0,2.0,1.0,4.0,1.0,0.0,0.0,3.0,0.0,3.0,4.0,0.0,0.0,0.0,1.0,1.0,2.0,2.0,0.0,0.0,0.0,1.0,3.0,2.0,2.0,4.0,1.0,0.0,1.0,1.0,2.0,5.0,0.0,2.0,0.0,1.0,0.0,2.0,2.0,0.0,1.0,2.0,0.0,1.0,1.0,0.0,0.0,0.0,2.0,4.0,1.0,3.0,1.0,5.0,1.0,1.0,0.0,0.0,2.0,0.0,2.0,1.0,0.0,0.0,3.0,0.0,1.0,0.0,0.0,1.0,2.0,0.0,0.0,4.0,2.0,0.0,3.0,2.0,5.0,9.0,1.0,1.0,2.0,7.0,1.0,0.0,0.0,0.0,1.0,1.0,2.0,2.0,0.0,3.0,0.0,1.0,0.0,1.0,2.0,1.0,0.0,2.0,1.0,1.0,0.0,1.0,2.0,2.0,3.0,1.0,2.0,0.0,2.0,0.0,1.0,1.0,1.0,1.0,0.0,0.0,1.0,1.0,0.0,0.0,1.0,2.0,2.0,0.0,1.0,2.0,3.0,2.0,0.0,1.0,4.0,4.0,2.0,1.0,2.0,3.0,0.0,0.0,1.0,3.0,1.0,2.0,1.0,1.0,1.0,2.0,0.0,1.0,0.0,2.0,1.0,0.0,1.0
61,101,2.0,0.0,0.0,0.0,0.0,1.0,0.0,0.0,2.0,3.0,0.0,1.0,1.0,0.0,0.0,1.0,0.0,0.0,0.0,0.0,1.0,1.0,0.0,1.0,0.0,2.0,1.0,0.0,1.0,1.0,2.0,0.0,1.0,2.0,0.0,2.0,0.0,4.0,1.0,0.0,0.0,0.0,0.0,2.0,4.0,0.0,1.0,1.0,1.0,0.0,1.0,1.0,1.0,3.0,0.0,0.0,0.0,1.0,3.0,0.0,0.0,1.0,0.0,0.0,0.0,1.0,0.0,0.0,0.0,0.0,0.0,1.0,1.0,1.0,1.0,0.0,0.0,2.0,1.0,0.0,1.0,1.0,3.0,3.0,1.0,0.0,2.0,0.0,1.0,0.0,3.0,2.0,1.0,1.0,0.0,2.0,0.0,0.0,0.0,1.0,0.0,2.0,2.0,0.0,0.0,0.0,1.0,0.0,1.0,2.0,0.0,0.0,0.0,0.0,0.0,1.0,1.0,1.0,0.0,1.0,0.0,1.0,1.0,0.0,2.0,0.0,1.0,0.0,0.0,2.0,0.0,0.0,0.0,0.0,0.0,2.0,1.0,0.0,1.0,1.0,0.0,1.0,0.0,0.0,1.0,0.0,0.0,1.0,3.0,0.0,0.0,1.0,0.0,0.0,1.0,0.0,2.0,0.0,0.0,0.0,2.0,0.0
61,105,1.0,0.0,1.0,1.0,0.0,1.0,0.0,3.0,0.0,0.0,0.0,1.0,0.0,0.0,1.0,0.0,0.0,0.0,0.0,0.0,0.0,0.0,0.0,0.0,0.0,0.0,0.0,0.0,0.0,0.0,0.0,0.0,0.0,0.0,2.0,1.0,1.0,4.0,1.0,0.0,0.0,0.0,1.0,0.0,0.0,1.0,0.0,0.0,0.0,0.0,2.0,1.0,0.0,0.0,0.0,0.0,0.0,0.0,1.0,0.0,1.0,5.0,0.0,0.0,0.0,2.0,0.0,0.0,1.0,0.0,0.0,1.0,0.0,1.0,1.0,0.0,0.0,0.0,0.0,1.0,0.0,2.0,2.0,4.0,2.0,1.0,2.0,1.0,1.0,1.0,2.0,1.0,3.0,2.0,0.0,1.0,0.0,0.0,0.0,1.0,1.0,0.0,0.0,1.0,1.0,0.0,1.0,1.0,0.0,0.0,0.0,2.0,0.0,0.0,0.0,3.0,2.0,1.0,1.0,1.0,1.0,0.0,1.0,0.0,2.0,1.0,2.0,0.0,1.0,2.0,3.0,3.0,3.0,0.0,1.0,7.0,1.0,3.0,4.0,5.0,2.0,6.0,5.0,3.0,3.0,0.0,2.0,0.0,0.0,0.0,0.0,0.0,0.0,0.0,1.0,0.0,1.0,4.0,4.0,0.0,4.0,2.0
61,107,0.0,0.0,2.0,4.0,0.0,1.0,0.0,1.0,0.0,1.0,1.0,0.0,1.0,1.0,4.0,0.0,1.0,1.0,1.0,0.0,1.0,2.0,3.0,1.0,1.0,0.0,1.0,1.0,1.0,1.0,0.0,2.0,0.0,1.0,2.0,3.0,10.0,0.0,3.0,2.0,1.0,0.0,1.0,1.0,0.0,2.0,0.0,1.0,1.0,1.0,1.0,1.0,0.0,0.0,2.0,0.0,3.0,0.0,3.0,3.0,0.0,0.0,0.0,1.0,0.0,2.0,0.0,0.0,0.0,0.0,0.0,1.0,0.0,1.0,3.0,1.0,0.0,0.0,2.0,0.0,3.0,1.0,1.0,2.0,1.0,4.0,6.0,7.0,12.0,0.0,0.0,0.0,1.0,1.0,1.0,2.0,2.0,0.0,2.0,0.0,0.0,1.0,2.0,0.0,0.0,1.0,1.0,0.0,2.0,1.0,0.0,1.0,1.0,1.0,1.0,1.0,0.0,1.0,0.0,1.0,2.0,0.0,0.0,1.0,1.0,3.0,0.0,0.0,1.0,0.0,1.0,0.0,2.0,0.0,0.0,2.0,1.0,0.0,2.0,3.0,10.0,2.0,2.0,1.0,1.0,1.0,1.0,2.0,2.0,1.0,0.0,0.0,1.0,1.0,1.0,1.0,2.0,0.0,3.0,2.0,4.0,0.0
61,108,0.0,0.0,0.0,0.0,0.0,0.0,0.0,1.0,0.0,2.0,0.0,1.0,3.0,3.0,1.0,0.0,2.0,1.0,1.0,0.0,0.0,0.0,0.0,0.0,0.0,0.0,0.0,0.0,0.0,0.0,1.0,0.0,0.0,1.0,2.0,3.0,10.0,3.0,0.0,0.0,0.0,0.0,0.0,2.0,3.0,0.0,1.0,2.0,2.0,1.0,1.0,2.0,2.0,5.0,1.0,0.0,0.0,0.0,0.0,2.0,2.0,3.0,0.0,0.0,0.0,1.0,0.0,0.0,0.0,0.0,0.0,2.0,0.0,0.0,1.0,1.0,3.0,0.0,0.0,0.0,0.0,0.0,0.0,0.0,1.0,0.0,6.0,2.0,9.0,2.0,2.0,0.0,2.0,0.0,1.0,1.0,1.0,0.0,0.0,2.0,0.0,1.0,1.0,0.0,0.0,0.0,1.0,0.0,0.0,0.0,0.0,0.0,0.0,2.0,1.0,0.0,2.0,3.0,1.0,1.0,2.0,0.0,2.0,0.0,1.0,2.0,1.0,1.0,0.0,1.0,0.0,0.0,0.0,0.0,0.0,0.0,0.0,3.0,0.0,2.0,5.0,0.0,1.0,1.0,0.0,2.0,3.0,0.0,1.0,1.0,0.0,0.0,1.0,1.0,1.0,1.0,0.0,1.0,0.0,0.0,0.0,0.0
61,109,12.0,10.0,19.0,17.0,8.0,6.0,8.0,13.0,7.0,15.0,10.0,8.0,13.0,19.0,2.0,17.0,10.0,6.0,11.0,10.0,18.0,14.0,19.0,12.0,14.0,19.0,22.0,9.0,12.0,7.0,23.0,21.0,8.0,14.0,9.0,19.0,17.0,8.0,11.0,13.0,11.0,5.0,6.0,21.0,8.0,13.0,13.0,19.0,10.0,11.0,9.0,10.0,7.0,15.0,21.0,18.0,13.0,11.0,10.0,10.0,16.0,14.0,4.0,8.0,14.0,12.0,15.0,17.0,29.0,25.0,20.0,14.0,22.0,18.0,26.0,6.0,17.0,18.0,19.0,11.0,13.0,9.0,11.0,39.0,35.0,2.0,16.0,25.0,17.0,8.0,24.0,18.0,7.0,6.0,18.0,14.0,8.0,10.0,10.0,11.0,14.0,19.0,12.0,10.0,11.0,8.0,14.0,34.0,22.0,11.0,10.0,9.0,15.0,10.0,6.0,8.0,8.0,9.0,10.0,15.0,15.0,19.0,15.0,9.0,8.0,15.0,11.0,10.0,22.0,11.0,12.0,16.0,15.0,1.0,9.0,32.0,17.0,5.0,25.0,26.0,14.0,13.0,6.0,12.0,6.0,12.0,7.0,17.0,7.0,7.0,5.0,6.0,11.0,10.0,7.0,13.0,4.0,8.0,12.0,13.0,16.0,12.0
61,110,0.0,0.0,0.0,0.0,0.0,0.0,0.0,0.0,2.0,0.0,0.0,0.0,0.0,1.0,0.0,0.0,0.0,0.0,0.0,0.0,0.0,2.0,0.0,0.0,0.0,0.0,0.0,0.0,0.0,0.0,1.0,1.0,0.0,0.0,0.0,0.0,1.0,2.0,0.0,0.0,1.0,0.0,1.0,0.0,0.0,1.0,1.0,0.0,0.0,0.0,0.0,0.0,0.0,0.0,0.0,0.0,0.0,1.0,0.0,0.0,0.0,1.0,0.0,0.0,1.0,0.0,2.0,0.0,0.0,0.0,0.0,0.0,0.0,0.0,1.0,2.0,0.0,1.0,0.0,1.0,0.0,0.0,1.0,1.0,1.0,0.0,3.0,0.0,5.0,0.0,0.0,1.0,1.0,1.0,0.0,1.0,1.0,1.0,2.0,1.0,1.0,0.0,1.0,2.0,1.0,0.0,0.0,1.0,2.0,0.0,0.0,1.0,1.0,1.0,0.0,1.0,1.0,1.0,0.0,0.0,1.0,0.0,1.0,0.0,0.0,0.0,2.0,0.0,0.0,1.0,0.0,0.0,2.0,0.0,1.0,0.0,0.0,1.0,0.0,2.0,6.0,2.0,0.0,0.0,0.0,2.0,1.0,0.0,1.0,1.0,0.0,0.0,0.0,0.0,1.0,0.0,0.0,2.0,0.0,2.0,1.0,0.0
61,113,0.0,1.0,0.0,0.0,1.0,0.0,1.0,0.0,0.0,0.0,1.0,0.0,1.0,0.0,0.0,0.0,0.0,1.0,0.0,0.0,0.0,0.0,1.0,1.0,0.0,0.0,1.0,1.0,0.0,0.0,0.0,2.0,2.0,3.0,0.0,2.0,0.0,0.0,0.0,0.0,0.0,0.0,0.0,0.0,0.0,1.0,2.0,0.0,1.0,1.0,0.0,0.0,1.0,0.0,0.0,2.0,1.0,0.0,0.0,0.0,0.0,0.0,0.0,0.0,1.0,0.0,1.0,0.0,2.0,2.0,0.0,0.0,0.0,1.0,2.0,0.0,0.0,2.0,1.0,0.0,1.0,1.0,0.0,2.0,0.0,0.0,1.0,2.0,4.0,1.0,0.0,0.0,0.0,0.0,3.0,0.0,0.0,1.0,0.0,3.0,6.0,0.0,0.0,2.0,0.0,0.0,0.0,0.0,5.0,0.0,0.0,0.0,2.0,2.0,1.0,0.0,1.0,4.0,1.0,0.0,0.0,2.0,0.0,3.0,0.0,5.0,2.0,2.0,0.0,1.0,0.0,0.0,0.0,0.0,2.0,2.0,1.0,0.0,6.0,1.0,4.0,1.0,0.0,1.0,3.0,0.0,0.0,1.0,0.0,0.0,0.0,3.0,1.0,0.0,0.0,0.0,1.0,0.0,3.0,0.0,1.0,1.0
61,114,0.0,0.0,0.0,0.0,0.0,0.0,0.0,0.0,0.0,0.0,0.0,0.0,0.0,0.0,2.0,0.0,0.0,0.0,0.0,0.0,1.0,1.0,1.0,0.0,0.0,0.0,1.0,1.0,1.0,1.0,0.0,0.0,0.0,3.0,0.0,1.0,0.0,0.0,0.0,0.0,0.0,0.0,0.0,0.0,0.0,0.0,0.0,0.0,0.0,0.0,0.0,0.0,0.0,0.0,0.0,1.0,2.0,0.0,0.0,0.0,0.0,2.0,0.0,0.0,1.0,1.0,0.0,0.0,0.0,4.0,1.0,2.0,0.0,1.0,3.0,1.0,3.0,1.0,0.0,4.0,4.0,1.0,2.0,1.0,0.0,1.0,5.0,8.0,8.0,0.0,0.0,0.0,0.0,1.0,3.0,8.0,4.0,3.0,6.0,3.0,2.0,3.0,1.0,7.0,1.0,1.0,2.0,2.0,6.0,3.0,3.0,3.0,1.0,4.0,3.0,1.0,4.0,6.0,7.0,0.0,2.0,6.0,0.0,2.0,5.0,5.0,2.0,3.0,3.0,5.0,1.0,1.0,0.0,3.0,1.0,1.0,3.0,1.0,8.0,14.0,22.0,4.0,0.0,0.0,3.0,1.0,0.0,5.0,5.0,3.0,3.0,4.0,1.0,2.0,1.0,4.0,2.0,4.0,4.0,3.0,6.0,1.0
61,115,1.0,0.0,1.0,0.0,1.0,0.0,0.0,0.0,0.0,0.0,1.0,0.0,0.0,0.0,0.0,1.0,0.0,0.0,0.0,0.0,0.0,0.0,2.0,0.0,0.0,0.0,1.0,2.0,1.0,0.0,0.0,0.0,0.0,0.0,2.0,1.0,5.0,1.0,0.0,0.0,0.0,0.0,0.0,0.0,2.0,0.0,1.0,0.0,0.0,0.0,0.0,0.0,0.0,1.0,0.0,2.0,0.0,0.0,0.0,1.0,0.0,0.0,1.0,0.0,1.0,0.0,0.0,0.0,1.0,0.0,0.0,0.0,0.0,1.0,2.0,1.0,0.0,1.0,1.0,0.0,0.0,0.0,1.0,1.0,0.0,1.0,2.0,4.0,8.0,0.0,0.0,0.0,1.0,1.0,0.0,1.0,3.0,2.0,0.0,1.0,0.0,0.0,2.0,0.0,1.0,1.0,1.0,1.0,5.0,1.0,1.0,0.0,2.0,0.0,1.0,1.0,0.0,2.0,0.0,0.0,1.0,0.0,1.0,0.0,0.0,1.0,0.0,0.0,0.0,0.0,0.0,1.0,0.0,0.0,0.0,0.0,2.0,0.0,2.0,2.0,8.0,0.0,1.0,0.0,0.0,2.0,0.0,2.0,0.0,1.0,2.0,0.0,1.0,0.0,0.0,1.0,0.0,0.0,1.0,1.0,3.0,0.0
61,119,4.0,1.0,2.0,3.0,1.0,1.0,0.0,3.0,1.0,2.0,0.0,0.0,1.0,0.0,1.0,0.0,0.0,0.0,0.0,0.0,0.0,1.0,1.0,0.0,3.0,2.0,1.0,0.0,0.0,0.0,0.0,3.0,0.0,2.0,0.0,0.0,6.0,0.0,0.0,2.0,0.0,3.0,2.0,0.0,1.0,1.0,0.0,0.0,0.0,0.0,0.0,4.0,0.0,0.0,0.0,1.0,2.0,0.0,3.0,2.0,2.0,2.0,3.0,1.0,1.0,1.0,0.0,1.0,1.0,4.0,0.0,0.0,1.0,0.0,2.0,1.0,2.0,0.0,8.0,0.0,0.0,3.0,3.0,1.0,3.0,1.0,4.0,3.0,8.0,1.0,1.0,2.0,0.0,1.0,0.0,1.0,4.0,3.0,1.0,3.0,0.0,2.0,3.0,0.0,2.0,1.0,3.0,0.0,1.0,0.0,2.0,1.0,3.0,3.0,0.0,1.0,0.0,1.0,0.0,0.0,1.0,3.0,5.0,0.0,0.0,0.0,1.0,0.0,0.0,0.0,2.0,0.0,4.0,1.0,1.0,0.0,2.0,2.0,4.0,1.0,3.0,0.0,1.0,2.0,1.0,0.0,0.0,0.0,0.0,0.0,0.0,0.0,0.0,0.0,2.0,0.0,0.0,0.0,0.0,0.0,0.0,1.0
61,120,0.0,0.0,1.0,0.0,0.0,0.0,0.0,0.0,0.0,0.0,0.0,1.0,0.0,0.0,0.0,0.0,0.0,0.0,2.0,0.0,0.0,0.0,0.0,0.0,0.0,0.0,0.0,0.0,1.0,0.0,2.0,2.0,0.0,2.0,0.0,2.0,4.0,2.0,0.0,2.0,0.0,1.0,1.0,0.0,1.0,0.0,0.0,1.0,1.0,0.0,1.0,0.0,0.0,0.0,0.0,1.0,1.0,0.0,1.0,1.0,0.0,1.0,0.0,1.0,0.0,1.0,2.0,0.0,0.0,0.0,1.0,1.0,0.0,1.0,0.0,0.0,2.0,0.0,0.0,1.0,0.0,0.0,0.0,1.0,0.0,1.0,2.0,5.0,4.0,0.0,2.0,1.0,0.0,0.0,1.0,0.0,0.0,0.0,1.0,0.0,0.0,0.0,0.0,2.0,1.0,0.0,0.0,1.0,0.0,1.0,0.0,0.0,1.0,1.0,0.0,0.0,1.0,0.0,0.0,3.0,1.0,5.0,0.0,0.0,2.0,0.0,0.0,0.0,0.0,1.0,1.0,0.0,0.0,1.0,0.0,1.0,2.0,1.0,2.0,0.0,2.0,2.0,3.0,3.0,2.0,2.0,0.0,0.0,1.0,2.0,2.0,1.0,1.0,0.0,1.0,1.0,0.0,0.0,2.0,2.0,3.0,0.0
61,121,0.0,1.0,2.0,1.0,0.0,0.0,0.0,0.0,0.0,0.0,0.0,0.0,0.0,0.0,0.0,0.0,0.0,0.0,0.0,0.0,0.0,0.0,0.0,0.0,0.0,0.0,1.0,1.0,1.0,0.0,4.0,3.0,2.0,2.0,0.0,8.0,5.0,0.0,2.0,1.0,1.0,1.0,1.0,0.0,1.0,0.0,2.0,1.0,0.0,2.0,1.0,1.0,1.0,1.0,2.0,5.0,3.0,2.0,0.0,2.0,0.0,1.0,1.0,2.0,0.0,0.0,1.0,2.0,1.0,0.0,0.0,2.0,0.0,1.0,2.0,2.0,2.0,1.0,0.0,0.0,0.0,0.0,0.0,4.0,2.0,0.0,1.0,6.0,4.0,4.0,2.0,1.0,2.0,1.0,0.0,0.0,1.0,1.0,1.0,2.0,1.0,0.0,0.0,1.0,0.0,1.0,2.0,4.0,2.0,0.0,0.0,2.0,0.0,0.0,0.0,0.0,0.0,0.0,1.0,1.0,1.0,0.0,1.0,0.0,0.0,0.0,3.0,1.0,0.0,0.0,1.0,1.0,1.0,0.0,0.0,1.0,1.0,0.0,1.0,2.0,5.0,2.0,3.0,0.0,0.0,0.0,0.0,0.0,2.0,1.0,0.0,1.0,1.0,2.0,0.0,0.0,0.0,0.0,0.0,2.0,0.0,2.0
61,123,0.0,0.0,0.0,0.0,0.0,2.0,0.0,2.0,1.0,2.0,3.0,0.0,1.0,0.0,2.0,2.0,1.0,0.0,0.0,1.0,0.0,1.0,1.0,2.0,0.0,2.0,0.0,1.0,0.0,0.0,0.0,2.0,1.0,3.0,1.0,3.0,6.0,5.0,0.0,2.0,0.0,1.0,1.0,0.0,0.0,3.0,1.0,2.0,3.0,0.0,0.0,2.0,2.0,1.0,1.0,1.0,0.0,1.0,0.0,3.0,0.0,3.0,0.0,1.0,1.0,1.0,0.0,1.0,0.0,0.0,0.0,2.0,2.0,2.0,1.0,0.0,0.0,2.0,0.0,2.0,1.0,4.0,3.0,4.0,4.0,1.0,3.0,6.0,4.0,2.0,1.0,3.0,2.0,1.0,1.0,5.0,0.0,1.0,0.0,1.0,0.0,0.0,1.0,0.0,1.0,0.0,1.0,1.0,3.0,2.0,2.0,0.0,1.0,5.0,0.0,0.0,1.0,1.0,0.0,0.0,2.0,1.0,0.0,0.0,0.0,1.0,0.0,0.0,1.0,0.0,1.0,2.0,1.0,1.0,0.0,9.0,6.0,1.0,6.0,4.0,11.0,0.0,2.0,8.0,0.0,0.0,0.0,1.0,2.0,7.0,4.0,0.0,2.0,5.0,0.0,2.0,2.0,1.0,3.0,1.0,0.0,0.0
61,124,52.0,61.0,107.0,131.0,52.0,37.0,28.0,61.0,34.0,59.0,58.0,60.0,84.0,89.0,121.0,119.0,87.0,51.0,69.0,72.0,98.0,138.0,121.0,126.0,134.0,139.0,161.0,92.0,85.0,87.0,494.0,207.0,91.0,93.0,100.0,227.0,206.0,49.0,60.0,83.0,86.0,72.0,80.0,92.0,97.0,90.0,83.0,112.0,99.0,95.0,80.0,105.0,86.0,95.0,130.0,138.0,119.0,82.0,93.0,119.0,90.0,124.0,78.0,76.0,83.0,86.0,102.0,106.0,96.0,98.0,84.0,76.0,75.0,77.0,90.0,68.0,120.0,100.0,73.0,70.0,67.0,75.0,96.0,443.0,163.0,64.0,113.0,142.0,190.0,48.0,37.0,43.0,55.0,60.0,69.0,75.0,57.0,56.0,62.0,67.0,94.0,84.0,87.0,63.0,77.0,75.0,127.0,198.0,173.0,65.0,72.0,103.0,76.0,97.0,75.0,83.0,82.0,86.0,83.0,98.0,72.0,90.0,90.0,62.0,103.0,57.0,91.0,100.0,114.0,106.0,96.0,67.0,66.0,88.0,123.0,492.0,211.0,70.0,111.0,132.0,230.0,90.0,72.0,67.0,66.0,59.0,72.0,52.0,88.0,91.0,88.0,63.0,70.0,60.0,59.0,67.0,55.0,69.0,103.0,130.0,134.0,90.0
61,126,4.0,3.0,2.0,1.0,2.0,2.0,4.0,2.0,1.0,0.0,1.0,1.0,28.0,23.0,12.0,25.0,46.0,18.0,31.0,30.0,43.0,51.0,28.0,23.0,23.0,45.0,28.0,35.0,23.0,10.0,88.0,91.0,26.0,15.0,20.0,33.0,80.0,17.0,3.0,9.0,49.0,38.0,38.0,25.0,38.0,42.0,32.0,32.0,16.0,18.0,2.0,17.0,9.0,28.0,50.0,29.0,13.0,9.0,5.0,6.0,15.0,46.0,27.0,19.0,11.0,17.0,6.0,6.0,13.0,4.0,18.0,13.0,23.0,13.0,13.0,12.0,26.0,13.0,8.0,10.0,5.0,7.0,10.0,36.0,28.0,5.0,13.0,11.0,32.0,6.0,17.0,12.0,0.0,6.0,11.0,12.0,10.0,10.0,9.0,7.0,15.0,14.0,24.0,4.0,20.0,27.0,15.0,36.0,46.0,13.0,27.0,22.0,25.0,30.0,22.0,29.0,19.0,9.0,9.0,11.0,15.0,13.0,10.0,6.0,3.0,0.0,6.0,18.0,20.0,10.0,5.0,2.0,0.0,29.0,2.0,0.0,2.0,86.0,9.0,14.0,26.0,14.0,2.0,10.0,5.0,3.0,3.0,5.0,5.0,3.0,3.0,3.0,2.0,2.0,20.0,3.0,5.0,0.0,0.0,0.0,0.0,0.0
61,127,5.0,0.0,1.0,0.0,0.0,0.0,0.0,0.0,1.0,3.0,0.0,1.0,6.0,1.0,1.0,0.0,3.0,2.0,3.0,4.0,1.0,1.0,0.0,0.0,3.0,3.0,4.0,3.0,3.0,2.0,7.0,1.0,1.0,5.0,1.0,3.0,0.0,4.0,1.0,1.0,2.0,3.0,3.0,2.0,1.0,1.0,0.0,0.0,0.0,0.0,0.0,0.0,0.0,0.0,1.0,0.0,0.0,1.0,1.0,2.0,0.0,1.0,0.0,3.0,1.0,1.0,0.0,0.0,1.0,0.0,2.0,0.0,1.0,1.0,0.0,0.0,2.0,3.0,1.0,3.0,1.0,0.0,2.0,0.0,1.0,0.0,5.0,1.0,1.0,0.0,0.0,0.0,0.0,0.0,0.0,0.0,2.0,1.0,0.0,0.0,0.0,0.0,0.0,0.0,0.0,0.0,1.0,3.0,2.0,0.0,1.0,0.0,0.0,0.0,1.0,1.0,0.0,2.0,0.0,0.0,1.0,5.0,3.0,3.0,2.0,0.0,1.0,1.0,0.0,0.0,0.0,0.0,0.0,1.0,1.0,3.0,1.0,1.0,2.0,2.0,4.0,1.0,1.0,0.0,1.0,0.0,0.0,0.0,0.0,1.0,4.0,1.0,4.0,1.0,1.0,3.0,2.0,1.0,0.0,0.0,1.0,0.0
61,128,3.0,4.0,4.0,1.0,0.0,6.0,1.0,6.0,2.0,7.0,6.0,0.0,0.0,0.0,0.0,0.0,0.0,0.0,0.0,0.0,0.0,0.0,0.0,0.0,1.0,2.0,1.0,1.0,0.0,0.0,5.0,2.0,0.0,3.0,1.0,3.0,1.0,0.0,0.0,1.0,2.0,0.0,0.0,2.0,0.0,0.0,0.0,3.0,3.0,3.0,1.0,0.0,0.0,2.0,3.0,4.0,3.0,3.0,0.0,0.0,2.0,2.0,2.0,1.0,0.0,0.0,0.0,2.0,1.0,1.0,1.0,5.0,0.0,3.0,1.0,4.0,6.0,3.0,2.0,0.0,0.0,0.0,2.0,1.0,1.0,0.0,3.0,3.0,6.0,5.0,2.0,0.0,0.0,1.0,2.0,2.0,1.0,1.0,1.0,1.0,1.0,3.0,1.0,3.0,1.0,2.0,1.0,5.0,2.0,4.0,0.0,0.0,1.0,3.0,2.0,0.0,0.0,6.0,3.0,1.0,1.0,4.0,3.0,1.0,1.0,1.0,1.0,1.0,6.0,1.0,3.0,2.0,0.0,1.0,2.0,3.0,0.0,0.0,1.0,2.0,5.0,6.0,3.0,2.0,2.0,4.0,1.0,1.0,0.0,2.0,1.0,2.0,0.0,1.0,1.0,3.0,2.0,4.0,2.0,0.0,1.0,1.0
61,129,3.0,2.0,0.0,2.0,0.0,0.0,1.0,0.0,1.0,3.0,2.0,0.0,2.0,2.0,1.0,1.0,0.0,2.0,2.0,1.0,1.0,3.0,1.0,0.0,1.0,4.0,1.0,1.0,1.0,3.0,0.0,2.0,2.0,2.0,0.0,2.0,0.0,1.0,0.0,0.0,2.0,1.0,2.0,0.0,0.0,0.0,2.0,0.0,1.0,1.0,1.0,1.0,3.0,1.0,1.0,0.0,0.0,0.0,2.0,1.0,0.0,0.0,0.0,0.0,2.0,0.0,0.0,5.0,2.0,0.0,0.0,3.0,1.0,4.0,0.0,2.0,3.0,3.0,1.0,0.0,0.0,0.0,0.0,0.0,1.0,0.0,7.0,3.0,6.0,3.0,0.0,0.0,0.0,0.0,0.0,0.0,0.0,0.0,0.0,0.0,0.0,1.0,0.0,0.0,0.0,0.0,0.0,6.0,0.0,11.0,2.0,1.0,2.0,2.0,0.0,0.0,2.0,4.0,1.0,2.0,3.0,3.0,1.0,1.0,2.0,1.0,0.0,1.0,1.0,1.0,0.0,1.0,2.0,6.0,4.0,3.0,3.0,1.0,0.0,0.0,6.0,7.0,7.0,4.0,0.0,1.0,2.0,0.0,2.0,3.0,2.0,4.0,2.0,2.0,2.0,1.0,0.0,3.0,7.0,2.0,1.0,2.0
61,130,3.0,4.0,2.0,4.0,3.0,1.0,4.0,3.0,0.0,2.0,5.0,1.0,4.0,8.0,1.0,2.0,0.0,0.0,3.0,1.0,1.0,2.0,2.0,0.0,1.0,0.0,2.0,3.0,10.0,1.0,1.0,3.0,0.0,0.0,3.0,4.0,2.0,1.0,5.0,2.0,5.0,3.0,0.0,0.0,2.0,5.0,4.0,2.0,1.0,0.0,0.0,6.0,2.0,1.0,2.0,2.0,2.0,0.0,0.0,0.0,0.0,2.0,1.0,0.0,2.0,4.0,3.0,7.0,9.0,1.0,0.0,0.0,0.0,0.0,2.0,4.0,5.0,8.0,0.0,0.0,3.0,3.0,0.0,0.0,1.0,3.0,3.0,0.0,4.0,1.0,0.0,2.0,0.0,0.0,0.0,1.0,0.0,1.0,2.0,0.0,0.0,2.0,1.0,0.0,0.0,0.0,0.0,5.0,1.0,1.0,2.0,0.0,0.0,2.0,0.0,0.0,2.0,2.0,3.0,0.0,3.0,4.0,3.0,3.0,1.0,1.0,1.0,1.0,5.0,1.0,6.0,1.0,2.0,9.0,2.0,0.0,3.0,1.0,0.0,0.0,4.0,3.0,3.0,4.0,5.0,2.0,12.0,1.0,2.0,1.0,7.0,4.0,3.0,3.0,2.0,4.0,2.0,2.0,3.0,2.0,2.0,4.0
61,131,3.0,0.0,1.0,4.0,0.0,0.0,1.0,1.0,4.0,1.0,1.0,0.0,1.0,1.0,2.0,0.0,0.0,0.0,1.0,1.0,0.0,1.0,5.0,3.0,1.0,0.0,0.0,0.0,1.0,1.0,3.0,5.0,3.0,2.0,1.0,1.0,5.0,4.0,0.0,0.0,0.0,0.0,0.0,0.0,4.0,0.0,2.0,2.0,1.0,4.0,0.0,1.0,1.0,0.0,1.0,1.0,1.0,0.0,1.0,3.0,2.0,2.0,0.0,2.0,0.0,3.0,2.0,0.0,0.0,0.0,1.0,0.0,0.0,2.0,0.0,1.0,5.0,1.0,0.0,0.0,0.0,0.0,0.0,0.0,0.0,0.0,1.0,1.0,0.0,1.0,0.0,0.0,1.0,1.0,1.0,0.0,1.0,0.0,1.0,2.0,0.0,2.0,0.0,2.0,0.0,3.0,1.0,7.0,2.0,0.0,2.0,1.0,1.0,3.0,3.0,0.0,0.0,2.0,4.0,1.0,2.0,2.0,0.0,3.0,0.0,0.0,1.0,3.0,4.0,1.0,0.0,1.0,0.0,1.0,1.0,1.0,1.0,2.0,0.0,0.0,2.0,5.0,2.0,3.0,2.0,1.0,2.0,0.0,0.0,6.0,4.0,4.0,0.0,2.0,1.0,2.0,1.0,4.0,2.0,3.0,2.0,3.0
61,132,1.0,2.0,4.0,0.0,0.0,0.0,0.0,0.0,0.0,1.0,0.0,1.0,1.0,1.0,1.0,1.0,0.0,0.0,0.0,1.0,0.0,1.0,0.0,0.0,0.0,2.0,1.0,2.0,0.0,1.0,3.0,2.0,2.0,4.0,0.0,2.0,2.0,0.0,1.0,1.0,1.0,2.0,1.0,0.0,1.0,1.0,2.0,1.0,1.0,1.0,0.0,0.0,3.0,2.0,2.0,1.0,2.0,0.0,0.0,1.0,1.0,0.0,0.0,0.0,5.0,3.0,0.0,0.0,3.0,1.0,4.0,1.0,1.0,0.0,2.0,0.0,1.0,5.0,4.0,1.0,0.0,0.0,0.0,0.0,2.0,2.0,0.0,5.0,1.0,1.0,0.0,0.0,1.0,2.0,0.0,0.0,2.0,0.0,0.0,1.0,0.0,0.0,0.0,0.0,2.0,2.0,2.0,2.0,1.0,1.0,0.0,1.0,1.0,0.0,0.0,0.0,0.0,1.0,0.0,1.0,1.0,0.0,4.0,5.0,2.0,0.0,0.0,1.0,1.0,0.0,2.0,1.0,0.0,3.0,2.0,3.0,2.0,1.0,5.0,2.0,2.0,1.0,0.0,1.0,0.0,0.0,3.0,3.0,2.0,1.0,1.0,2.0,1.0,5.0,0.0,4.0,1.0,1.0,1.0,1.0,4.0,6.0
61,133,4.0,1.0,1.0,7.0,3.0,2.0,3.0,2.0,3.0,2.0,3.0,4.0,1.0,3.0,1.0,1.0,2.0,1.0,4.0,1.0,4.0,2.0,2.0,1.0,1.0,3.0,1.0,7.0,3.0,8.0,4.0,2.0,2.0,4.0,3.0,10.0,6.0,3.0,0.0,2.0,0.0,0.0,0.0,1.0,3.0,2.0,5.0,0.0,1.0,1.0,2.0,2.0,1.0,0.0,3.0,5.0,1.0,1.0,2.0,3.0,4.0,3.0,2.0,4.0,7.0,3.0,0.0,0.0,1.0,1.0,2.0,5.0,1.0,3.0,1.0,2.0,0.0,0.0,9.0,4.0,1.0,6.0,0.0,0.0,0.0,0.0,2.0,3.0,11.0,8.0,3.0,2.0,4.0,6.0,3.0,7.0,10.0,3.0,4.0,2.0,2.0,0.0,2.0,1.0,1.0,3.0,1.0,6.0,3.0,3.0,10.0,6.0,5.0,2.0,3.0,4.0,6.0,6.0,1.0,3.0,1.0,0.0,0.0,7.0,4.0,13.0,1.0,2.0,0.0,3.0,2.0,5.0,2.0,3.0,6.0,2.0,12.0,4.0,8.0,9.0,8.0,14.0,3.0,4.0,0.0,3.0,4.0,5.0,5.0,1.0,1.0,1.0,3.0,3.0,1.0,6.0,5.0,2.0,4.0,4.0,2.0,3.0
61,134,0.0,0.0,0.0,1.0,1.0,0.0,1.0,1.0,0.0,1.0,0.0,0.0,0.0,0.0,0.0,0.0,0.0,1.0,1.0,0.0,1.0,0.0,0.0,0.0,2.0,0.0,0.0,0.0,0.0,2.0,0.0,2.0,0.0,0.0,1.0,0.0,0.0,0.0,0.0,0.0,2.0,0.0,1.0,0.0,0.0,0.0,0.0,0.0,0.0,0.0,0.0,0.0,1.0,2.0,0.0,0.0,0.0,0.0,0.0,1.0,0.0,0.0,2.0,0.0,0.0,0.0,1.0,1.0,0.0,0.0,3.0,1.0,0.0,1.0,0.0,3.0,0.0,1.0,0.0,0.0,0.0,0.0,0.0,0.0,0.0,0.0,0.0,1.0,4.0,0.0,0.0,0.0,0.0,0.0,1.0,1.0,1.0,1.0,0.0,0.0,0.0,0.0,1.0,1.0,1.0,0.0,0.0,1.0,1.0,2.0,0.0,0.0,0.0,0.0,1.0,0.0,0.0,1.0,2.0,1.0,0.0,2.0,1.0,0.0,1.0,0.0,0.0,0.0,1.0,2.0,0.0,0.0,2.0,0.0,0.0,4.0,1.0,4.0,0.0,1.0,8.0,1.0,1.0,1.0,1.0,1.0,0.0,0.0,3.0,1.0,0.0,0.0,1.0,0.0,0.0,0.0,1.0,0.0,1.0,2.0,1.0,0.0
61,135,0.0,2.0,5.0,3.0,0.0,1.0,0.0,0.0,0.0,0.0,2.0,4.0,0.0,1.0,3.0,7.0,0.0,1.0,1.0,3.0,2.0,1.0,0.0,0.0,0.0,2.0,0.0,0.0,2.0,5.0,8.0,3.0,0.0,0.0,4.0,9.0,0.0,0.0,0.0,5.0,10.0,12.0,3.0,5.0,4.0,0.0,3.0,4.0,3.0,9.0,7.0,5.0,2.0,1.0,0.0,8.0,2.0,0.0,0.0,1.0,5.0,5.0,4.0,2.0,6.0,1.0,3.0,4.0,2.0,2.0,4.0,3.0,3.0,1.0,1.0,4.0,4.0,4.0,1.0,2.0,3.0,2.0,2.0,12.0,1.0,4.0,2.0,10.0,4.0,0.0,0.0,4.0,7.0,5.0,3.0,0.0,0.0,2.0,0.0,3.0,5.0,3.0,7.0,5.0,3.0,4.0,5.0,11.0,8.0,1.0,1.0,5.0,3.0,4.0,1.0,4.0,3.0,2.0,3.0,6.0,4.0,3.0,5.0,3.0,5.0,3.0,6.0,3.0,3.0,3.0,6.0,2.0,2.0,2.0,0.0,19.0,15.0,3.0,0.0,4.0,11.0,0.0,4.0,6.0,1.0,3.0,5.0,2.0,1.0,2.0,1.0,1.0,2.0,3.0,1.0,1.0,0.0,0.0,1.0,3.0,5.0,0.0
61,136,3.0,0.0,4.0,2.0,1.0,0.0,0.0,0.0,0.0,2.0,1.0,1.0,1.0,5.0,8.0,1.0,0.0,0.0,1.0,0.0,0.0,0.0,0.0,0.0,0.0,2.0,0.0,2.0,0.0,0.0,53.0,18.0,0.0,0.0,7.0,15.0,0.0,0.0,0.0,6.0,7.0,1.0,0.0,0.0,0.0,0.0,1.0,5.0,7.0,11.0,6.0,6.0,0.0,0.0,0.0,8.0,9.0,8.0,10.0,5.0,8.0,9.0,2.0,0.0,3.0,2.0,2.0,3.0,2.0,5.0,2.0,3.0,2.0,2.0,5.0,3.0,7.0,4.0,6.0,3.0,1.0,4.0,10.0,5.0,2.0,2.0,10.0,4.0,0.0,0.0,0.0,3.0,4.0,0.0,4.0,5.0,1.0,1.0,8.0,5.0,5.0,2.0,3.0,6.0,3.0,0.0,4.0,6.0,4.0,2.0,2.0,6.0,1.0,2.0,2.0,3.0,1.0,8.0,2.0,13.0,2.0,7.0,0.0,0.0,1.0,0.0,0.0,5.0,1.0,2.0,0.0,2.0,1.0,2.0,3.0,17.0,12.0,3.0,6.0,4.0,2.0,2.0,3.0,3.0,4.0,1.0,2.0,2.0,4.0,1.0,3.0,3.0,1.0,1.0,1.0,3.0,2.0,0.0,4.0,3.0,1.0,0.0
61,137,0.0,0.0,0.0,0.0,0.0,1.0,0.0,1.0,1.0,0.0,0.0,0.0,0.0,0.0,0.0,1.0,0.0,0.0,2.0,0.0,1.0,1.0,0.0,1.0,0.0,1.0,2.0,0.0,0.0,1.0,6.0,1.0,0.0,0.0,0.0,3.0,5.0,1.0,0.0,0.0,1.0,0.0,0.0,1.0,0.0,0.0,0.0,1.0,2.0,0.0,0.0,0.0,0.0,0.0,0.0,0.0,0.0,1.0,0.0,2.0,0.0,0.0,0.0,1.0,0.0,0.0,0.0,2.0,0.0,1.0,0.0,0.0,0.0,0.0,0.0,1.0,2.0,1.0,1.0,0.0,0.0,1.0,2.0,7.0,3.0,0.0,3.0,3.0,5.0,2.0,2.0,0.0,2.0,1.0,1.0,0.0,0.0,1.0,0.0,0.0,0.0,1.0,0.0,0.0,1.0,0.0,1.0,1.0,0.0,0.0,0.0,0.0,0.0,1.0,3.0,0.0,0.0,1.0,0.0,2.0,1.0,0.0,1.0,0.0,0.0,0.0,0.0,0.0,1.0,0.0,0.0,0.0,0.0,2.0,3.0,3.0,1.0,0.0,3.0,3.0,10.0,2.0,1.0,1.0,1.0,1.0,1.0,1.0,0.0,0.0,0.0,0.0,1.0,0.0,1.0,0.0,0.0,0.0,0.0,2.0,1.0,0.0
61,138,2.0,1.0,2.0,1.0,0.0,0.0,0.0,2.0,0.0,2.0,3.0,1.0,0.0,0.0,1.0,2.0,1.0,0.0,0.0,0.0,0.0,0.0,1.0,0.0,1.0,0.0,1.0,0.0,1.0,0.0,2.0,4.0,1.0,0.0,0.0,2.0,1.0,1.0,1.0,2.0,0.0,0.0,1.0,1.0,2.0,0.0,0.0,1.0,2.0,2.0,1.0,0.0,3.0,1.0,1.0,0.0,3.0,2.0,0.0,0.0,0.0,1.0,2.0,0.0,0.0,1.0,0.0,3.0,1.0,2.0,0.0,0.0,1.0,0.0,1.0,1.0,0.0,2.0,0.0,1.0,0.0,1.0,1.0,8.0,3.0,2.0,1.0,4.0,2.0,4.0,1.0,0.0,2.0,4.0,0.0,1.0,1.0,1.0,0.0,3.0,1.0,0.0,0.0,3.0,0.0,0.0,0.0,2.0,3.0,0.0,0.0,0.0,2.0,3.0,0.0,0.0,0.0,0.0,1.0,0.0,1.0,1.0,2.0,0.0,0.0,1.0,0.0,0.0,1.0,1.0,2.0,0.0,2.0,3.0,0.0,4.0,1.0,0.0,3.0,1.0,7.0,4.0,3.0,4.0,0.0,0.0,1.0,0.0,0.0,1.0,1.0,0.0,1.0,2.0,1.0,0.0,1.0,1.0,0.0,3.0,1.0,1.0
61,139,0.0,0.0,0.0,0.0,0.0,0.0,1.0,1.0,1.0,0.0,1.0,0.0,1.0,0.0,0.0,2.0,1.0,0.0,0.0,1.0,0.0,1.0,0.0,5.0,2.0,0.0,2.0,0.0,3.0,1.0,4.0,6.0,1.0,0.0,0.0,0.0,0.0,0.0,0.0,0.0,0.0,0.0,0.0,0.0,0.0,0.0,0.0,0.0,0.0,0.0,0.0,0.0,0.0,0.0,0.0,0.0,0.0,0.0,2.0,0.0,1.0,1.0,2.0,0.0,2.0,1.0,2.0,1.0,0.0,2.0,1.0,0.0,0.0,1.0,4.0,0.0,1.0,0.0,2.0,2.0,1.0,0.0,1.0,4.0,1.0,0.0,1.0,1.0,5.0,3.0,0.0,1.0,1.0,0.0,2.0,2.0,0.0,0.0,1.0,0.0,0.0,0.0,1.0,0.0,0.0,0.0,1.0,0.0,0.0,0.0,0.0,0.0,1.0,1.0,0.0,0.0,0.0,0.0,0.0,3.0,1.0,0.0,1.0,1.0,1.0,1.0,0.0,1.0,0.0,1.0,0.0,1.0,0.0,0.0,0.0,2.0,0.0,1.0,1.0,1.0,3.0,1.0,0.0,0.0,0.0,0.0,0.0,0.0,0.0,0.0,0.0,1.0,2.0,4.0,1.0,1.0,2.0,0.0,0.0,0.0,0.0,0.0
61,140,1.0,1.0,1.0,0.0,0.0,0.0,0.0,0.0,2.0,1.0,0.0,1.0,0.0,0.0,0.0,1.0,0.0,0.0,0.0,0.0,4.0,0.0,0.0,0.0,1.0,0.0,0.0,0.0,1.0,1.0,0.0,0.0,0.0,1.0,2.0,0.0,12.0,0.0,0.0,0.0,1.0,0.0,0.0,0.0,0.0,0.0,0.0,1.0,1.0,1.0,2.0,0.0,0.0,0.0,0.0,0.0,1.0,0.0,1.0,1.0,0.0,1.0,0.0,0.0,0.0,0.0,0.0,1.0,1.0,1.0,0.0,0.0,0.0,1.0,1.0,0.0,0.0,1.0,2.0,0.0,0.0,1.0,0.0,2.0,0.0,1.0,1.0,1.0,1.0,3.0,1.0,1.0,1.0,0.0,1.0,0.0,0.0,0.0,0.0,1.0,1.0,0.0,2.0,0.0,1.0,1.0,0.0,1.0,2.0,0.0,0.0,2.0,0.0,1.0,0.0,0.0,0.0,0.0,1.0,1.0,0.0,0.0,4.0,0.0,0.0,1.0,1.0,0.0,3.0,0.0,0.0,0.0,0.0,0.0,1.0,1.0,0.0,1.0,6.0,1.0,1.0,3.0,0.0,1.0,0.0,0.0,0.0,0.0,0.0,0.0,0.0,0.0,1.0,0.0,1.0,0.0,1.0,0.0,0.0,0.0,1.0,7.0
61,141,1.0,0.0,1.0,2.0,2.0,1.0,0.0,2.0,0.0,6.0,0.0,1.0,0.0,0.0,6.0,3.0,2.0,0.0,1.0,2.0,0.0,1.0,6.0,3.0,2.0,2.0,1.0,0.0,0.0,0.0,6.0,5.0,3.0,4.0,1.0,15.0,32.0,5.0,1.0,0.0,0.0,1.0,3.0,2.0,3.0,1.0,1.0,0.0,3.0,2.0,3.0,3.0,2.0,2.0,0.0,5.0,3.0,0.0,3.0,1.0,0.0,1.0,0.0,2.0,1.0,1.0,3.0,0.0,1.0,11.0,0.0,0.0,3.0,1.0,0.0,2.0,0.0,2.0,2.0,0.0,0.0,3.0,4.0,0.0,7.0,2.0,4.0,6.0,19.0,13.0,1.0,2.0,2.0,1.0,2.0,2.0,0.0,2.0,4.0,4.0,0.0,0.0,0.0,1.0,2.0,2.0,0.0,2.0,24.0,0.0,3.0,3.0,2.0,3.0,3.0,3.0,2.0,7.0,1.0,2.0,1.0,0.0,3.0,0.0,1.0,0.0,5.0,0.0,1.0,0.0,3.0,2.0,3.0,1.0,2.0,0.0,7.0,1.0,11.0,6.0,27.0,5.0,0.0,2.0,1.0,0.0,2.0,3.0,9.0,1.0,1.0,3.0,2.0,0.0,1.0,0.0,1.0,0.0,2.0,1.0,10.0,3.0
61,142,1.0,0.0,1.0,0.0,0.0,0.0,0.0,1.0,1.0,2.0,2.0,0.0,0.0,0.0,0.0,0.0,0.0,0.0,0.0,1.0,0.0,0.0,0.0,0.0,1.0,2.0,2.0,1.0,1.0,2.0,5.0,0.0,1.0,1.0,2.0,14.0,15.0,0.0,0.0,0.0,0.0,0.0,0.0,0.0,0.0,0.0,0.0,0.0,0.0,1.0,1.0,2.0,12.0,0.0,0.0,0.0,0.0,0.0,0.0,0.0,0.0,0.0,0.0,0.0,0.0,0.0,0.0,0.0,0.0,0.0,0.0,0.0,0.0,0.0,0.0,0.0,0.0,0.0,3.0,2.0,0.0,2.0,1.0,2.0,7.0,0.0,0.0,0.0,9.0,2.0,1.0,1.0,0.0,1.0,5.0,9.0,2.0,0.0,1.0,0.0,3.0,2.0,0.0,3.0,0.0,1.0,2.0,0.0,0.0,0.0,0.0,0.0,0.0,1.0,2.0,0.0,1.0,1.0,3.0,0.0,1.0,1.0,0.0,0.0,0.0,2.0,2.0,2.0,0.0,0.0,3.0,1.0,0.0,0.0,2.0,1.0,0.0,1.0,5.0,5.0,3.0,3.0,1.0,0.0,1.0,0.0,2.0,2.0,0.0,0.0,1.0,0.0,0.0,0.0,0.0,0.0,0.0,0.0,2.0,0.0,2.0,0.0
61,144,0.0,0.0,1.0,1.0,1.0,1.0,2.0,3.0,1.0,16.0,1.0,0.0,0.0,1.0,1.0,1.0,2.0,0.0,0.0,2.0,0.0,1.0,2.0,0.0,2.0,0.0,0.0,0.0,0.0,2.0,7.0,8.0,0.0,4.0,1.0,8.0,0.0,0.0,0.0,0.0,0.0,0.0,0.0,0.0,0.0,0.0,0.0,1.0,1.0,0.0,0.0,0.0,0.0,2.0,0.0,2.0,3.0,1.0,0.0,1.0,0.0,2.0,0.0,0.0,0.0,1.0,0.0,0.0,0.0,4.0,7.0,0.0,0.0,0.0,1.0,0.0,0.0,0.0,2.0,0.0,0.0,2.0,1.0,1.0,1.0,1.0,6.0,8.0,16.0,4.0,0.0,2.0,2.0,0.0,1.0,1.0,2.0,0.0,0.0,4.0,1.0,0.0,4.0,1.0,0.0,0.0,2.0,1.0,2.0,1.0,0.0,0.0,0.0,3.0,2.0,3.0,0.0,4.0,1.0,4.0,0.0,2.0,1.0,0.0,0.0,0.0,5.0,0.0,0.0,0.0,0.0,1.0,1.0,1.0,0.0,1.0,1.0,0.0,6.0,0.0,2.0,8.0,1.0,2.0,1.0,0.0,1.0,1.0,0.0,0.0,0.0,1.0,2.0,0.0,0.0,1.0,0.0,0.0,0.0,0.0,2.0,4.0
61,145,0.0,0.0,3.0,2.0,0.0,0.0,0.0,0.0,1.0,1.0,0.0,0.0,0.0,0.0,0.0,0.0,1.0,0.0,1.0,2.0,0.0,0.0,0.0,1.0,1.0,0.0,0.0,0.0,0.0,1.0,2.0,1.0,0.0,1.0,3.0,5.0,0.0,0.0,0.0,0.0,0.0,0.0,0.0,0.0,0.0,2.0,0.0,2.0,1.0,1.0,1.0,1.0,0.0,1.0,0.0,1.0,0.0,1.0,1.0,0.0,1.0,0.0,1.0,0.0,2.0,0.0,2.0,0.0,1.0,3.0,1.0,0.0,0.0,1.0,1.0,0.0,4.0,0.0,0.0,0.0,0.0,0.0,1.0,0.0,1.0,2.0,3.0,5.0,6.0,2.0,2.0,1.0,0.0,0.0,0.0,2.0,2.0,1.0,1.0,0.0,2.0,0.0,0.0,0.0,0.0,0.0,2.0,0.0,2.0,1.0,1.0,0.0,0.0,2.0,1.0,0.0,2.0,2.0,1.0,0.0,0.0,0.0,0.0,0.0,1.0,3.0,0.0,0.0,1.0,0.0,0.0,0.0,1.0,1.0,0.0,1.0,2.0,0.0,1.0,4.0,6.0,2.0,1.0,0.0,0.0,0.0,0.0,0.0,2.0,0.0,0.0,3.0,0.0,0.0,1.0,1.0,3.0,0.0,3.0,0.0,0.0,1.0
61,146,0.0,1.0,2.0,2.0,1.0,1.0,0.0,2.0,3.0,0.0,1.0,0.0,0.0,0.0,2.0,0.0,1.0,0.0,0.0,0.0,1.0,0.0,2.0,1.0,4.0,1.0,2.0,0.0,0.0,0.0,2.0,1.0,2.0,4.0,2.0,3.0,10.0,9.0,0.0,1.0,1.0,0.0,1.0,0.0,3.0,1.0,2.0,2.0,0.0,2.0,0.0,2.0,1.0,0.0,2.0,9.0,2.0,1.0,2.0,0.0,0.0,0.0,0.0,0.0,0.0,0.0,1.0,0.0,0.0,1.0,1.0,0.0,0.0,1.0,1.0,0.0,1.0,2.0,3.0,0.0,0.0,0.0,2.0,1.0,1.0,0.0,3.0,8.0,9.0,1.0,0.0,1.0,0.0,0.0,6.0,0.0,1.0,1.0,0.0,2.0,0.0,0.0,1.0,1.0,0.0,0.0,1.0,2.0,1.0,1.0,2.0,3.0,2.0,1.0,3.0,0.0,0.0,0.0,0.0,3.0,1.0,1.0,1.0,2.0,0.0,0.0,2.0,1.0,1.0,1.0,2.0,1.0,0.0,1.0,0.0,1.0,0.0,0.0,8.0,4.0,10.0,6.0,1.0,0.0,0.0,0.0,0.0,0.0,0.0,1.0,0.0,1.0,1.0,2.0,0.0,1.0,0.0,1.0,3.0,0.0,2.0,1.0
61,148,0.0,0.0,0.0,0.0,0.0,0.0,0.0,0.0,0.0,0.0,0.0,0.0,0.0,1.0,2.0,2.0,1.0,0.0,2.0,0.0,0.0,1.0,1.0,0.0,2.0,2.0,0.0,0.0,0.0,0.0,7.0,4.0,0.0,5.0,6.0,9.0,8.0,1.0,1.0,1.0,0.0,0.0,0.0,5.0,2.0,1.0,5.0,1.0,0.0,2.0,12.0,1.0,0.0,0.0,3.0,4.0,6.0,2.0,0.0,2.0,0.0,2.0,1.0,0.0,1.0,10.0,2.0,2.0,1.0,4.0,3.0,0.0,6.0,6.0,2.0,2.0,0.0,3.0,1.0,2.0,0.0,0.0,1.0,2.0,1.0,0.0,7.0,14.0,17.0,4.0,11.0,0.0,2.0,2.0,2.0,0.0,0.0,1.0,1.0,2.0,15.0,0.0,1.0,3.0,3.0,6.0,2.0,0.0,5.0,0.0,2.0,0.0,1.0,2.0,0.0,1.0,0.0,1.0,0.0,0.0,0.0,0.0,1.0,1.0,0.0,2.0,4.0,1.0,2.0,1.0,1.0,0.0,3.0,0.0,1.0,0.0,4.0,0.0,2.0,5.0,21.0,8.0,2.0,1.0,0.0,2.0,1.0,0.0,7.0,5.0,7.0,0.0,0.0,0.0,0.0,0.0,2.0,0.0,0.0,0.0,2.0,0.0
61,149,0.0,0.0,2.0,1.0,7.0,1.0,1.0,2.0,0.0,0.0,0.0,0.0,0.0,0.0,0.0,0.0,0.0,0.0,0.0,0.0,1.0,2.0,4.0,0.0,0.0,0.0,0.0,0.0,0.0,0.0,0.0,0.0,0.0,0.0,0.0,0.0,10.0,0.0,0.0,0.0,0.0,0.0,1.0,19.0,12.0,1.0,2.0,0.0,0.0,0.0,0.0,0.0,1.0,2.0,3.0,4.0,10.0,0.0,0.0,0.0,0.0,0.0,0.0,0.0,0.0,0.0,0.0,0.0,0.0,0.0,0.0,0.0,0.0,0.0,0.0,0.0,2.0,2.0,5.0,3.0,0.0,4.0,1.0,0.0,0.0,0.0,0.0,0.0,20.0,2.0,0.0,0.0,1.0,0.0,2.0,2.0,14.0,2.0,1.0,2.0,1.0,0.0,1.0,0.0,2.0,1.0,2.0,2.0,5.0,2.0,1.0,0.0,1.0,2.0,1.0,0.0,1.0,0.0,0.0,2.0,1.0,1.0,0.0,0.0,0.0,2.0,0.0,0.0,0.0,0.0,0.0,0.0,0.0,1.0,1.0,1.0,0.0,3.0,1.0,1.0,4.0,0.0,0.0,0.0,1.0,0.0,1.0,1.0,13.0,3.0,0.0,2.0,1.0,1.0,3.0,1.0,1.0,3.0,0.0,0.0,7.0,2.0
61,150,0.0,2.0,3.0,6.0,9.0,0.0,0.0,2.0,1.0,2.0,1.0,3.0,1.0,1.0,3.0,4.0,5.0,3.0,0.0,3.0,1.0,5.0,3.0,5.0,4.0,3.0,2.0,2.0,4.0,5.0,6.0,13.0,4.0,6.0,7.0,8.0,6.0,5.0,2.0,2.0,0.0,0.0,2.0,3.0,4.0,5.0,0.0,3.0,1.0,0.0,0.0,0.0,1.0,3.0,6.0,2.0,0.0,2.0,4.0,2.0,4.0,1.0,3.0,4.0,2.0,2.0,0.0,2.0,2.0,1.0,7.0,5.0,0.0,1.0,2.0,3.0,2.0,10.0,7.0,3.0,0.0,1.0,5.0,1.0,1.0,1.0,5.0,9.0,17.0,3.0,1.0,8.0,5.0,0.0,0.0,0.0,0.0,3.0,6.0,2.0,6.0,3.0,5.0,9.0,3.0,8.0,1.0,5.0,7.0,7.0,4.0,3.0,1.0,5.0,5.0,3.0,3.0,2.0,3.0,8.0,1.0,1.0,1.0,5.0,0.0,3.0,5.0,2.0,1.0,7.0,1.0,4.0,0.0,3.0,1.0,6.0,2.0,6.0,2.0,6.0,4.0,2.0,0.0,1.0,2.0,4.0,7.0,5.0,7.0,2.0,0.0,0.0,0.0,1.0,2.0,0.0,3.0,1.0,4.0,1.0,2.0,4.0
61,152,2.0,1.0,2.0,5.0,2.0,1.0,1.0,1.0,0.0,0.0,2.0,2.0,2.0,1.0,1.0,2.0,2.0,0.0,0.0,0.0,0.0,1.0,0.0,0.0,2.0,0.0,2.0,1.0,0.0,1.0,3.0,0.0,0.0,2.0,1.0,5.0,2.0,0.0,0.0,0.0,0.0,0.0,0.0,0.0,0.0,0.0,0.0,0.0,0.0,3.0,0.0,1.0,2.0,1.0,0.0,2.0,3.0,0.0,2.0,0.0,0.0,1.0,1.0,0.0,2.0,0.0,0.0,0.0,0.0,0.0,0.0,1.0,0.0,1.0,1.0,1.0,0.0,1.0,2.0,1.0,2.0,0.0,0.0,0.0,2.0,2.0,1.0,1.0,4.0,0.0,0.0,0.0,0.0,0.0,1.0,2.0,0.0,0.0,0.0,0.0,1.0,2.0,0.0,0.0,1.0,0.0,2.0,2.0,6.0,2.0,0.0,0.0,0.0,1.0,1.0,1.0,2.0,2.0,2.0,0.0,1.0,2.0,0.0,0.0,1.0,1.0,1.0,2.0,2.0,1.0,1.0,0.0,0.0,1.0,0.0,2.0,0.0,1.0,1.0,4.0,7.0,3.0,2.0,1.0,2.0,2.0,1.0,1.0,2.0,0.0,2.0,2.0,2.0,0.0,1.0,2.0,2.0,0.0,2.0,1.0,5.0,2.0
61,153,1.0,1.0,1.0,4.0,0.0,0.0,4.0,1.0,0.0,2.0,5.0,0.0,1.0,1.0,2.0,0.0,0.0,0.0,0.0,2.0,0.0,0.0,0.0,0.0,0.0,2.0,2.0,3.0,2.0,1.0,2.0,0.0,0.0,1.0,1.0,4.0,0.0,0.0,0.0,1.0,2.0,1.0,1.0,2.0,0.0,0.0,0.0,2.0,1.0,0.0,3.0,0.0,0.0,1.0,1.0,0.0,6.0,1.0,1.0,2.0,0.0,1.0,3.0,0.0,0.0,1.0,1.0,0.0,0.0,3.0,0.0,1.0,0.0,0.0,0.0,1.0,1.0,1.0,2.0,0.0,0.0,1.0,0.0,4.0,4.0,0.0,1.0,2.0,6.0,0.0,0.0,0.0,1.0,1.0,0.0,4.0,0.0,0.0,1.0,1.0,4.0,2.0,0.0,1.0,0.0,1.0,0.0,3.0,6.0,1.0,1.0,0.0,3.0,3.0,2.0,1.0,2.0,0.0,2.0,2.0,0.0,1.0,0.0,4.0,0.0,0.0,0.0,0.0,0.0,0.0,4.0,1.0,1.0,4.0,3.0,2.0,4.0,0.0,6.0,2.0,3.0,3.0,1.0,0.0,1.0,1.0,1.0,1.0,1.0,1.0,0.0,0.0,1.0,0.0,0.0,1.0,0.0,0.0,0.0,0.0,0.0,1.0
61,154,2.0,2.0,2.0,5.0,3.0,2.0,1.0,1.0,2.0,1.0,3.0,1.0,1.0,1.0,2.0,1.0,3.0,1.0,1.0,0.0,1.0,0.0,0.0,1.0,2.0,1.0,1.0,1.0,2.0,0.0,5.0,1.0,0.0,2.0,2.0,7.0,2.0,1.0,1.0,1.0,1.0,0.0,1.0,0.0,2.0,1.0,1.0,1.0,0.0,1.0,2.0,3.0,1.0,2.0,3.0,4.0,3.0,0.0,0.0,1.0,2.0,2.0,1.0,0.0,2.0,1.0,4.0,2.0,1.0,5.0,0.0,3.0,2.0,4.0,0.0,3.0,2.0,6.0,5.0,2.0,3.0,3.0,0.0,3.0,8.0,1.0,4.0,8.0,16.0,0.0,0.0,0.0,4.0,1.0,1.0,3.0,3.0,2.0,2.0,3.0,3.0,0.0,2.0,3.0,2.0,1.0,3.0,2.0,9.0,2.0,3.0,2.0,7.0,4.0,4.0,1.0,5.0,5.0,3.0,4.0,4.0,3.0,1.0,1.0,2.0,1.0,5.0,1.0,1.0,4.0,0.0,2.0,0.0,2.0,3.0,2.0,2.0,1.0,3.0,8.0,6.0,5.0,3.0,1.0,4.0,4.0,6.0,2.0,6.0,3.0,3.0,4.0,3.0,2.0,2.0,3.0,2.0,0.0,2.0,3.0,0.0,2.0
61,155,0.0,1.0,6.0,0.0,1.0,2.0,1.0,0.0,2.0,1.0,0.0,0.0,1.0,2.0,2.0,2.0,1.0,0.0,0.0,0.0,0.0,0.0,0.0,0.0,0.0,0.0,0.0,0.0,0.0,0.0,12.0,0.0,0.0,2.0,10.0,9.0,9.0,0.0,0.0,0.0,0.0,0.0,0.0,2.0,1.0,0.0,1.0,1.0,3.0,2.0,7.0,2.0,2.0,1.0,5.0,0.0,2.0,0.0,1.0,2.0,1.0,3.0,0.0,7.0,1.0,0.0,3.0,0.0,1.0,3.0,5.0,2.0,0.0,4.0,1.0,3.0,5.0,0.0,3.0,1.0,4.0,1.0,2.0,9.0,2.0,1.0,12.0,6.0,16.0,3.0,3.0,1.0,0.0,4.0,2.0,2.0,5.0,5.0,0.0,2.0,3.0,0.0,2.0,2.0,1.0,2.0,0.0,2.0,1.0,0.0,0.0,1.0,2.0,2.0,0.0,0.0,2.0,3.0,4.0,1.0,1.0,2.0,0.0,2.0,1.0,5.0,2.0,0.0,2.0,0.0,2.0,1.0,0.0,1.0,0.0,2.0,4.0,1.0,5.0,8.0,16.0,14.0,2.0,3.0,3.0,2.0,7.0,0.0,5.0,0.0,0.0,2.0,1.0,0.0,0.0,2.0,1.0,1.0,2.0,1.0,1.0,1.0
61,156,0.0,0.0,0.0,0.0,0.0,0.0,0.0,0.0,0.0,0.0,0.0,0.0,0.0,0.0,0.0,0.0,0.0,0.0,0.0,0.0,0.0,0.0,0.0,0.0,0.0,0.0,2.0,0.0,3.0,0.0,0.0,0.0,0.0,3.0,1.0,0.0,2.0,2.0,0.0,0.0,0.0,0.0,0.0,0.0,0.0,1.0,0.0,0.0,0.0,1.0,1.0,2.0,1.0,1.0,4.0,3.0,2.0,1.0,0.0,0.0,0.0,0.0,0.0,0.0,1.0,4.0,1.0,2.0,2.0,1.0,0.0,1.0,1.0,1.0,2.0,1.0,0.0,3.0,0.0,1.0,1.0,0.0,1.0,0.0,1.0,1.0,2.0,4.0,4.0,2.0,1.0,2.0,0.0,3.0,0.0,1.0,0.0,3.0,0.0,1.0,2.0,1.0,1.0,1.0,2.0,1.0,1.0,3.0,0.0,1.0,1.0,0.0,0.0,0.0,0.0,0.0,2.0,5.0,4.0,1.0,0.0,0.0,1.0,3.0,0.0,1.0,2.0,1.0,2.0,2.0,1.0,3.0,2.0,1.0,3.0,4.0,1.0,0.0,3.0,8.0,5.0,4.0,4.0,1.0,0.0,0.0,2.0,1.0,1.0,5.0,2.0,2.0,3.0,1.0,3.0,1.0,0.0,2.0,2.0,1.0,4.0,2.0
61,157,1.0,0.0,0.0,1.0,0.0,0.0,0.0,1.0,0.0,2.0,0.0,0.0,3.0,2.0,0.0,1.0,0.0,0.0,0.0,0.0,0.0,0.0,0.0,0.0,0.0,0.0,4.0,1.0,0.0,0.0,3.0,0.0,0.0,3.0,1.0,5.0,1.0,2.0,0.0,1.0,0.0,4.0,0.0,0.0,1.0,1.0,1.0,1.0,1.0,0.0,2.0,1.0,2.0,1.0,7.0,1.0,4.0,1.0,0.0,1.0,0.0,1.0,5.0,0.0,1.0,2.0,2.0,0.0,5.0,4.0,1.0,0.0,1.0,1.0,2.0,0.0,4.0,3.0,1.0,0.0,2.0,0.0,1.0,8.0,4.0,1.0,2.0,3.0,2.0,5.0,1.0,2.0,2.0,2.0,3.0,3.0,1.0,1.0,0.0,0.0,1.0,3.0,1.0,1.0,4.0,0.0,9.0,7.0,10.0,4.0,1.0,1.0,1.0,2.0,1.0,0.0,0.0,1.0,3.0,2.0,2.0,2.0,5.0,1.0,2.0,0.0,3.0,0.0,1.0,1.0,9.0,1.0,1.0,3.0,3.0,8.0,0.0,1.0,9.0,0.0,1.0,0.0,0.0,4.0,3.0,0.0,1.0,1.0,1.0,0.0,0.0,1.0,2.0,1.0,0.0,0.0,0.0,0.0,0.0,2.0,0.0,0.0
61,158,1.0,1.0,0.0,1.0,0.0,0.0,0.0,2.0,0.0,0.0,1.0,1.0,2.0,2.0,0.0,0.0,0.0,0.0,0.0,0.0,1.0,0.0,0.0,0.0,1.0,0.0,1.0,0.0,0.0,0.0,3.0,5.0,0.0,0.0,1.0,2.0,0.0,0.0,3.0,0.0,0.0,0.0,1.0,1.0,2.0,1.0,0.0,1.0,0.0,1.0,1.0,0.0,0.0,0.0,6.0,1.0,0.0,0.0,0.0,0.0,0.0,0.0,1.0,1.0,2.0,0.0,1.0,0.0,6.0,6.0,1.0,1.0,3.0,1.0,0.0,0.0,4.0,5.0,1.0,1.0,1.0,0.0,0.0,10.0,7.0,0.0,0.0,2.0,4.0,3.0,0.0,2.0,0.0,1.0,2.0,3.0,2.0,0.0,0.0,1.0,0.0,0.0,0.0,1.0,0.0,2.0,4.0,5.0,4.0,1.0,0.0,0.0,2.0,0.0,4.0,2.0,1.0,4.0,2.0,1.0,2.0,2.0,0.0,0.0,2.0,0.0,0.0,3.0,2.0,0.0,4.0,1.0,0.0,2.0,1.0,8.0,0.0,1.0,4.0,0.0,2.0,1.0,1.0,2.0,0.0,0.0,1.0,0.0,0.0,0.0,2.0,0.0,1.0,0.0,0.0,0.0,0.0,3.0,1.0,2.0,1.0,1.0
61,166,0.0,2.0,3.0,0.0,0.0,4.0,0.0,1.0,0.0,0.0,1.0,0.0,0.0,0.0,1.0,0.0,2.0,0.0,1.0,0.0,0.0,2.0,3.0,1.0,2.0,1.0,0.0,1.0,1.0,1.0,2.0,5.0,0.0,0.0,0.0,0.0,0.0,0.0,1.0,0.0,0.0,1.0,0.0,0.0,1.0,0.0,0.0,0.0,1.0,0.0,1.0,0.0,2.0,1.0,3.0,1.0,0.0,1.0,1.0,1.0,1.0,1.0,1.0,1.0,2.0,2.0,1.0,1.0,1.0,3.0,1.0,1.0,3.0,3.0,1.0,1.0,1.0,0.0,0.0,1.0,2.0,2.0,1.0,3.0,0.0,0.0,1.0,5.0,5.0,1.0,0.0,0.0,1.0,2.0,2.0,2.0,0.0,2.0,0.0,1.0,1.0,3.0,0.0,5.0,3.0,1.0,4.0,3.0,1.0,2.0,0.0,1.0,2.0,1.0,0.0,1.0,0.0,2.0,0.0,2.0,1.0,1.0,0.0,2.0,0.0,1.0,0.0,1.0,1.0,0.0,2.0,0.0,0.0,1.0,0.0,0.0,1.0,0.0,0.0,0.0,0.0,0.0,1.0,0.0,1.0,1.0,1.0,0.0,2.0,1.0,0.0,0.0,0.0,1.0,1.0,2.0,1.0,1.0,0.0,1.0,2.0,3.0
61,167,0.0,0.0,3.0,1.0,0.0,1.0,0.0,0.0,2.0,1.0,2.0,0.0,0.0,0.0,0.0,0.0,1.0,0.0,1.0,1.0,1.0,1.0,2.0,0.0,0.0,0.0,1.0,0.0,0.0,0.0,0.0,0.0,0.0,1.0,0.0,2.0,1.0,2.0,0.0,0.0,0.0,0.0,1.0,0.0,1.0,0.0,0.0,3.0,0.0,0.0,1.0,1.0,1.0,1.0,3.0,0.0,2.0,0.0,0.0,0.0,0.0,0.0,2.0,2.0,1.0,0.0,0.0,0.0,1.0,0.0,1.0,1.0,0.0,1.0,0.0,1.0,0.0,1.0,2.0,3.0,0.0,2.0,1.0,1.0,1.0,1.0,3.0,1.0,0.0,0.0,0.0,0.0,0.0,2.0,1.0,0.0,1.0,1.0,0.0,2.0,2.0,0.0,1.0,3.0,0.0,0.0,2.0,2.0,3.0,0.0,1.0,2.0,2.0,0.0,0.0,0.0,1.0,0.0,1.0,2.0,0.0,3.0,1.0,1.0,0.0,2.0,0.0,0.0,1.0,0.0,1.0,2.0,0.0,1.0,0.0,1.0,0.0,0.0,1.0,2.0,0.0,1.0,0.0,1.0,0.0,0.0,1.0,1.0,0.0,1.0,2.0,0.0,0.0,2.0,1.0,0.0,0.0,2.0,1.0,3.0,2.0,1.0
61,168,0.0,1.0,1.0,3.0,2.0,2.0,2.0,0.0,1.0,1.0,2.0,2.0,0.0,0.0,0.0,0.0,0.0,0.0,0.0,0.0,1.0,2.0,1.0,0.0,3.0,1.0,2.0,1.0,1.0,2.0,3.0,0.0,1.0,1.0,0.0,1.0,6.0,1.0,0.0,0.0,0.0,0.0,0.0,0.0,0.0,0.0,0.0,0.0,3.0,1.0,1.0,1.0,2.0,1.0,1.0,3.0,0.0,3.0,2.0,0.0,2.0,0.0,1.0,2.0,0.0,0.0,4.0,0.0,0.0,0.0,1.0,2.0,0.0,2.0,0.0,0.0,2.0,1.0,3.0,1.0,1.0,2.0,1.0,4.0,3.0,1.0,2.0,4.0,0.0,0.0,0.0,1.0,0.0,0.0,2.0,0.0,0.0,2.0,1.0,1.0,0.0,0.0,2.0,0.0,2.0,1.0,0.0,2.0,2.0,0.0,1.0,3.0,1.0,0.0,1.0,0.0,0.0,1.0,1.0,0.0,1.0,3.0,1.0,0.0,1.0,1.0,0.0,1.0,1.0,0.0,1.0,1.0,1.0,0.0,3.0,1.0,1.0,2.0,0.0,0.0,0.0,1.0,1.0,0.0,0.0,3.0,1.0,1.0,1.0,1.0,0.0,0.0,0.0,0.0,2.0,0.0,1.0,1.0,0.0,0.0,0.0,0.0
61,173,0.0,0.0,2.0,2.0,0.0,2.0,1.0,1.0,0.0,1.0,0.0,0.0,1.0,0.0,0.0,0.0,0.0,0.0,0.0,0.0,0.0,1.0,0.0,1.0,2.0,1.0,0.0,0.0,1.0,0.0,1.0,1.0,0.0,1.0,0.0,0.0,2.0,0.0,0.0,0.0,1.0,0.0,0.0,0.0,0.0,1.0,1.0,0.0,1.0,0.0,1.0,0.0,0.0,0.0,0.0,2.0,2.0,0.0,0.0,0.0,0.0,0.0,0.0,1.0,0.0,0.0,0.0,0.0,0.0,0.0,0.0,1.0,2.0,0.0,2.0,0.0,0.0,0.0,0.0,1.0,1.0,0.0,1.0,1.0,1.0,0.0,0.0,1.0,2.0,3.0,2.0,0.0,0.0,0.0,0.0,1.0,0.0,3.0,2.0,2.0,1.0,1.0,0.0,2.0,2.0,0.0,0.0,1.0,2.0,1.0,0.0,1.0,1.0,1.0,0.0,1.0,2.0,1.0,0.0,0.0,3.0,1.0,1.0,1.0,2.0,1.0,0.0,0.0,0.0,0.0,1.0,0.0,0.0,0.0,0.0,0.0,0.0,0.0,2.0,0.0,1.0,1.0,0.0,0.0,0.0,1.0,1.0,0.0,1.0,1.0,2.0,0.0,0.0,1.0,0.0,0.0,0.0,0.0,2.0,2.0,2.0,0.0
61,175,0.0,3.0,2.0,0.0,0.0,3.0,2.0,0.0,0.0,0.0,0.0,0.0,0.0,0.0,0.0,0.0,0.0,0.0,0.0,0.0,0.0,0.0,0.0,0.0,0.0,0.0,0.0,0.0,0.0,0.0,0.0,1.0,0.0,2.0,0.0,1.0,0.0,0.0,0.0,0.0,0.0,0.0,0.0,0.0,0.0,2.0,0.0,0.0,0.0,0.0,4.0,2.0,2.0,4.0,1.0,3.0,1.0,1.0,0.0,0.0,0.0,0.0,2.0,5.0,2.0,4.0,2.0,2.0,2.0,1.0,3.0,0.0,2.0,1.0,2.0,1.0,3.0,0.0,3.0,0.0,2.0,3.0,1.0,4.0,1.0,0.0,3.0,7.0,0.0,0.0,0.0,1.0,0.0,1.0,1.0,1.0,1.0,2.0,3.0,5.0,1.0,1.0,0.0,0.0,2.0,0.0,0.0,2.0,0.0,1.0,2.0,1.0,1.0,1.0,2.0,1.0,1.0,0.0,2.0,0.0,1.0,4.0,2.0,0.0,1.0,1.0,1.0,3.0,4.0,0.0,2.0,2.0,0.0,0.0,1.0,3.0,1.0,2.0,2.0,3.0,3.0,1.0,0.0,1.0,0.0,0.0,0.0,0.0,2.0,4.0,0.0,0.0,2.0,1.0,1.0,3.0,1.0,1.0,1.0,1.0,1.0,2.0
61,178,0.0,2.0,1.0,2.0,0.0,2.0,3.0,1.0,0.0,3.0,2.0,0.0,0.0,0.0,0.0,0.0,0.0,0.0,0.0,0.0,0.0,1.0,0.0,0.0,1.0,1.0,0.0,0.0,2.0,3.0,2.0,3.0,3.0,0.0,1.0,3.0,3.0,4.0,0.0,0.0,0.0,0.0,0.0,0.0,0.0,2.0,1.0,2.0,2.0,1.0,2.0,0.0,0.0,0.0,4.0,5.0,2.0,2.0,2.0,1.0,0.0,1.0,1.0,0.0,3.0,4.0,0.0,1.0,0.0,0.0,2.0,2.0,2.0,4.0,2.0,1.0,5.0,0.0,3.0,3.0,0.0,3.0,1.0,5.0,4.0,1.0,3.0,6.0,6.0,0.0,0.0,1.0,1.0,1.0,0.0,0.0,1.0,1.0,1.0,5.0,1.0,0.0,1.0,0.0,5.0,1.0,2.0,2.0,5.0,0.0,4.0,2.0,1.0,1.0,2.0,1.0,0.0,0.0,1.0,2.0,2.0,3.0,2.0,2.0,0.0,2.0,0.0,2.0,0.0,0.0,2.0,1.0,0.0,0.0,3.0,2.0,1.0,0.0,4.0,1.0,6.0,2.0,0.0,2.0,2.0,6.0,2.0,2.0,3.0,1.0,2.0,1.0,0.0,1.0,0.0,1.0,0.0,2.0,1.0,0.0,2.0,2.0
61,179,0.0,0.0,0.0,0.0,0.0,0.0,0.0,0.0,0.0,0.0,1.0,2.0,0.0,2.0,0.0,0.0,0.0,0.0,0.0,2.0,3.0,0.0,1.0,1.0,4.0,4.0,1.0,1.0,2.0,6.0,4.0,4.0,1.0,2.0,0.0,2.0,3.0,1.0,3.0,0.0,3.0,1.0,3.0,0.0,0.0,0.0,1.0,2.0,0.0,1.0,2.0,1.0,5.0,2.0,2.0,2.0,1.0,3.0,0.0,1.0,1.0,4.0,0.0,1.0,1.0,2.0,0.0,3.0,4.0,3.0,7.0,1.0,0.0,0.0,0.0,0.0,0.0,0.0,0.0,0.0,0.0,0.0,0.0,0.0,0.0,0.0,0.0,0.0,0.0,0.0,0.0,4.0,3.0,1.0,0.0,0.0,1.0,0.0,0.0,0.0,0.0,1.0,0.0,0.0,1.0,0.0,1.0,2.0,1.0,1.0,1.0,2.0,0.0,1.0,0.0,1.0,0.0,0.0,0.0,3.0,3.0,3.0,5.0,7.0,3.0,0.0,0.0,0.0,0.0,2.0,0.0,0.0,0.0,0.0,0.0,1.0,2.0,0.0,1.0,1.0,0.0,2.0,1.0,3.0,1.0,1.0,0.0,0.0,0.0,1.0,0.0,1.0,0.0,0.0,0.0,0.0,0.0,0.0,0.0,1.0,0.0,0.0
61,180,0.0,0.0,0.0,0.0,0.0,0.0,0.0,2.0,1.0,0.0,1.0,0.0,0.0,0.0,1.0,0.0,0.0,0.0,0.0,0.0,2.0,1.0,2.0,2.0,1.0,1.0,2.0,1.0,3.0,0.0,0.0,0.0,0.0,1.0,2.0,3.0,0.0,1.0,0.0,0.0,1.0,0.0,1.0,7.0,0.0,0.0,2.0,1.0,1.0,3.0,1.0,0.0,0.0,0.0,0.0,3.0,3.0,0.0,1.0,5.0,0.0,0.0,1.0,0.0,1.0,0.0,0.0,1.0,1.0,0.0,0.0,0.0,1.0,0.0,2.0,1.0,3.0,4.0,0.0,0.0,0.0,0.0,0.0,1.0,9.0,0.0,1.0,2.0,5.0,1.0,1.0,6.0,2.0,1.0,1.0,2.0,0.0,0.0,2.0,0.0,0.0,0.0,0.0,2.0,1.0,0.0,2.0,0.0,0.0,1.0,0.0,4.0,1.0,1.0,1.0,5.0,4.0,2.0,2.0,0.0,2.0,1.0,0.0,0.0,2.0,0.0,4.0,4.0,2.0,2.0,2.0,4.0,2.0,10.0,1.0,3.0,0.0,0.0,0.0,0.0,3.0,4.0,7.0,1.0,0.0,1.0,3.0,1.0,4.0,5.0,0.0,1.0,6.0,3.0,4.0,0.0,2.0,0.0,3.0,0.0,2.0,8.0
61,181,0.0,0.0,0.0,0.0,0.0,0.0,1.0,0.0,1.0,1.0,0.0,1.0,0.0,0.0,0.0,0.0,0.0,1.0,0.0,0.0,0.0,0.0,1.0,0.0,0.0,0.0,1.0,0.0,1.0,0.0,0.0,2.0,0.0,1.0,0.0,2.0,0.0,0.0,0.0,0.0,0.0,2.0,0.0,1.0,1.0,1.0,2.0,0.0,0.0,2.0,0.0,1.0,2.0,0.0,0.0,0.0,3.0,0.0,0.0,1.0,1.0,1.0,0.0,0.0,0.0,1.0,0.0,1.0,0.0,0.0,1.0,0.0,0.0,0.0,1.0,1.0,1.0,1.0,0.0,2.0,1.0,1.0,0.0,0.0,0.0,1.0,0.0,0.0,0.0,0.0,0.0,1.0,0.0,0.0,0.0,0.0,0.0,0.0,0.0,0.0,0.0,1.0,0.0,4.0,2.0,0.0,1.0,0.0,0.0,1.0,0.0,2.0,1.0,1.0,1.0,0.0,3.0,4.0,4.0,0.0,0.0,0.0,3.0,0.0,0.0,2.0,1.0,3.0,0.0,2.0,0.0,3.0,1.0,2.0,1.0,0.0,2.0,2.0,1.0,0.0,3.0,2.0,0.0,0.0,2.0,2.0,3.0,3.0,3.0,3.0,1.0,2.0,0.0,2.0,0.0,1.0,0.0,0.0,2.0,1.0,2.0,0.0
61,183,0.0,0.0,0.0,0.0,0.0,0.0,0.0,0.0,0.0,0.0,0.0,0.0,0.0,0.0,3.0,1.0,1.0,1.0,0.0,0.0,0.0,0.0,1.0,0.0,2.0,2.0,4.0,3.0,0.0,1.0,2.0,3.0,0.0,0.0,0.0,0.0,0.0,0.0,0.0,0.0,0.0,0.0,0.0,0.0,0.0,0.0,0.0,0.0,0.0,0.0,0.0,0.0,0.0,0.0,5.0,0.0,0.0,0.0,0.0,0.0,1.0,1.0,3.0,1.0,3.0,5.0,1.0,0.0,1.0,1.0,0.0,0.0,0.0,2.0,0.0,1.0,2.0,5.0,2.0,2.0,1.0,0.0,2.0,1.0,3.0,0.0,2.0,3.0,2.0,3.0,1.0,1.0,0.0,0.0,2.0,0.0,0.0,0.0,0.0,1.0,1.0,2.0,0.0,2.0,1.0,0.0,0.0,0.0,0.0,0.0,1.0,1.0,2.0,2.0,0.0,0.0,1.0,2.0,2.0,1.0,1.0,3.0,2.0,1.0,0.0,0.0,2.0,1.0,1.0,1.0,0.0,2.0,0.0,1.0,0.0,2.0,0.0,1.0,3.0,2.0,6.0,0.0,1.0,0.0,1.0,1.0,1.0,0.0,1.0,1.0,0.0,0.0,1.0,2.0,0.0,0.0,0.0,2.0,0.0,1.0,0.0,0.0
61,184,0.0,0.0,0.0,0.0,0.0,0.0,0.0,0.0,0.0,0.0,0.0,0.0,0.0,1.0,1.0,3.0,0.0,0.0,1.0,0.0,2.0,1.0,0.0,1.0,0.0,0.0,2.0,0.0,2.0,0.0,1.0,0.0,3.0,4.0,0.0,0.0,0.0,0.0,0.0,0.0,0.0,0.0,0.0,2.0,1.0,4.0,2.0,1.0,1.0,0.0,0.0,0.0,0.0,0.0,3.0,1.0,0.0,0.0,0.0,0.0,2.0,0.0,1.0,2.0,3.0,0.0,0.0,2.0,2.0,1.0,2.0,2.0,0.0,1.0,1.0,1.0,4.0,2.0,2.0,4.0,1.0,2.0,0.0,1.0,1.0,1.0,0.0,2.0,8.0,3.0,5.0,1.0,0.0,0.0,2.0,0.0,0.0,0.0,2.0,0.0,2.0,1.0,2.0,0.0,1.0,0.0,0.0,0.0,0.0,1.0,0.0,4.0,0.0,3.0,1.0,1.0,1.0,1.0,0.0,1.0,1.0,0.0,0.0,1.0,0.0,1.0,1.0,1.0,1.0,0.0,0.0,2.0,1.0,2.0,1.0,3.0,2.0,2.0,2.0,6.0,5.0,0.0,4.0,2.0,0.0,0.0,1.0,0.0,3.0,0.0,0.0,2.0,1.0,0.0,0.0,0.0,1.0,2.0,1.0,1.0,0.0,0.0
61,185,0.0,0.0,0.0,0.0,0.0,0.0,0.0,0.0,0.0,0.0,0.0,0.0,0.0,0.0,0.0,0.0,0.0,0.0,0.0,0.0,0.0,0.0,0.0,0.0,0.0,0.0,0.0,0.0,0.0,0.0,2.0,2.0,0.0,0.0,0.0,0.0,0.0,4.0,1.0,1.0,1.0,1.0,0.0,3.0,0.0,0.0,2.0,1.0,0.0,0.0,0.0,1.0,0.0,2.0,7.0,0.0,0.0,0.0,0.0,1.0,2.0,0.0,1.0,0.0,1.0,3.0,1.0,1.0,2.0,3.0,1.0,0.0,0.0,0.0,1.0,0.0,5.0,0.0,2.0,0.0,1.0,1.0,1.0,8.0,1.0,2.0,4.0,2.0,0.0,1.0,1.0,1.0,1.0,2.0,1.0,2.0,2.0,0.0,0.0,0.0,0.0,1.0,0.0,0.0,0.0,0.0,5.0,7.0,2.0,0.0,0.0,1.0,0.0,1.0,0.0,1.0,1.0,1.0,0.0,2.0,2.0,0.0,0.0,0.0,0.0,0.0,0.0,1.0,1.0,1.0,0.0,0.0,0.0,1.0,1.0,3.0,0.0,0.0,1.0,0.0,2.0,0.0,0.0,1.0,2.0,0.0,0.0,0.0,0.0,1.0,0.0,0.0,1.0,1.0,0.0,0.0,0.0,0.0,0.0,1.0,2.0,0.0
61,187,0.0,0.0,0.0,0.0,0.0,0.0,0.0,0.0,0.0,0.0,0.0,0.0,0.0,0.0,0.0,0.0,0.0,0.0,0.0,0.0,0.0,0.0,0.0,0.0,0.0,0.0,0.0,0.0,0.0,0.0,3.0,0.0,0.0,0.0,0.0,0.0,0.0,0.0,0.0,2.0,1.0,0.0,0.0,1.0,2.0,0.0,1.0,0.0,0.0,1.0,0.0,0.0,0.0,0.0,4.0,5.0,2.0,0.0,1.0,0.0,0.0,0.0,0.0,1.0,1.0,2.0,0.0,0.0,1.0,1.0,0.0,1.0,1.0,0.0,2.0,0.0,0.0,1.0,2.0,3.0,0.0,1.0,2.0,9.0,4.0,1.0,2.0,3.0,1.0,0.0,1.0,1.0,1.0,1.0,1.0,1.0,3.0,3.0,2.0,2.0,0.0,0.0,0.0,0.0,1.0,2.0,6.0,5.0,7.0,3.0,3.0,0.0,0.0,0.0,0.0,0.0,1.0,1.0,4.0,0.0,3.0,0.0,0.0,2.0,0.0,1.0,0.0,0.0,1.0,2.0,1.0,0.0,0.0,2.0,0.0,3.0,5.0,0.0,0.0,2.0,1.0,0.0,0.0,0.0,0.0,0.0,0.0,1.0,0.0,0.0,1.0,1.0,0.0,0.0,0.0,0.0,0.0,0.0,1.0,3.0,0.0,0.0
61,188,0.0,0.0,0.0,0.0,0.0,0.0,0.0,0.0,0.0,0.0,0.0,0.0,0.0,0.0,0.0,0.0,0.0,0.0,0.0,0.0,0.0,0.0,0.0,0.0,0.0,0.0,0.0,0.0,2.0,0.0,9.0,4.0,1.0,1.0,2.0,2.0,4.0,6.0,1.0,2.0,3.0,1.0,0.0,1.0,0.0,1.0,0.0,1.0,0.0,0.0,0.0,0.0,1.0,0.0,2.0,0.0,0.0,1.0,1.0,1.0,0.0,0.0,0.0,0.0,1.0,0.0,0.0,0.0,0.0,0.0,0.0,1.0,0.0,0.0,0.0,0.0,1.0,0.0,1.0,0.0,0.0,0.0,0.0,3.0,0.0,0.0,1.0,7.0,8.0,0.0,0.0,2.0,1.0,0.0,2.0,0.0,0.0,2.0,0.0,0.0,0.0,1.0,0.0,0.0,1.0,0.0,5.0,2.0,0.0,1.0,0.0,1.0,0.0,0.0,0.0,0.0,0.0,2.0,1.0,0.0,1.0,0.0,2.0,0.0,1.0,0.0,1.0,0.0,1.0,1.0,0.0,1.0,1.0,1.0,0.0,4.0,2.0,1.0,0.0,3.0,7.0,2.0,0.0,1.0,0.0,1.0,0.0,0.0,0.0,0.0,1.0,1.0,1.0,0.0,0.0,0.0,0.0,0.0,0.0,1.0,1.0,0.0
61,190,0.0,0.0,0.0,0.0,0.0,0.0,0.0,0.0,0.0,0.0,0.0,0.0,0.0,0.0,0.0,0.0,0.0,0.0,0.0,0.0,0.0,0.0,0.0,0.0,0.0,0.0,0.0,0.0,0.0,0.0,2.0,2.0,3.0,3.0,0.0,2.0,12.0,0.0,2.0,0.0,3.0,1.0,2.0,0.0,3.0,1.0,1.0,1.0,0.0,0.0,0.0,0.0,1.0,1.0,0.0,0.0,1.0,2.0,0.0,1.0,1.0,0.0,1.0,1.0,0.0,1.0,0.0,0.0,3.0,1.0,1.0,0.0,1.0,5.0,1.0,1.0,3.0,3.0,2.0,0.0,1.0,1.0,0.0,3.0,4.0,2.0,1.0,5.0,9.0,5.0,0.0,1.0,2.0,1.0,0.0,3.0,1.0,2.0,1.0,2.0,0.0,0.0,0.0,1.0,1.0,0.0,2.0,3.0,2.0,1.0,1.0,1.0,1.0,0.0,2.0,0.0,1.0,1.0,1.0,2.0,1.0,2.0,0.0,1.0,0.0,1.0,0.0,1.0,1.0,0.0,1.0,0.0,0.0,0.0,2.0,2.0,2.0,1.0,2.0,5.0,7.0,1.0,1.0,0.0,1.0,2.0,1.0,0.0,0.0,0.0,0.0,0.0,2.0,1.0,0.0,0.0,0.0,0.0,1.0,1.0,3.0,1.0
61,192,0.0,0.0,0.0,0.0,0.0,0.0,0.0,0.0,0.0,0.0,0.0,0.0,0.0,0.0,0.0,0.0,0.0,0.0,0.0,0.0,0.0,0.0,0.0,0.0,0.0,0.0,0.0,0.0,0.0,0.0,3.0,2.0,0.0,3.0,2.0,3.0,9.0,1.0,1.0,1.0,2.0,3.0,2.0,0.0,0.0,0.0,1.0,1.0,0.0,0.0,1.0,0.0,2.0,0.0,0.0,0.0,3.0,1.0,0.0,0.0,0.0,2.0,0.0,0.0,0.0,1.0,2.0,0.0,0.0,1.0,1.0,0.0,0.0,0.0,2.0,0.0,1.0,2.0,1.0,0.0,0.0,1.0,1.0,2.0,5.0,2.0,3.0,3.0,3.0,3.0,2.0,0.0,1.0,1.0,0.0,0.0,0.0,1.0,0.0,0.0,0.0,1.0,0.0,0.0,0.0,1.0,0.0,0.0,2.0,0.0,0.0,0.0,0.0,1.0,0.0,0.0,2.0,2.0,1.0,2.0,1.0,0.0,1.0,2.0,1.0,0.0,3.0,0.0,2.0,0.0,0.0,0.0,0.0,0.0,1.0,0.0,1.0,0.0,1.0,0.0,4.0,0.0,1.0,0.0,1.0,0.0,1.0,1.0,0.0,0.0,1.0,0.0,2.0,0.0,0.0,0.0,1.0,0.0,0.0,0.0,1.0,0.0
61,194,0.0,0.0,0.0,0.0,0.0,0.0,0.0,0.0,0.0,0.0,0.0,0.0,0.0,0.0,0.0,0.0,0.0,0.0,0.0,0.0,0.0,0.0,0.0,0.0,0.0,0.0,0.0,0.0,0.0,0.0,0.0,0.0,0.0,0.0,0.0,0.0,0.0,0.0,0.0,0.0,0.0,0.0,0.0,0.0,1.0,0.0,1.0,0.0,0.0,2.0,0.0,0.0,0.0,0.0,1.0,0.0,0.0,0.0,1.0,1.0,0.0,0.0,0.0,1.0,2.0,0.0,0.0,0.0,0.0,0.0,0.0,1.0,0.0,0.0,2.0,0.0,4.0,1.0,1.0,0.0,1.0,0.0,0.0,0.0,0.0,1.0,0.0,4.0,0.0,0.0,1.0,1.0,1.0,2.0,1.0,1.0,0.0,0.0,2.0,0.0,1.0,2.0,0.0,0.0,1.0,0.0,1.0,1.0,0.0,1.0,0.0,0.0,0.0,0.0,0.0,1.0,0.0,1.0,0.0,2.0,0.0,0.0,2.0,2.0,1.0,2.0,0.0,1.0,2.0,0.0,0.0,1.0,0.0,1.0,0.0,2.0,3.0,0.0,4.0,2.0,1.0,0.0,0.0,0.0,0.0,0.0,0.0,1.0,0.0,0.0,0.0,1.0,0.0,0.0,0.0,0.0,2.0,0.0,1.0,2.0,2.0,0.0
61,195,0.0,0.0,0.0,0.0,0.0,0.0,0.0,0.0,0.0,0.0,0.0,0.0,0.0,0.0,0.0,0.0,0.0,0.0,0.0,0.0,0.0,0.0,0.0,0.0,0.0,0.0,0.0,0.0,0.0,0.0,0.0,0.0,0.0,0.0,0.0,0.0,0.0,0.0,0.0,0.0,0.0,0.0,0.0,0.0,0.0,0.0,0.0,0.0,1.0,2.0,1.0,2.0,0.0,0.0,0.0,1.0,0.0,0.0,0.0,0.0,1.0,2.0,0.0,0.0,1.0,0.0,0.0,0.0,2.0,3.0,2.0,0.0,0.0,1.0,1.0,2.0,1.0,0.0,0.0,2.0,1.0,0.0,0.0,0.0,0.0,0.0,0.0,1.0,1.0,0.0,2.0,1.0,2.0,1.0,2.0,0.0,0.0,0.0,0.0,0.0,1.0,2.0,2.0,1.0,0.0,0.0,1.0,2.0,0.0,0.0,0.0,3.0,0.0,0.0,0.0,0.0,1.0,0.0,1.0,1.0,0.0,0.0,0.0,1.0,1.0,0.0,1.0,0.0,0.0,1.0,1.0,2.0,0.0,1.0,0.0,0.0,1.0,1.0,0.0,0.0,0.0,0.0,1.0,0.0,1.0,1.0,1.0,1.0,3.0,2.0,1.0,1.0,0.0,1.0,1.0,0.0,0.0,0.0,3.0,1.0,0.0,0.0
61,196,0.0,0.0,0.0,0.0,0.0,0.0,0.0,0.0,0.0,0.0,0.0,0.0,0.0,0.0,0.0,0.0,0.0,0.0,0.0,0.0,0.0,0.0,0.0,0.0,0.0,0.0,0.0,0.0,0.0,0.0,0.0,0.0,0.0,0.0,0.0,0.0,0.0,0.0,0.0,0.0,0.0,0.0,0.0,0.0,0.0,0.0,0.0,0.0,0.0,1.0,0.0,0.0,0.0,0.0,1.0,0.0,0.0,0.0,1.0,1.0,2.0,0.0,0.0,0.0,0.0,3.0,1.0,0.0,1.0,2.0,2.0,2.0,0.0,1.0,1.0,1.0,0.0,0.0,0.0,0.0,2.0,2.0,0.0,2.0,0.0,1.0,0.0,2.0,0.0,3.0,1.0,0.0,1.0,0.0,4.0,1.0,2.0,1.0,5.0,2.0,0.0,0.0,0.0,2.0,3.0,1.0,0.0,3.0,1.0,1.0,0.0,2.0,0.0,0.0,0.0,1.0,1.0,0.0,2.0,1.0,0.0,1.0,1.0,0.0,0.0,0.0,1.0,0.0,0.0,1.0,1.0,0.0,0.0,2.0,2.0,2.0,0.0,0.0,1.0,0.0,0.0,2.0,2.0,1.0,0.0,0.0,0.0,2.0,1.0,0.0,1.0,2.0,0.0,0.0,0.0,1.0,0.0,2.0,0.0,1.0,0.0,0.0
61,197,0.0,0.0,0.0,0.0,0.0,0.0,0.0,0.0,0.0,0.0,0.0,0.0,0.0,0.0,0.0,0.0,0.0,0.0,0.0,0.0,0.0,0.0,0.0,0.0,0.0,0.0,0.0,0.0,0.0,0.0,0.0,0.0,0.0,0.0,0.0,0.0,0.0,0.0,0.0,0.0,0.0,0.0,0.0,0.0,0.0,0.0,0.0,0.0,0.0,0.0,0.0,2.0,1.0,0.0,1.0,3.0,0.0,2.0,1.0,0.0,0.0,0.0,0.0,0.0,0.0,0.0,1.0,0.0,2.0,5.0,0.0,0.0,0.0,1.0,3.0,2.0,0.0,2.0,1.0,1.0,0.0,1.0,2.0,0.0,1.0,0.0,2.0,1.0,4.0,1.0,0.0,1.0,3.0,2.0,0.0,0.0,5.0,1.0,0.0,1.0,1.0,2.0,3.0,1.0,0.0,0.0,2.0,3.0,0.0,0.0,1.0,1.0,0.0,0.0,0.0,1.0,0.0,1.0,0.0,1.0,0.0,1.0,0.0,0.0,1.0,2.0,1.0,0.0,2.0,0.0,1.0,0.0,0.0,4.0,2.0,1.0,0.0,4.0,2.0,1.0,1.0,3.0,0.0,1.0,0.0,0.0,3.0,1.0,0.0,1.0,0.0,0.0,0.0,1.0,4.0,1.0,0.0,1.0,1.0,2.0,1.0,0.0
61,198,0.0,0.0,0.0,0.0,0.0,0.0,0.0,0.0,0.0,0.0,0.0,0.0,0.0,0.0,0.0,0.0,0.0,0.0,0.0,0.0,0.0,0.0,0.0,0.0,0.0,0.0,0.0,0.0,0.0,0.0,0.0,0.0,0.0,0.0,0.0,0.0,0.0,0.0,0.0,0.0,0.0,0.0,0.0,0.0,0.0,0.0,0.0,0.0,0.0,3.0,1.0,4.0,1.0,0.0,2.0,0.0,2.0,0.0,0.0,3.0,0.0,0.0,0.0,0.0,0.0,0.0,0.0,0.0,0.0,1.0,3.0,3.0,1.0,0.0,2.0,1.0,0.0,0.0,2.0,1.0,0.0,1.0,2.0,4.0,2.0,0.0,0.0,0.0,3.0,3.0,0.0,1.0,1.0,1.0,1.0,1.0,2.0,3.0,1.0,1.0,1.0,2.0,1.0,3.0,2.0,0.0,1.0,1.0,0.0,2.0,0.0,2.0,0.0,2.0,0.0,1.0,1.0,0.0,0.0,0.0,1.0,1.0,0.0,0.0,0.0,1.0,0.0,1.0,1.0,1.0,1.0,0.0,0.0,1.0,3.0,0.0,2.0,0.0,1.0,1.0,2.0,1.0,3.0,0.0,0.0,2.0,2.0,0.0,0.0,1.0,0.0,1.0,0.0,0.0,1.0,2.0,1.0,1.0,0.0,2.0,3.0,0.0
61,199,0.0,0.0,0.0,0.0,0.0,0.0,0.0,0.0,0.0,0.0,0.0,0.0,0.0,0.0,0.0,0.0,0.0,0.0,0.0,0.0,0.0,0.0,0.0,0.0,0.0,0.0,0.0,0.0,0.0,0.0,0.0,0.0,0.0,0.0,0.0,0.0,0.0,0.0,0.0,0.0,0.0,0.0,0.0,0.0,0.0,0.0,4.0,1.0,4.0,13.0,2.0,0.0,0.0,1.0,5.0,2.0,7.0,3.0,6.0,3.0,3.0,0.0,3.0,2.0,1.0,7.0,1.0,1.0,3.0,6.0,0.0,1.0,0.0,1.0,0.0,0.0,1.0,1.0,4.0,0.0,0.0,2.0,0.0,4.0,1.0,0.0,0.0,0.0,7.0,5.0,0.0,0.0,2.0,3.0,2.0,6.0,5.0,2.0,4.0,0.0,0.0,0.0,0.0,8.0,5.0,0.0,6.0,0.0,2.0,1.0,2.0,1.0,3.0,3.0,4.0,4.0,1.0,2.0,3.0,1.0,0.0,1.0,4.0,0.0,0.0,2.0,0.0,0.0,5.0,1.0,1.0,0.0,2.0,5.0,2.0,4.0,2.0,2.0,3.0,1.0,0.0,4.0,1.0,0.0,5.0,4.0,2.0,2.0,5.0,4.0,0.0,2.0,1.0,9.0,2.0,2.0,2.0,0.0,0.0,1.0,3.0,1.0
61,200,0.0,0.0,0.0,0.0,0.0,0.0,0.0,0.0,0.0,0.0,0.0,0.0,0.0,0.0,0.0,0.0,0.0,0.0,0.0,0.0,0.0,0.0,0.0,0.0,0.0,0.0,0.0,0.0,0.0,0.0,0.0,0.0,0.0,0.0,0.0,0.0,0.0,0.0,0.0,0.0,0.0,0.0,0.0,0.0,0.0,0.0,1.0,4.0,2.0,3.0,3.0,0.0,1.0,4.0,2.0,1.0,4.0,0.0,0.0,4.0,3.0,1.0,3.0,1.0,9.0,2.0,1.0,0.0,0.0,1.0,2.0,0.0,0.0,0.0,0.0,0.0,3.0,0.0,0.0,1.0,0.0,4.0,0.0,0.0,1.0,1.0,0.0,0.0,7.0,6.0,6.0,3.0,3.0,2.0,1.0,7.0,1.0,4.0,3.0,0.0,6.0,3.0,2.0,2.0,0.0,1.0,0.0,0.0,1.0,2.0,1.0,2.0,0.0,1.0,0.0,3.0,0.0,1.0,1.0,2.0,0.0,1.0,1.0,1.0,0.0,1.0,3.0,1.0,1.0,0.0,5.0,0.0,2.0,2.0,0.0,7.0,0.0,1.0,3.0,6.0,12.0,6.0,3.0,4.0,2.0,4.0,0.0,0.0,1.0,4.0,3.0,0.0,2.0,5.0,1.0,1.0,0.0,4.0,2.0,1.0,2.0,1.0
61,201,0.0,0.0,0.0,0.0,0.0,0.0,0.0,0.0,0.0,0.0,0.0,0.0,0.0,0.0,0.0,0.0,0.0,0.0,0.0,0.0,0.0,0.0,0.0,0.0,0.0,0.0,0.0,0.0,0.0,0.0,0.0,0.0,0.0,0.0,0.0,0.0,0.0,0.0,0.0,0.0,0.0,0.0,0.0,0.0,0.0,0.0,0.0,4.0,1.0,2.0,1.0,2.0,1.0,3.0,2.0,2.0,8.0,0.0,3.0,8.0,1.0,0.0,7.0,1.0,4.0,1.0,1.0,1.0,3.0,9.0,3.0,0.0,0.0,2.0,1.0,0.0,2.0,1.0,1.0,1.0,0.0,12.0,2.0,3.0,5.0,6.0,1.0,1.0,0.0,5.0,4.0,1.0,0.0,1.0,5.0,0.0,1.0,1.0,3.0,0.0,6.0,3.0,0.0,4.0,2.0,1.0,1.0,2.0,4.0,3.0,2.0,4.0,2.0,4.0,0.0,2.0,0.0,0.0,1.0,2.0,0.0,5.0,1.0,1.0,1.0,1.0,2.0,0.0,1.0,1.0,3.0,2.0,2.0,2.0,5.0,3.0,2.0,2.0,4.0,5.0,14.0,5.0,6.0,3.0,6.0,7.0,0.0,0.0,2.0,0.0,3.0,2.0,3.0,2.0,2.0,2.0,3.0,0.0,0.0,5.0,4.0,2.0
61,202,0.0,0.0,0.0,0.0,0.0,0.0,0.0,0.0,0.0,0.0,0.0,0.0,0.0,0.0,0.0,0.0,0.0,0.0,0.0,0.0,0.0,0.0,0.0,0.0,0.0,0.0,0.0,0.0,0.0,0.0,0.0,0.0,0.0,0.0,0.0,0.0,0.0,0.0,0.0,0.0,0.0,0.0,0.0,0.0,0.0,0.0,2.0,0.0,0.0,2.0,0.0,0.0,0.0,1.0,0.0,0.0,1.0,0.0,0.0,6.0,0.0,3.0,2.0,0.0,1.0,2.0,0.0,0.0,1.0,0.0,0.0,1.0,1.0,2.0,0.0,5.0,5.0,2.0,0.0,2.0,1.0,3.0,2.0,1.0,0.0,0.0,3.0,2.0,0.0,1.0,0.0,4.0,5.0,2.0,0.0,2.0,0.0,0.0,1.0,0.0,2.0,1.0,4.0,0.0,0.0,1.0,3.0,0.0,0.0,0.0,2.0,2.0,6.0,1.0,6.0,0.0,5.0,3.0,1.0,0.0,0.0,0.0,0.0,0.0,2.0,2.0,0.0,1.0,1.0,0.0,3.0,0.0,1.0,0.0,3.0,2.0,0.0,2.0,2.0,0.0,3.0,5.0,1.0,3.0,3.0,0.0,1.0,0.0,2.0,3.0,0.0,0.0,0.0,1.0,0.0,3.0,1.0,0.0,2.0,0.0,0.0,4.0
61,208,0.0,0.0,0.0,0.0,0.0,0.0,0.0,0.0,0.0,0.0,0.0,0.0,0.0,0.0,0.0,0.0,0.0,0.0,0.0,0.0,0.0,0.0,0.0,0.0,0.0,0.0,0.0,0.0,0.0,0.0,0.0,0.0,0.0,0.0,0.0,0.0,0.0,0.0,0.0,0.0,0.0,0.0,0.0,0.0,0.0,0.0,0.0,0.0,0.0,0.0,1.0,0.0,1.0,0.0,1.0,0.0,0.0,3.0,1.0,1.0,0.0,0.0,0.0,1.0,3.0,1.0,0.0,0.0,0.0,0.0,0.0,0.0,1.0,1.0,0.0,3.0,0.0,2.0,5.0,0.0,1.0,2.0,0.0,1.0,0.0,0.0,0.0,4.0,3.0,4.0,1.0,0.0,0.0,1.0,1.0,0.0,4.0,1.0,1.0,3.0,1.0,1.0,1.0,2.0,0.0,1.0,0.0,1.0,2.0,0.0,2.0,0.0,0.0,0.0,1.0,0.0,1.0,1.0,2.0,0.0,2.0,1.0,2.0,0.0,0.0,0.0,2.0,0.0,2.0,1.0,1.0,2.0,0.0,1.0,1.0,2.0,3.0,0.0,5.0,2.0,2.0,2.0,1.0,2.0,0.0,0.0,1.0,2.0,5.0,0.0,1.0,0.0,1.0,0.0,1.0,0.0,0.0,1.0,0.0,0.0,4.0,1.0
61,210,0.0,0.0,0.0,0.0,0.0,0.0,0.0,0.0,0.0,0.0,0.0,0.0,0.0,0.0,0.0,0.0,0.0,0.0,0.0,0.0,0.0,0.0,0.0,0.0,0.0,0.0,0.0,0.0,0.0,0.0,0.0,0.0,0.0,0.0,0.0,0.0,0.0,0.0,0.0,0.0,0.0,0.0,0.0,0.0,0.0,0.0,0.0,0.0,0.0,0.0,0.0,2.0,0.0,1.0,3.0,0.0,7.0,3.0,2.0,1.0,2.0,1.0,0.0,2.0,1.0,1.0,1.0,1.0,0.0,3.0,1.0,1.0,3.0,0.0,4.0,3.0,4.0,2.0,3.0,3.0,4.0,2.0,2.0,6.0,2.0,0.0,1.0,7.0,7.0,1.0,2.0,7.0,4.0,2.0,3.0,7.0,3.0,0.0,2.0,1.0,3.0,5.0,3.0,4.0,4.0,0.0,0.0,8.0,6.0,0.0,5.0,1.0,1.0,0.0,2.0,1.0,4.0,2.0,2.0,4.0,2.0,4.0,3.0,3.0,4.0,5.0,3.0,2.0,2.0,0.0,1.0,1.0,2.0,4.0,4.0,2.0,0.0,6.0,6.0,7.0,9.0,3.0,4.0,2.0,3.0,3.0,3.0,0.0,2.0,2.0,1.0,2.0,2.0,2.0,7.0,0.0,2.0,3.0,3.0,2.0,5.0,2.0
61,211,0.0,0.0,0.0,0.0,0.0,0.0,0.0,0.0,0.0,0.0,0.0,0.0,0.0,0.0,0.0,0.0,0.0,0.0,0.0,0.0,0.0,0.0,0.0,0.0,0.0,0.0,0.0,0.0,0.0,0.0,0.0,0.0,0.0,0.0,0.0,0.0,0.0,0.0,0.0,0.0,0.0,0.0,0.0,0.0,0.0,0.0,0.0,0.0,0.0,0.0,0.0,0.0,0.0,1.0,1.0,1.0,3.0,4.0,1.0,1.0,0.0,0.0,0.0,0.0,0.0,2.0,0.0,1.0,0.0,0.0,0.0,1.0,0.0,0.0,2.0,2.0,2.0,1.0,0.0,2.0,1.0,0.0,4.0,4.0,0.0,0.0,0.0,5.0,5.0,0.0,2.0,2.0,1.0,2.0,1.0,3.0,2.0,0.0,3.0,2.0,0.0,0.0,1.0,3.0,3.0,0.0,4.0,5.0,1.0,4.0,0.0,1.0,2.0,0.0,1.0,1.0,2.0,1.0,2.0,2.0,1.0,3.0,4.0,1.0,0.0,0.0,0.0,2.0,1.0,2.0,2.0,2.0,3.0,0.0,4.0,5.0,1.0,1.0,13.0,4.0,5.0,1.0,3.0,1.0,1.0,3.0,0.0,2.0,1.0,0.0,3.0,1.0,1.0,0.0,2.0,2.0,0.0,1.0,3.0,2.0,1.0,4.0
61,212,0.0,0.0,0.0,0.0,0.0,0.0,0.0,0.0,0.0,0.0,0.0,0.0,0.0,0.0,0.0,0.0,0.0,0.0,0.0,0.0,0.0,0.0,0.0,0.0,0.0,0.0,0.0,0.0,0.0,0.0,0.0,0.0,0.0,0.0,0.0,0.0,0.0,0.0,0.0,0.0,0.0,0.0,0.0,0.0,0.0,0.0,0.0,0.0,0.0,0.0,0.0,0.0,1.0,0.0,0.0,0.0,2.0,3.0,0.0,1.0,0.0,0.0,0.0,2.0,1.0,0.0,0.0,2.0,0.0,0.0,0.0,0.0,0.0,0.0,0.0,1.0,1.0,0.0,0.0,0.0,1.0,2.0,0.0,4.0,0.0,1.0,2.0,5.0,1.0,1.0,0.0,0.0,1.0,2.0,0.0,3.0,1.0,2.0,1.0,2.0,0.0,2.0,0.0,0.0,0.0,0.0,0.0,0.0,6.0,0.0,0.0,1.0,2.0,0.0,0.0,1.0,2.0,1.0,0.0,1.0,1.0,1.0,1.0,1.0,0.0,2.0,0.0,1.0,0.0,0.0,1.0,0.0,1.0,0.0,0.0,0.0,1.0,0.0,1.0,0.0,0.0,1.0,0.0,0.0,1.0,0.0,2.0,0.0,0.0,0.0,1.0,0.0,0.0,0.0,2.0,0.0,0.0,0.0,1.0,0.0,0.0,1.0
61,213,0.0,0.0,0.0,0.0,0.0,0.0,0.0,0.0,0.0,0.0,0.0,0.0,0.0,0.0,0.0,0.0,0.0,0.0,0.0,0.0,0.0,0.0,0.0,0.0,0.0,0.0,0.0,0.0,0.0,0.0,0.0,0.0,0.0,0.0,0.0,0.0,0.0,0.0,0.0,0.0,0.0,0.0,0.0,0.0,0.0,0.0,0.0,0.0,0.0,0.0,0.0,0.0,0.0,1.0,3.0,5.0,1.0,3.0,0.0,3.0,3.0,4.0,4.0,1.0,1.0,2.0,1.0,0.0,0.0,0.0,3.0,0.0,0.0,0.0,0.0,0.0,2.0,1.0,1.0,0.0,1.0,2.0,0.0,5.0,5.0,2.0,1.0,5.0,2.0,1.0,1.0,2.0,0.0,1.0,0.0,2.0,2.0,1.0,0.0,0.0,3.0,2.0,0.0,1.0,2.0,0.0,0.0,0.0,1.0,0.0,1.0,0.0,1.0,2.0,0.0,0.0,2.0,1.0,0.0,2.0,1.0,0.0,1.0,0.0,0.0,2.0,0.0,2.0,2.0,0.0,1.0,1.0,0.0,1.0,2.0,3.0,1.0,2.0,2.0,5.0,2.0,0.0,1.0,2.0,1.0,2.0,2.0,0.0,1.0,2.0,2.0,0.0,0.0,2.0,0.0,0.0,0.0,0.0,1.0,0.0,0.0,2.0
61,214,0.0,0.0,0.0,0.0,0.0,0.0,0.0,0.0,0.0,0.0,0.0,0.0,0.0,0.0,0.0,0.0,0.0,0.0,0.0,0.0,0.0,0.0,0.0,0.0,0.0,0.0,0.0,0.0,0.0,0.0,0.0,0.0,0.0,0.0,0.0,0.0,0.0,0.0,0.0,0.0,0.0,0.0,0.0,0.0,0.0,0.0,0.0,0.0,0.0,0.0,6.0,14.0,12.0,10.0,6.0,5.0,12.0,3.0,9.0,2.0,1.0,0.0,0.0,0.0,0.0,1.0,3.0,4.0,3.0,8.0,5.0,9.0,1.0,3.0,5.0,1.0,4.0,3.0,6.0,4.0,3.0,2.0,2.0,6.0,4.0,2.0,1.0,9.0,18.0,4.0,4.0,6.0,1.0,0.0,4.0,1.0,3.0,4.0,0.0,5.0,2.0,2.0,6.0,5.0,3.0,2.0,1.0,0.0,6.0,4.0,3.0,2.0,5.0,3.0,3.0,2.0,3.0,4.0,6.0,5.0,3.0,3.0,6.0,2.0,4.0,1.0,0.0,1.0,5.0,2.0,4.0,5.0,3.0,6.0,2.0,3.0,5.0,0.0,5.0,6.0,14.0,11.0,6.0,5.0,4.0,5.0,4.0,3.0,5.0,8.0,3.0,3.0,5.0,4.0,7.0,3.0,6.0,5.0,5.0,4.0,4.0,5.0
61,215,0.0,0.0,0.0,0.0,0.0,0.0,0.0,0.0,0.0,0.0,0.0,0.0,0.0,0.0,0.0,0.0,0.0,0.0,0.0,0.0,0.0,0.0,0.0,0.0,0.0,0.0,0.0,0.0,0.0,0.0,0.0,0.0,0.0,0.0,0.0,0.0,0.0,0.0,0.0,0.0,0.0,0.0,0.0,0.0,0.0,0.0,0.0,0.0,0.0,0.0,4.0,3.0,5.0,3.0,1.0,3.0,1.0,1.0,0.0,1.0,2.0,1.0,1.0,4.0,3.0,3.0,1.0,1.0,1.0,1.0,2.0,2.0,2.0,0.0,2.0,1.0,1.0,0.0,4.0,0.0,1.0,2.0,0.0,2.0,1.0,3.0,1.0,2.0,0.0,0.0,1.0,3.0,0.0,2.0,3.0,1.0,0.0,1.0,1.0,3.0,0.0,2.0,1.0,0.0,0.0,1.0,0.0,1.0,2.0,4.0,0.0,0.0,1.0,0.0,0.0,0.0,0.0,1.0,1.0,3.0,0.0,0.0,0.0,0.0,0.0,0.0,0.0,1.0,2.0,1.0,2.0,0.0,1.0,1.0,1.0,0.0,0.0,1.0,0.0,4.0,4.0,3.0,1.0,1.0,1.0,1.0,0.0,2.0,1.0,1.0,0.0,0.0,0.0,0.0,0.0,1.0,0.0,0.0,1.0,2.0,3.0,0.0
61,216,0.0,0.0,0.0,0.0,0.0,0.0,0.0,0.0,0.0,0.0,0.0,0.0,0.0,0.0,0.0,0.0,0.0,0.0,0.0,0.0,0.0,0.0,0.0,0.0,0.0,0.0,0.0,0.0,0.0,0.0,0.0,0.0,0.0,0.0,0.0,0.0,0.0,0.0,0.0,0.0,0.0,0.0,0.0,0.0,0.0,0.0,0.0,0.0,0.0,0.0,0.0,2.0,5.0,3.0,6.0,1.0,6.0,2.0,2.0,1.0,1.0,4.0,5.0,0.0,1.0,0.0,0.0,0.0,1.0,2.0,2.0,1.0,2.0,2.0,2.0,1.0,1.0,4.0,4.0,2.0,1.0,1.0,1.0,3.0,3.0,0.0,1.0,6.0,5.0,2.0,4.0,3.0,1.0,2.0,1.0,1.0,3.0,1.0,2.0,1.0,2.0,2.0,2.0,4.0,2.0,3.0,1.0,2.0,0.0,5.0,1.0,1.0,1.0,3.0,4.0,1.0,3.0,1.0,4.0,1.0,0.0,2.0,1.0,1.0,2.0,1.0,0.0,1.0,2.0,1.0,3.0,1.0,0.0,1.0,0.0,1.0,2.0,0.0,3.0,5.0,8.0,5.0,4.0,1.0,2.0,0.0,4.0,1.0,2.0,1.0,4.0,4.0,3.0,2.0,1.0,5.0,0.0,0.0,0.0,2.0,2.0,0.0
61,217,0.0,0.0,0.0,0.0,0.0,0.0,0.0,0.0,0.0,0.0,0.0,0.0,0.0,0.0,0.0,0.0,0.0,0.0,0.0,0.0,0.0,0.0,0.0,0.0,0.0,0.0,0.0,0.0,0.0,0.0,0.0,0.0,0.0,0.0,0.0,0.0,0.0,0.0,0.0,0.0,0.0,0.0,0.0,0.0,0.0,0.0,0.0,0.0,0.0,0.0,2.0,3.0,7.0,4.0,5.0,4.0,6.0,1.0,3.0,0.0,1.0,1.0,1.0,0.0,0.0,3.0,2.0,1.0,1.0,1.0,1.0,2.0,0.0,0.0,1.0,1.0,3.0,1.0,3.0,1.0,0.0,1.0,2.0,4.0,2.0,3.0,1.0,3.0,7.0,2.0,0.0,0.0,1.0,3.0,0.0,1.0,0.0,1.0,2.0,0.0,1.0,0.0,0.0,0.0,1.0,0.0,3.0,1.0,3.0,3.0,4.0,1.0,0.0,1.0,1.0,0.0,2.0,0.0,2.0,0.0,0.0,3.0,1.0,2.0,2.0,0.0,2.0,2.0,0.0,1.0,1.0,2.0,0.0,1.0,1.0,1.0,1.0,0.0,2.0,2.0,5.0,2.0,0.0,0.0,1.0,1.0,1.0,0.0,1.0,0.0,1.0,0.0,0.0,1.0,0.0,1.0,0.0,0.0,0.0,0.0,0.0,0.0
61,218,0.0,0.0,0.0,0.0,0.0,0.0,0.0,0.0,0.0,0.0,0.0,0.0,0.0,0.0,0.0,0.0,0.0,0.0,0.0,0.0,0.0,0.0,0.0,0.0,0.0,0.0,0.0,0.0,0.0,0.0,0.0,0.0,0.0,0.0,0.0,0.0,0.0,0.0,0.0,0.0,0.0,0.0,0.0,0.0,0.0,0.0,0.0,0.0,0.0,0.0,4.0,6.0,3.0,5.0,9.0,9.0,6.0,3.0,7.0,2.0,5.0,6.0,4.0,2.0,5.0,7.0,2.0,2.0,4.0,5.0,3.0,2.0,0.0,5.0,0.0,1.0,2.0,4.0,8.0,2.0,1.0,2.0,5.0,3.0,1.0,4.0,5.0,6.0,18.0,6.0,3.0,1.0,0.0,1.0,2.0,3.0,3.0,1.0,1.0,2.0,0.0,4.0,7.0,4.0,0.0,5.0,2.0,4.0,4.0,4.0,0.0,3.0,3.0,6.0,0.0,3.0,2.0,2.0,0.0,1.0,0.0,1.0,2.0,1.0,1.0,1.0,0.0,1.0,3.0,2.0,6.0,1.0,1.0,2.0,2.0,2.0,4.0,3.0,5.0,8.0,11.0,2.0,1.0,1.0,2.0,3.0,1.0,2.0,3.0,1.0,2.0,1.0,3.0,2.0,1.0,3.0,0.0,1.0,1.0,3.0,2.0,3.0
61,219,0.0,0.0,0.0,0.0,0.0,0.0,0.0,0.0,0.0,0.0,0.0,0.0,0.0,0.0,0.0,0.0,0.0,0.0,0.0,0.0,0.0,0.0,0.0,0.0,0.0,0.0,0.0,0.0,0.0,0.0,0.0,0.0,0.0,0.0,0.0,0.0,0.0,0.0,0.0,0.0,0.0,0.0,0.0,0.0,0.0,0.0,0.0,0.0,0.0,0.0,0.0,0.0,0.0,0.0,0.0,0.0,2.0,3.0,1.0,1.0,0.0,0.0,2.0,2.0,2.0,1.0,0.0,1.0,0.0,0.0,0.0,0.0,1.0,0.0,0.0,0.0,0.0,0.0,0.0,0.0,0.0,0.0,1.0,1.0,2.0,0.0,0.0,3.0,0.0,1.0,0.0,0.0,0.0,0.0,1.0,1.0,1.0,0.0,0.0,0.0,1.0,0.0,2.0,4.0,1.0,2.0,0.0,0.0,2.0,0.0,0.0,1.0,0.0,0.0,0.0,2.0,0.0,1.0,1.0,0.0,0.0,3.0,1.0,0.0,2.0,0.0,1.0,0.0,1.0,1.0,1.0,0.0,0.0,0.0,2.0,1.0,0.0,0.0,1.0,0.0,2.0,0.0,2.0,1.0,0.0,0.0,1.0,2.0,0.0,0.0,0.0,0.0,1.0,0.0,0.0,1.0,0.0,0.0,0.0,1.0,0.0,1.0
61,220,0.0,0.0,0.0,0.0,0.0,0.0,0.0,0.0,0.0,0.0,0.0,0.0,0.0,0.0,0.0,0.0,0.0,0.0,0.0,0.0,0.0,0.0,0.0,0.0,0.0,0.0,0.0,0.0,0.0,0.0,0.0,0.0,0.0,0.0,0.0,0.0,0.0,0.0,0.0,0.0,0.0,0.0,0.0,0.0,0.0,0.0,0.0,0.0,0.0,0.0,0.0,0.0,0.0,0.0,0.0,0.0,0.0,0.0,0.0,0.0,0.0,2.0,0.0,3.0,0.0,1.0,0.0,1.0,1.0,1.0,1.0,0.0,1.0,1.0,2.0,2.0,0.0,3.0,0.0,1.0,0.0,1.0,1.0,2.0,10.0,0.0,0.0,1.0,5.0,0.0,0.0,3.0,0.0,1.0,1.0,1.0,0.0,0.0,0.0,1.0,0.0,0.0,2.0,0.0,0.0,0.0,0.0,0.0,1.0,0.0,2.0,0.0,0.0,1.0,0.0,0.0,0.0,0.0,2.0,0.0,2.0,3.0,6.0,0.0,3.0,2.0,3.0,4.0,0.0,2.0,1.0,1.0,1.0,2.0,1.0,0.0,3.0,3.0,5.0,5.0,10.0,8.0,4.0,1.0,0.0,1.0,1.0,2.0,2.0,5.0,5.0,0.0,3.0,1.0,1.0,1.0,0.0,2.0,1.0,0.0,3.0,0.0
61,221,0.0,0.0,0.0,0.0,0.0,0.0,0.0,0.0,0.0,0.0,0.0,0.0,0.0,0.0,0.0,0.0,0.0,0.0,0.0,0.0,0.0,0.0,0.0,0.0,0.0,0.0,0.0,0.0,0.0,0.0,0.0,0.0,0.0,0.0,0.0,0.0,0.0,0.0,0.0,0.0,0.0,0.0,0.0,0.0,0.0,0.0,0.0,0.0,0.0,0.0,0.0,0.0,0.0,0.0,0.0,0.0,0.0,0.0,0.0,0.0,0.0,0.0,0.0,0.0,0.0,0.0,1.0,4.0,0.0,4.0,0.0,2.0,1.0,0.0,1.0,0.0,1.0,1.0,1.0,3.0,0.0,0.0,0.0,2.0,1.0,1.0,4.0,9.0,15.0,8.0,3.0,0.0,2.0,0.0,4.0,3.0,2.0,0.0,0.0,0.0,3.0,0.0,0.0,0.0,0.0,0.0,3.0,0.0,1.0,0.0,2.0,0.0,0.0,0.0,0.0,2.0,2.0,0.0,1.0,1.0,0.0,0.0,0.0,1.0,1.0,0.0,0.0,0.0,1.0,0.0,0.0,0.0,0.0,4.0,1.0,1.0,0.0,0.0,2.0,6.0,12.0,1.0,1.0,0.0,0.0,0.0,0.0,1.0,1.0,0.0,1.0,1.0,1.0,0.0,0.0,0.0,2.0,1.0,1.0,1.0,0.0,0.0
61,222,0.0,0.0,0.0,0.0,0.0,0.0,0.0,0.0,0.0,0.0,0.0,0.0,0.0,0.0,0.0,0.0,0.0,0.0,0.0,0.0,0.0,0.0,0.0,0.0,0.0,0.0,0.0,0.0,0.0,0.0,0.0,0.0,0.0,0.0,0.0,0.0,0.0,0.0,0.0,0.0,0.0,0.0,0.0,0.0,0.0,0.0,0.0,0.0,0.0,0.0,0.0,0.0,0.0,0.0,0.0,0.0,0.0,0.0,0.0,0.0,0.0,0.0,0.0,0.0,0.0,1.0,0.0,2.0,2.0,1.0,0.0,0.0,0.0,0.0,0.0,1.0,1.0,1.0,1.0,0.0,0.0,0.0,1.0,9.0,2.0,1.0,1.0,4.0,1.0,0.0,0.0,0.0,1.0,1.0,1.0,0.0,0.0,0.0,1.0,0.0,0.0,0.0,0.0,0.0,0.0,1.0,2.0,1.0,0.0,0.0,0.0,0.0,0.0,0.0,1.0,1.0,0.0,1.0,1.0,0.0,0.0,1.0,1.0,0.0,0.0,0.0,1.0,1.0,1.0,2.0,3.0,0.0,0.0,0.0,1.0,5.0,3.0,1.0,1.0,1.0,2.0,0.0,0.0,1.0,2.0,0.0,0.0,0.0,0.0,1.0,0.0,0.0,0.0,1.0,1.0,0.0,0.0,1.0,1.0,0.0,0.0,0.0
61,223,0.0,0.0,0.0,0.0,0.0,0.0,0.0,0.0,0.0,0.0,0.0,0.0,0.0,0.0,0.0,0.0,0.0,0.0,0.0,0.0,0.0,0.0,0.0,0.0,0.0,0.0,0.0,0.0,0.0,0.0,0.0,0.0,0.0,0.0,0.0,0.0,0.0,0.0,0.0,0.0,0.0,0.0,0.0,0.0,0.0,0.0,0.0,0.0,0.0,0.0,0.0,0.0,0.0,0.0,0.0,0.0,0.0,0.0,0.0,0.0,0.0,0.0,0.0,1.0,0.0,1.0,0.0,2.0,0.0,2.0,0.0,0.0,0.0,0.0,2.0,0.0,0.0,0.0,0.0,0.0,0.0,0.0,2.0,0.0,1.0,0.0,0.0,2.0,0.0,2.0,0.0,1.0,0.0,0.0,0.0,1.0,3.0,1.0,0.0,1.0,0.0,0.0,0.0,3.0,2.0,0.0,1.0,2.0,1.0,1.0,1.0,1.0,0.0,1.0,0.0,0.0,3.0,0.0,0.0,0.0,0.0,2.0,1.0,0.0,1.0,0.0,0.0,0.0,1.0,0.0,1.0,2.0,1.0,1.0,0.0,0.0,0.0,0.0,1.0,2.0,2.0,1.0,1.0,0.0,0.0,2.0,2.0,0.0,0.0,1.0,0.0,2.0,1.0,0.0,0.0,2.0,0.0,1.0,1.0,0.0,2.0,1.0
61,224,0.0,0.0,0.0,0.0,0.0,0.0,0.0,0.0,0.0,0.0,0.0,0.0,0.0,0.0,0.0,0.0,0.0,0.0,0.0,0.0,0.0,0.0,0.0,0.0,0.0,0.0,0.0,0.0,0.0,0.0,0.0,0.0,0.0,0.0,0.0,0.0,0.0,0.0,0.0,0.0,0.0,0.0,0.0,0.0,0.0,0.0,0.0,0.0,0.0,0.0,0.0,0.0,0.0,0.0,0.0,0.0,0.0,0.0,0.0,0.0,0.0,0.0,0.0,0.0,0.0,3.0,3.0,0.0,6.0,9.0,10.0,4.0,3.0,2.0,6.0,1.0,3.0,7.0,5.0,5.0,3.0,8.0,13.0,18.0,7.0,4.0,9.0,13.0,8.0,0.0,0.0,0.0,4.0,2.0,4.0,3.0,4.0,1.0,5.0,1.0,5.0,3.0,2.0,2.0,5.0,2.0,2.0,3.0,0.0,0.0,4.0,5.0,3.0,5.0,8.0,2.0,4.0,2.0,3.0,2.0,1.0,2.0,4.0,1.0,0.0,7.0,1.0,2.0,1.0,0.0,2.0,3.0,0.0,0.0,2.0,1.0,4.0,2.0,4.0,1.0,15.0,4.0,0.0,3.0,2.0,3.0,1.0,4.0,5.0,1.0,2.0,1.0,0.0,2.0,2.0,3.0,1.0,0.0,0.0,2.0,4.0,0.0
61,226,0.0,0.0,0.0,0.0,0.0,0.0,0.0,0.0,0.0,0.0,0.0,0.0,0.0,0.0,0.0,0.0,0.0,0.0,0.0,0.0,0.0,0.0,0.0,0.0,0.0,0.0,0.0,0.0,0.0,0.0,0.0,0.0,0.0,0.0,0.0,0.0,0.0,0.0,0.0,0.0,0.0,0.0,0.0,0.0,0.0,0.0,0.0,0.0,0.0,0.0,0.0,0.0,0.0,0.0,0.0,0.0,0.0,0.0,0.0,0.0,0.0,0.0,0.0,0.0,0.0,0.0,0.0,0.0,0.0,0.0,0.0,0.0,0.0,0.0,0.0,0.0,0.0,0.0,1.0,3.0,3.0,5.0,2.0,2.0,8.0,0.0,2.0,6.0,4.0,0.0,0.0,10.0,4.0,3.0,2.0,3.0,1.0,3.0,2.0,3.0,5.0,6.0,2.0,3.0,6.0,0.0,7.0,6.0,7.0,1.0,6.0,6.0,2.0,3.0,3.0,1.0,5.0,2.0,3.0,2.0,2.0,6.0,4.0,3.0,2.0,4.0,3.0,6.0,9.0,8.0,6.0,4.0,4.0,5.0,3.0,10.0,8.0,7.0,15.0,12.0,1.0,0.0,4.0,2.0,8.0,8.0,6.0,3.0,7.0,6.0,9.0,5.0,6.0,5.0,6.0,3.0,3.0,4.0,8.0,14.0,16.0,1.0
61,230,0.0,0.0,0.0,0.0,0.0,0.0,0.0,0.0,0.0,0.0,0.0,0.0,0.0,0.0,0.0,0.0,0.0,0.0,0.0,0.0,0.0,0.0,0.0,0.0,0.0,0.0,0.0,0.0,0.0,0.0,0.0,0.0,0.0,0.0,0.0,0.0,0.0,0.0,0.0,0.0,0.0,0.0,0.0,0.0,0.0,0.0,0.0,0.0,0.0,0.0,0.0,0.0,0.0,0.0,0.0,0.0,0.0,0.0,0.0,0.0,0.0,0.0,0.0,0.0,0.0,0.0,0.0,0.0,0.0,0.0,0.0,0.0,0.0,0.0,0.0,0.0,0.0,0.0,0.0,0.0,0.0,0.0,0.0,0.0,0.0,0.0,0.0,1.0,2.0,2.0,2.0,1.0,0.0,1.0,0.0,0.0,0.0,1.0,1.0,1.0,1.0,1.0,1.0,0.0,1.0,0.0,1.0,2.0,0.0,0.0,0.0,0.0,0.0,2.0,0.0,0.0,0.0,2.0,0.0,3.0,0.0,0.0,2.0,1.0,1.0,0.0,0.0,1.0,0.0,0.0,0.0,0.0,1.0,1.0,0.0,0.0,1.0,2.0,1.0,1.0,2.0,2.0,2.0,2.0,0.0,1.0,0.0,1.0,0.0,1.0,0.0,1.0,0.0,0.0,0.0,0.0,0.0,0.0,0.0,0.0,2.0,0.0
61,231,0.0,0.0,0.0,0.0,0.0,0.0,0.0,0.0,0.0,0.0,0.0,0.0,0.0,0.0,0.0,0.0,0.0,0.0,0.0,0.0,0.0,0.0,0.0,0.0,0.0,0.0,0.0,0.0,0.0,0.0,0.0,0.0,0.0,0.0,0.0,0.0,0.0,0.0,0.0,0.0,0.0,0.0,0.0,0.0,0.0,0.0,0.0,0.0,0.0,0.0,0.0,0.0,0.0,0.0,0.0,0.0,0.0,0.0,0.0,0.0,0.0,0.0,0.0,0.0,0.0,0.0,0.0,0.0,0.0,0.0,0.0,0.0,0.0,0.0,0.0,0.0,0.0,0.0,0.0,0.0,0.0,0.0,0.0,0.0,0.0,0.0,0.0,0.0,4.0,6.0,1.0,0.0,1.0,1.0,0.0,3.0,3.0,0.0,0.0,1.0,0.0,2.0,0.0,1.0,1.0,0.0,0.0,0.0,8.0,0.0,0.0,1.0,0.0,1.0,1.0,0.0,0.0,0.0,1.0,2.0,0.0,1.0,0.0,0.0,0.0,0.0,0.0,0.0,3.0,0.0,0.0,1.0,0.0,0.0,0.0,0.0,1.0,1.0,2.0,1.0,3.0,3.0,0.0,0.0,0.0,3.0,3.0,0.0,1.0,0.0,1.0,1.0,0.0,0.0,1.0,1.0,0.0,0.0,1.0,3.0,1.0,1.0
61,232,0.0,0.0,0.0,0.0,0.0,0.0,0.0,0.0,0.0,0.0,0.0,0.0,0.0,0.0,0.0,0.0,0.0,0.0,0.0,0.0,0.0,0.0,0.0,0.0,0.0,0.0,0.0,0.0,0.0,0.0,0.0,0.0,0.0,0.0,0.0,0.0,0.0,0.0,0.0,0.0,0.0,0.0,0.0,0.0,0.0,0.0,0.0,0.0,0.0,0.0,0.0,0.0,0.0,0.0,0.0,0.0,0.0,0.0,0.0,0.0,0.0,0.0,0.0,0.0,0.0,0.0,0.0,0.0,0.0,0.0,0.0,0.0,0.0,0.0,0.0,0.0,0.0,0.0,0.0,0.0,0.0,0.0,0.0,0.0,0.0,0.0,0.0,0.0,0.0,0.0,0.0,0.0,1.0,2.0,1.0,3.0,0.0,1.0,0.0,2.0,0.0,0.0,1.0,0.0,0.0,0.0,0.0,0.0,1.0,2.0,0.0,0.0,1.0,1.0,0.0,1.0,2.0,3.0,1.0,0.0,0.0,1.0,0.0,1.0,0.0,1.0,1.0,2.0,0.0,2.0,0.0,0.0,1.0,1.0,0.0,0.0,0.0,2.0,1.0,5.0,3.0,1.0,2.0,0.0,2.0,0.0,0.0,1.0,1.0,1.0,0.0,1.0,2.0,1.0,1.0,0.0,1.0,0.0,0.0,3.0,3.0,2.0
61,233,0.0,0.0,0.0,0.0,0.0,0.0,0.0,0.0,0.0,0.0,0.0,0.0,0.0,0.0,0.0,0.0,0.0,0.0,0.0,0.0,0.0,0.0,0.0,0.0,0.0,0.0,0.0,0.0,0.0,0.0,0.0,0.0,0.0,0.0,0.0,0.0,0.0,0.0,0.0,0.0,0.0,1.0,2.0,5.0,2.0,2.0,2.0,1.0,1.0,0.0,0.0,0.0,0.0,0.0,0.0,0.0,2.0,3.0,2.0,2.0,1.0,2.0,2.0,1.0,2.0,2.0,1.0,1.0,1.0,1.0,1.0,0.0,1.0,0.0,1.0,1.0,2.0,1.0,0.0,0.0,2.0,1.0,1.0,12.0,7.0,3.0,2.0,2.0,2.0,0.0,0.0,0.0,1.0,0.0,0.0,1.0,0.0,1.0,1.0,0.0,0.0,1.0,0.0,1.0,1.0,0.0,0.0,2.0,2.0,0.0,1.0,2.0,0.0,1.0,0.0,0.0,1.0,1.0,1.0,1.0,1.0,0.0,0.0,1.0,2.0,2.0,0.0,1.0,0.0,2.0,2.0,0.0,1.0,2.0,0.0,5.0,4.0,1.0,7.0,1.0,0.0,0.0,0.0,2.0,0.0,1.0,1.0,1.0,1.0,0.0,4.0,0.0,0.0,0.0,0.0,0.0,1.0,0.0,1.0,0.0,0.0,1.0
61,234,0.0,0.0,0.0,0.0,0.0,0.0,0.0,0.0,0.0,0.0,0.0,0.0,0.0,0.0,0.0,0.0,0.0,0.0,0.0,0.0,0.0,0.0,0.0,0.0,0.0,0.0,0.0,0.0,0.0,0.0,0.0,0.0,0.0,0.0,0.0,0.0,0.0,0.0,0.0,0.0,0.0,0.0,0.0,0.0,0.0,0.0,0.0,0.0,0.0,0.0,0.0,0.0,0.0,0.0,0.0,0.0,0.0,0.0,0.0,0.0,0.0,0.0,0.0,5.0,2.0,7.0,0.0,2.0,2.0,1.0,0.0,0.0,0.0,1.0,2.0,2.0,4.0,3.0,1.0,0.0,0.0,4.0,1.0,2.0,3.0,1.0,6.0,5.0,0.0,1.0,0.0,1.0,1.0,0.0,1.0,0.0,1.0,2.0,1.0,0.0,1.0,0.0,4.0,0.0,0.0,1.0,0.0,4.0,2.0,0.0,0.0,0.0,1.0,1.0,0.0,2.0,3.0,1.0,0.0,0.0,1.0,0.0,1.0,1.0,1.0,0.0,1.0,0.0,3.0,1.0,4.0,2.0,1.0,2.0,1.0,8.0,1.0,2.0,6.0,0.0,0.0,1.0,0.0,0.0,0.0,0.0,1.0,1.0,1.0,0.0,0.0,0.0,0.0,0.0,0.0,0.0,0.0,0.0,0.0,3.0,2.0,0.0
61,238,0.0,0.0,0.0,2.0,1.0,2.0,0.0,1.0,0.0,4.0,4.0,0.0,0.0,0.0,0.0,0.0,1.0,1.0,0.0,1.0,1.0,2.0,0.0,0.0,0.0,0.0,0.0,0.0,0.0,0.0,0.0,0.0,0.0,4.0,1.0,7.0,1.0,5.0,4.0,8.0,2.0,1.0,2.0,0.0,0.0,1.0,1.0,3.0,0.0,1.0,0.0,0.0,4.0,1.0,5.0,3.0,4.0,0.0,1.0,1.0,1.0,2.0,0.0,1.0,2.0,2.0,2.0,3.0,8.0,5.0,2.0,3.0,1.0,1.0,0.0,0.0,1.0,1.0,1.0,1.0,1.0,1.0,1.0,2.0,5.0,1.0,1.0,2.0,3.0,1.0,1.0,0.0,3.0,1.0,0.0,0.0,0.0,1.0,0.0,1.0,2.0,0.0,0.0,4.0,1.0,1.0,0.0,2.0,2.0,1.0,1.0,2.0,2.0,0.0,1.0,1.0,2.0,0.0,0.0,1.0,0.0,0.0,0.0,1.0,1.0,0.0,0.0,1.0,2.0,0.0,2.0,1.0,1.0,0.0,0.0,5.0,1.0,1.0,5.0,1.0,1.0,1.0,1.0,2.0,1.0,3.0,0.0,2.0,1.0,2.0,0.0,2.0,0.0,2.0,0.0,0.0,0.0,1.0,1.0,2.0,2.0,0.0
61,239,0.0,0.0,0.0,0.0,0.0,0.0,0.0,0.0,0.0,0.0,0.0,0.0,0.0,0.0,0.0,0.0,0.0,0.0,0.0,0.0,0.0,0.0,0.0,0.0,0.0,0.0,0.0,0.0,0.0,0.0,0.0,0.0,0.0,0.0,0.0,0.0,0.0,0.0,0.0,0.0,0.0,0.0,0.0,0.0,0.0,0.0,0.0,0.0,0.0,0.0,0.0,0.0,0.0,0.0,0.0,0.0,0.0,0.0,0.0,3.0,1.0,3.0,0.0,0.0,3.0,0.0,2.0,1.0,1.0,1.0,1.0,0.0,0.0,1.0,1.0,0.0,4.0,4.0,0.0,0.0,0.0,0.0,3.0,7.0,2.0,0.0,3.0,1.0,2.0,1.0,1.0,0.0,0.0,0.0,0.0,1.0,1.0,0.0,1.0,0.0,0.0,2.0,0.0,1.0,1.0,0.0,4.0,5.0,1.0,0.0,1.0,0.0,1.0,1.0,0.0,1.0,0.0,1.0,1.0,0.0,0.0,2.0,2.0,1.0,1.0,2.0,1.0,2.0,4.0,2.0,3.0,0.0,2.0,1.0,0.0,8.0,5.0,0.0,1.0,2.0,0.0,1.0,0.0,0.0,2.0,0.0,0.0,0.0,1.0,0.0,0.0,0.0,0.0,0.0,0.0,0.0,0.0,0.0,3.0,1.0,0.0,1.0
61,241,0.0,0.0,0.0,0.0,0.0,0.0,0.0,0.0,0.0,0.0,0.0,0.0,0.0,0.0,0.0,0.0,0.0,0.0,0.0,0.0,0.0,0.0,0.0,0.0,0.0,0.0,2.0,0.0,2.0,3.0,2.0,0.0,0.0,0.0,0.0,0.0,0.0,0.0,0.0,2.0,0.0,1.0,0.0,1.0,0.0,1.0,1.0,1.0,0.0,2.0,0.0,1.0,0.0,0.0,1.0,2.0,0.0,0.0,5.0,0.0,0.0,0.0,1.0,1.0,2.0,1.0,0.0,1.0,1.0,1.0,0.0,1.0,1.0,0.0,1.0,0.0,0.0,1.0,1.0,0.0,0.0,0.0,1.0,12.0,4.0,2.0,2.0,15.0,8.0,0.0,1.0,1.0,0.0,0.0,0.0,0.0,0.0,0.0,0.0,1.0,0.0,0.0,0.0,1.0,4.0,0.0,2.0,0.0,0.0,1.0,0.0,3.0,0.0,0.0,0.0,0.0,1.0,1.0,0.0,2.0,0.0,1.0,1.0,2.0,0.0,0.0,1.0,1.0,0.0,0.0,3.0,1.0,0.0,2.0,0.0,4.0,0.0,1.0,4.0,3.0,17.0,6.0,2.0,1.0,1.0,1.0,0.0,0.0,1.0,1.0,2.0,0.0,1.0,0.0,2.0,1.0,1.0,1.0,3.0,2.0,1.0,1.0
61,242,0.0,0.0,0.0,0.0,0.0,0.0,0.0,0.0,0.0,0.0,0.0,0.0,0.0,0.0,0.0,0.0,0.0,0.0,0.0,0.0,0.0,0.0,0.0,0.0,0.0,0.0,0.0,0.0,0.0,0.0,0.0,0.0,0.0,0.0,0.0,0.0,0.0,0.0,0.0,0.0,0.0,0.0,0.0,0.0,0.0,0.0,0.0,0.0,0.0,0.0,0.0,0.0,0.0,0.0,0.0,0.0,0.0,0.0,0.0,0.0,0.0,0.0,0.0,0.0,0.0,0.0,0.0,0.0,0.0,0.0,0.0,0.0,0.0,0.0,0.0,0.0,0.0,0.0,4.0,0.0,0.0,3.0,1.0,12.0,8.0,6.0,7.0,0.0,1.0,0.0,1.0,0.0,0.0,0.0,0.0,1.0,0.0,0.0,0.0,1.0,0.0,1.0,2.0,2.0,0.0,0.0,1.0,1.0,2.0,1.0,1.0,0.0,0.0,0.0,1.0,0.0,1.0,0.0,1.0,1.0,0.0,1.0,0.0,1.0,4.0,1.0,1.0,0.0,0.0,0.0,1.0,0.0,1.0,0.0,2.0,6.0,3.0,0.0,0.0,1.0,0.0,0.0,0.0,0.0,0.0,0.0,2.0,0.0,1.0,0.0,0.0,2.0,0.0,2.0,2.0,1.0,0.0,0.0,2.0,1.0,3.0,1.0
61,244,0.0,0.0,0.0,1.0,0.0,0.0,0.0,3.0,2.0,9.0,0.0,0.0,0.0,2.0,0.0,0.0,1.0,0.0,0.0,0.0,0.0,0.0,0.0,0.0,1.0,1.0,0.0,1.0,2.0,0.0,1.0,1.0,1.0,1.0,3.0,1.0,2.0,0.0,0.0,3.0,5.0,0.0,0.0,0.0,0.0,1.0,2.0,0.0,0.0,0.0,0.0,0.0,1.0,1.0,2.0,2.0,6.0,2.0,1.0,0.0,0.0,9.0,1.0,0.0,2.0,1.0,1.0,0.0,1.0,2.0,2.0,3.0,0.0,0.0,0.0,1.0,2.0,0.0,2.0,1.0,1.0,1.0,0.0,0.0,1.0,1.0,5.0,2.0,5.0,1.0,1.0,1.0,1.0,0.0,1.0,1.0,0.0,0.0,0.0,0.0,1.0,1.0,1.0,0.0,0.0,1.0,2.0,1.0,2.0,0.0,1.0,0.0,0.0,3.0,0.0,1.0,1.0,0.0,1.0,0.0,2.0,1.0,0.0,1.0,0.0,1.0,1.0,0.0,1.0,0.0,0.0,0.0,1.0,2.0,2.0,1.0,0.0,3.0,1.0,0.0,3.0,1.0,1.0,0.0,0.0,1.0,1.0,0.0,1.0,1.0,0.0,0.0,0.0,1.0,0.0,0.0,0.0,0.0,0.0,0.0,0.0,0.0
61,245,1.0,1.0,0.0,2.0,1.0,3.0,2.0,1.0,3.0,7.0,2.0,1.0,1.0,3.0,4.0,0.0,2.0,0.0,0.0,0.0,1.0,2.0,1.0,1.0,3.0,1.0,2.0,0.0,0.0,3.0,2.0,1.0,2.0,2.0,0.0,0.0,0.0,0.0,0.0,1.0,1.0,2.0,1.0,1.0,0.0,0.0,1.0,1.0,0.0,0.0,0.0,0.0,1.0,0.0,1.0,0.0,1.0,0.0,0.0,1.0,0.0,8.0,0.0,0.0,1.0,0.0,0.0,0.0,1.0,6.0,1.0,0.0,0.0,1.0,0.0,1.0,1.0,1.0,0.0,2.0,0.0,0.0,2.0,2.0,5.0,1.0,1.0,6.0,5.0,0.0,2.0,0.0,0.0,3.0,1.0,0.0,0.0,0.0,1.0,0.0,1.0,1.0,0.0,1.0,2.0,0.0,1.0,0.0,0.0,1.0,1.0,0.0,3.0,1.0,0.0,3.0,0.0,0.0,1.0,0.0,0.0,1.0,1.0,1.0,1.0,0.0,1.0,0.0,0.0,0.0,0.0,0.0,1.0,1.0,1.0,2.0,0.0,0.0,2.0,3.0,8.0,0.0,0.0,0.0,2.0,0.0,0.0,0.0,0.0,1.0,0.0,1.0,0.0,1.0,0.0,0.0,2.0,1.0,0.0,0.0,0.0,1.0
61,246,1.0,0.0,0.0,2.0,1.0,0.0,2.0,1.0,0.0,8.0,2.0,0.0,1.0,1.0,0.0,0.0,2.0,0.0,1.0,1.0,1.0,1.0,0.0,1.0,2.0,2.0,1.0,1.0,0.0,1.0,0.0,2.0,0.0,1.0,0.0,7.0,2.0,0.0,0.0,0.0,1.0,0.0,0.0,0.0,0.0,1.0,0.0,2.0,1.0,0.0,0.0,2.0,0.0,0.0,0.0,0.0,2.0,0.0,0.0,0.0,0.0,4.0,1.0,0.0,0.0,0.0,0.0,1.0,0.0,0.0,0.0,2.0,1.0,0.0,0.0,1.0,2.0,0.0,0.0,2.0,0.0,1.0,0.0,1.0,2.0,0.0,2.0,2.0,10.0,0.0,3.0,1.0,0.0,2.0,0.0,0.0,0.0,3.0,1.0,2.0,0.0,3.0,0.0,1.0,1.0,2.0,2.0,0.0,1.0,0.0,0.0,0.0,0.0,1.0,0.0,0.0,1.0,0.0,1.0,2.0,2.0,0.0,1.0,2.0,1.0,0.0,2.0,0.0,0.0,0.0,0.0,0.0,1.0,1.0,1.0,0.0,0.0,0.0,0.0,2.0,4.0,4.0,0.0,1.0,0.0,0.0,0.0,0.0,1.0,1.0,1.0,0.0,0.0,1.0,0.0,0.0,1.0,1.0,1.0,0.0,1.0,0.0
61,247,0.0,2.0,1.0,2.0,0.0,1.0,1.0,1.0,2.0,1.0,1.0,2.0,0.0,1.0,0.0,0.0,0.0,1.0,0.0,0.0,1.0,0.0,0.0,0.0,2.0,0.0,1.0,0.0,0.0,1.0,0.0,0.0,1.0,1.0,1.0,2.0,3.0,0.0,0.0,1.0,2.0,1.0,1.0,0.0,0.0,2.0,0.0,1.0,0.0,1.0,0.0,2.0,3.0,0.0,1.0,0.0,2.0,0.0,0.0,1.0,0.0,4.0,1.0,0.0,2.0,3.0,1.0,0.0,1.0,0.0,0.0,1.0,0.0,0.0,0.0,0.0,1.0,0.0,0.0,1.0,4.0,1.0,1.0,1.0,3.0,3.0,1.0,2.0,11.0,2.0,1.0,0.0,1.0,1.0,0.0,0.0,2.0,2.0,0.0,1.0,1.0,2.0,3.0,1.0,3.0,2.0,0.0,1.0,1.0,0.0,0.0,1.0,1.0,2.0,2.0,2.0,1.0,0.0,0.0,2.0,0.0,1.0,1.0,0.0,0.0,1.0,1.0,0.0,0.0,0.0,0.0,1.0,0.0,1.0,1.0,4.0,0.0,1.0,3.0,2.0,2.0,2.0,0.0,0.0,0.0,0.0,1.0,0.0,0.0,1.0,0.0,0.0,0.0,2.0,1.0,0.0,0.0,1.0,1.0,1.0,1.0,1.0
61,248,1.0,1.0,0.0,1.0,1.0,1.0,0.0,1.0,0.0,2.0,2.0,1.0,0.0,0.0,0.0,1.0,0.0,0.0,0.0,0.0,1.0,0.0,0.0,1.0,1.0,0.0,1.0,0.0,0.0,1.0,1.0,0.0,0.0,0.0,2.0,1.0,1.0,0.0,0.0,0.0,1.0,4.0,1.0,0.0,0.0,0.0,0.0,0.0,2.0,0.0,0.0,2.0,1.0,1.0,1.0,0.0,1.0,0.0,0.0,0.0,0.0,0.0,3.0,1.0,1.0,1.0,0.0,0.0,0.0,4.0,1.0,0.0,1.0,1.0,0.0,0.0,2.0,1.0,2.0,2.0,1.0,2.0,0.0,0.0,1.0,2.0,2.0,0.0,9.0,0.0,5.0,0.0,0.0,3.0,2.0,0.0,1.0,1.0,0.0,1.0,0.0,2.0,0.0,0.0,1.0,0.0,0.0,1.0,0.0,0.0,1.0,0.0,0.0,4.0,1.0,1.0,2.0,1.0,0.0,1.0,0.0,0.0,1.0,0.0,0.0,0.0,0.0,0.0,0.0,1.0,0.0,0.0,1.0,2.0,1.0,0.0,1.0,0.0,2.0,1.0,6.0,2.0,0.0,1.0,0.0,0.0,0.0,0.0,1.0,2.0,3.0,0.0,0.0,0.0,0.0,1.0,0.0,0.0,1.0,0.0,0.0,0.0
61,249,1.0,1.0,1.0,0.0,0.0,0.0,0.0,0.0,0.0,0.0,0.0,0.0,0.0,0.0,0.0,0.0,0.0,0.0,0.0,0.0,0.0,0.0,1.0,1.0,2.0,0.0,0.0,3.0,0.0,1.0,1.0,1.0,0.0,1.0,2.0,0.0,0.0,0.0,0.0,0.0,0.0,2.0,2.0,1.0,0.0,0.0,1.0,1.0,1.0,1.0,0.0,1.0,1.0,1.0,0.0,1.0,1.0,1.0,0.0,0.0,0.0,3.0,3.0,1.0,2.0,2.0,1.0,0.0,0.0,2.0,1.0,1.0,0.0,0.0,0.0,0.0,0.0,2.0,2.0,0.0,2.0,2.0,0.0,3.0,2.0,4.0,1.0,1.0,4.0,4.0,1.0,0.0,1.0,0.0,0.0,0.0,0.0,4.0,0.0,1.0,0.0,1.0,0.0,1.0,1.0,0.0,1.0,0.0,0.0,0.0,0.0,0.0,1.0,0.0,0.0,1.0,0.0,1.0,0.0,1.0,1.0,1.0,1.0,1.0,1.0,0.0,1.0,1.0,0.0,0.0,0.0,1.0,0.0,0.0,0.0,2.0,0.0,0.0,0.0,1.0,1.0,1.0,0.0,2.0,0.0,0.0,0.0,0.0,1.0,2.0,0.0,0.0,0.0,0.0,2.0,1.0,2.0,1.0,0.0,1.0,0.0,1.0
61,251,0.0,0.0,0.0,0.0,0.0,0.0,0.0,0.0,0.0,0.0,0.0,0.0,0.0,0.0,0.0,0.0,0.0,0.0,0.0,4.0,0.0,0.0,1.0,2.0,0.0,0.0,1.0,0.0,1.0,1.0,0.0,0.0,0.0,0.0,0.0,0.0,0.0,0.0,0.0,1.0,0.0,0.0,0.0,0.0,1.0,0.0,3.0,0.0,0.0,0.0,0.0,0.0,0.0,1.0,0.0,1.0,0.0,1.0,0.0,0.0,0.0,0.0,0.0,0.0,0.0,0.0,0.0,0.0,3.0,1.0,4.0,5.0,3.0,2.0,0.0,0.0,1.0,0.0,0.0,0.0,3.0,1.0,0.0,3.0,1.0,1.0,2.0,1.0,0.0,0.0,1.0,0.0,0.0,1.0,0.0,2.0,2.0,0.0,1.0,1.0,0.0,0.0,0.0,1.0,1.0,0.0,3.0,3.0,0.0,0.0,1.0,1.0,0.0,0.0,1.0,1.0,1.0,0.0,2.0,0.0,3.0,5.0,1.0,1.0,0.0,0.0,1.0,0.0,0.0,0.0,0.0,0.0,0.0,0.0,2.0,1.0,0.0,0.0,2.0,1.0,1.0,1.0,0.0,0.0,0.0,0.0,1.0,0.0,0.0,1.0,1.0,0.0,0.0,0.0,1.0,0.0,0.0,0.0,1.0,0.0,0.0,0.0
61,252,0.0,0.0,0.0,0.0,0.0,0.0,2.0,0.0,0.0,0.0,2.0,0.0,2.0,0.0,1.0,2.0,3.0,2.0,0.0,1.0,3.0,0.0,0.0,0.0,1.0,0.0,0.0,0.0,0.0,0.0,5.0,0.0,0.0,1.0,0.0,2.0,0.0,1.0,1.0,3.0,0.0,1.0,2.0,0.0,0.0,0.0,1.0,2.0,0.0,2.0,2.0,0.0,1.0,2.0,1.0,0.0,1.0,0.0,2.0,1.0,0.0,5.0,0.0,0.0,0.0,1.0,3.0,1.0,4.0,3.0,2.0,1.0,1.0,1.0,0.0,0.0,0.0,2.0,1.0,2.0,2.0,3.0,1.0,5.0,1.0,0.0,0.0,2.0,0.0,1.0,2.0,2.0,0.0,1.0,0.0,2.0,0.0,0.0,0.0,0.0,1.0,0.0,1.0,0.0,1.0,0.0,0.0,1.0,0.0,1.0,1.0,0.0,1.0,3.0,1.0,0.0,0.0,1.0,1.0,0.0,1.0,4.0,2.0,0.0,1.0,0.0,0.0,0.0,1.0,0.0,0.0,1.0,0.0,1.0,0.0,5.0,2.0,0.0,2.0,4.0,3.0,1.0,0.0,0.0,0.0,0.0,0.0,0.0,0.0,1.0,0.0,0.0,0.0,0.0,3.0,0.0,0.0,0.0,0.0,0.0,0.0,0.0
61,253,0.0,0.0,0.0,0.0,0.0,0.0,2.0,2.0,0.0,2.0,0.0,1.0,3.0,2.0,1.0,0.0,3.0,1.0,0.0,1.0,0.0,1.0,0.0,4.0,0.0,0.0,0.0,2.0,0.0,1.0,3.0,1.0,0.0,2.0,1.0,2.0,2.0,2.0,1.0,0.0,0.0,0.0,0.0,1.0,0.0,3.0,1.0,1.0,1.0,1.0,1.0,2.0,2.0,0.0,0.0,0.0,0.0,2.0,1.0,4.0,1.0,4.0,0.0,0.0,0.0,0.0,1.0,0.0,0.0,2.0,1.0,1.0,1.0,0.0,1.0,0.0,2.0,1.0,1.0,2.0,0.0,0.0,5.0,1.0,4.0,0.0,0.0,0.0,5.0,2.0,0.0,0.0,0.0,2.0,0.0,2.0,0.0,2.0,1.0,0.0,0.0,1.0,0.0,2.0,0.0,0.0,1.0,0.0,2.0,2.0,1.0,0.0,0.0,3.0,0.0,0.0,4.0,1.0,1.0,2.0,0.0,1.0,1.0,2.0,0.0,0.0,4.0,0.0,1.0,1.0,0.0,0.0,1.0,1.0,0.0,2.0,2.0,1.0,0.0,2.0,3.0,0.0,1.0,0.0,1.0,0.0,1.0,0.0,1.0,0.0,0.0,1.0,0.0,1.0,0.0,0.0,0.0,1.0,0.0,0.0,0.0,1.0
61,254,0.0,1.0,0.0,0.0,0.0,1.0,1.0,1.0,2.0,4.0,0.0,1.0,0.0,0.0,0.0,1.0,1.0,0.0,0.0,1.0,2.0,1.0,3.0,1.0,1.0,0.0,0.0,0.0,0.0,0.0,4.0,6.0,0.0,1.0,2.0,1.0,3.0,1.0,2.0,0.0,3.0,0.0,0.0,0.0,2.0,0.0,0.0,0.0,0.0,0.0,1.0,0.0,0.0,2.0,0.0,1.0,0.0,3.0,0.0,1.0,1.0,4.0,3.0,0.0,0.0,0.0,1.0,1.0,4.0,0.0,1.0,0.0,0.0,1.0,2.0,0.0,0.0,2.0,0.0,0.0,2.0,0.0,0.0,2.0,3.0,2.0,1.0,2.0,1.0,0.0,0.0,2.0,1.0,1.0,0.0,1.0,2.0,0.0,0.0,0.0,0.0,1.0,1.0,1.0,0.0,1.0,0.0,0.0,1.0,0.0,0.0,1.0,1.0,1.0,1.0,1.0,0.0,1.0,0.0,0.0,2.0,5.0,0.0,2.0,2.0,1.0,1.0,0.0,0.0,1.0,1.0,0.0,1.0,0.0,1.0,0.0,2.0,0.0,0.0,2.0,3.0,3.0,2.0,0.0,0.0,0.0,1.0,2.0,0.0,0.0,0.0,1.0,0.0,0.0,1.0,2.0,0.0,0.0,0.0,0.0,1.0,0.0
61,255,1.0,2.0,1.0,1.0,0.0,0.0,2.0,0.0,3.0,3.0,0.0,0.0,2.0,0.0,1.0,2.0,5.0,0.0,0.0,0.0,1.0,3.0,2.0,2.0,3.0,0.0,0.0,0.0,0.0,1.0,4.0,9.0,1.0,2.0,1.0,4.0,5.0,1.0,1.0,1.0,1.0,0.0,0.0,0.0,1.0,1.0,0.0,0.0,1.0,0.0,0.0,0.0,0.0,3.0,3.0,0.0,0.0,3.0,2.0,1.0,0.0,5.0,0.0,0.0,0.0,0.0,0.0,2.0,0.0,1.0,3.0,2.0,1.0,0.0,0.0,1.0,0.0,1.0,0.0,0.0,0.0,0.0,2.0,12.0,0.0,0.0,1.0,2.0,3.0,2.0,0.0,0.0,0.0,0.0,1.0,0.0,0.0,2.0,1.0,1.0,0.0,0.0,0.0,3.0,0.0,2.0,1.0,2.0,0.0,0.0,0.0,0.0,0.0,0.0,0.0,0.0,0.0,2.0,2.0,0.0,1.0,6.0,3.0,5.0,4.0,1.0,0.0,0.0,3.0,0.0,1.0,1.0,0.0,1.0,0.0,0.0,2.0,0.0,0.0,0.0,4.0,2.0,0.0,0.0,2.0,1.0,0.0,1.0,1.0,2.0,0.0,1.0,0.0,2.0,1.0,0.0,0.0,0.0,1.0,4.0,2.0,5.0
61,256,1.0,1.0,0.0,0.0,0.0,0.0,0.0,1.0,0.0,0.0,1.0,2.0,2.0,0.0,1.0,4.0,4.0,0.0,0.0,1.0,0.0,1.0,0.0,0.0,0.0,2.0,0.0,0.0,0.0,0.0,3.0,1.0,0.0,1.0,1.0,1.0,4.0,3.0,0.0,0.0,0.0,0.0,0.0,0.0,1.0,0.0,1.0,1.0,0.0,0.0,0.0,1.0,5.0,0.0,0.0,1.0,1.0,0.0,2.0,3.0,0.0,4.0,1.0,1.0,0.0,0.0,1.0,3.0,1.0,3.0,4.0,2.0,2.0,0.0,0.0,0.0,1.0,0.0,2.0,1.0,1.0,0.0,1.0,5.0,0.0,0.0,2.0,3.0,1.0,0.0,0.0,0.0,1.0,0.0,0.0,0.0,1.0,0.0,0.0,4.0,4.0,1.0,1.0,0.0,0.0,0.0,0.0,0.0,0.0,0.0,1.0,0.0,0.0,1.0,0.0,0.0,4.0,0.0,3.0,0.0,3.0,1.0,3.0,2.0,2.0,1.0,1.0,0.0,1.0,0.0,1.0,0.0,0.0,0.0,1.0,3.0,2.0,2.0,0.0,1.0,3.0,0.0,0.0,0.0,0.0,1.0,0.0,3.0,1.0,1.0,0.0,0.0,2.0,1.0,0.0,0.0,0.0,0.0,1.0,2.0,1.0,3.0
61,257,1.0,1.0,0.0,0.0,1.0,0.0,2.0,0.0,0.0,5.0,0.0,0.0,0.0,1.0,1.0,2.0,2.0,0.0,2.0,0.0,3.0,0.0,2.0,0.0,0.0,0.0,1.0,1.0,0.0,0.0,4.0,3.0,3.0,2.0,0.0,3.0,9.0,1.0,0.0,1.0,1.0,1.0,0.0,2.0,0.0,0.0,0.0,1.0,1.0,0.0,0.0,1.0,1.0,0.0,4.0,1.0,1.0,1.0,0.0,1.0,1.0,3.0,2.0,0.0,0.0,2.0,0.0,4.0,0.0,3.0,2.0,2.0,5.0,0.0,0.0,0.0,1.0,0.0,1.0,0.0,0.0,1.0,2.0,2.0,5.0,0.0,1.0,1.0,5.0,2.0,1.0,1.0,0.0,0.0,1.0,1.0,2.0,0.0,1.0,2.0,0.0,0.0,2.0,0.0,0.0,0.0,0.0,2.0,0.0,0.0,0.0,1.0,1.0,2.0,1.0,1.0,0.0,0.0,0.0,1.0,2.0,2.0,4.0,2.0,1.0,0.0,0.0,1.0,0.0,1.0,0.0,1.0,2.0,1.0,0.0,5.0,4.0,1.0,3.0,3.0,3.0,1.0,0.0,0.0,0.0,1.0,0.0,0.0,1.0,1.0,0.0,1.0,1.0,2.0,3.0,0.0,0.0,1.0,2.0,2.0,0.0,0.0
61,258,0.0,1.0,0.0,1.0,0.0,0.0,1.0,0.0,1.0,3.0,1.0,0.0,0.0,0.0,1.0,2.0,0.0,1.0,5.0,1.0,0.0,0.0,0.0,0.0,1.0,1.0,0.0,0.0,0.0,1.0,1.0,3.0,0.0,1.0,0.0,1.0,7.0,1.0,0.0,0.0,0.0,0.0,1.0,1.0,1.0,1.0,0.0,0.0,0.0,0.0,1.0,4.0,3.0,0.0,0.0,0.0,0.0,4.0,0.0,0.0,0.0,3.0,0.0,0.0,0.0,0.0,1.0,0.0,2.0,4.0,10.0,4.0,4.0,2.0,1.0,0.0,0.0,0.0,0.0,0.0,1.0,1.0,1.0,6.0,0.0,0.0,1.0,2.0,3.0,0.0,0.0,2.0,0.0,4.0,0.0,1.0,1.0,0.0,0.0,0.0,0.0,1.0,1.0,1.0,0.0,0.0,1.0,1.0,0.0,0.0,0.0,2.0,4.0,2.0,2.0,1.0,1.0,0.0,0.0,0.0,3.0,3.0,2.0,1.0,1.0,0.0,0.0,0.0,0.0,0.0,0.0,0.0,1.0,0.0,1.0,7.0,4.0,1.0,1.0,0.0,6.0,2.0,1.0,0.0,1.0,0.0,0.0,1.0,0.0,0.0,0.0,3.0,2.0,0.0,1.0,0.0,0.0,0.0,0.0,1.0,0.0,1.0
61,259,1.0,1.0,0.0,0.0,0.0,0.0,0.0,0.0,0.0,5.0,0.0,0.0,0.0,1.0,0.0,0.0,0.0,0.0,2.0,0.0,2.0,0.0,0.0,0.0,0.0,0.0,0.0,1.0,0.0,0.0,2.0,1.0,1.0,1.0,4.0,0.0,3.0,0.0,3.0,1.0,0.0,0.0,0.0,1.0,0.0,0.0,0.0,1.0,1.0,0.0,0.0,0.0,1.0,0.0,1.0,1.0,1.0,0.0,1.0,1.0,1.0,5.0,0.0,1.0,0.0,0.0,2.0,0.0,2.0,1.0,1.0,1.0,0.0,0.0,0.0,0.0,0.0,1.0,0.0,1.0,0.0,0.0,0.0,1.0,3.0,0.0,3.0,2.0,4.0,4.0,0.0,0.0,0.0,1.0,0.0,0.0,0.0,0.0,0.0,0.0,0.0,2.0,1.0,1.0,0.0,0.0,1.0,1.0,1.0,0.0,0.0,1.0,1.0,0.0,0.0,1.0,0.0,0.0,0.0,1.0,1.0,2.0,0.0,3.0,1.0,1.0,2.0,0.0,1.0,0.0,0.0,3.0,2.0,2.0,0.0,3.0,1.0,0.0,0.0,1.0,1.0,2.0,0.0,2.0,0.0,0.0,0.0,0.0,1.0,1.0,0.0,0.0,1.0,0.0,0.0,2.0,1.0,0.0,1.0,1.0,0.0,0.0
61,260,0.0,2.0,0.0,1.0,0.0,1.0,0.0,1.0,0.0,3.0,0.0,0.0,1.0,1.0,0.0,2.0,2.0,2.0,0.0,1.0,2.0,0.0,0.0,1.0,0.0,0.0,0.0,0.0,0.0,0.0,2.0,1.0,1.0,0.0,1.0,0.0,0.0,0.0,0.0,1.0,0.0,0.0,1.0,0.0,0.0,0.0,1.0,0.0,1.0,1.0,0.0,0.0,0.0,0.0,0.0,0.0,1.0,0.0,0.0,2.0,1.0,1.0,0.0,1.0,0.0,0.0,0.0,0.0,4.0,1.0,0.0,1.0,0.0,0.0,0.0,0.0,0.0,0.0,1.0,3.0,1.0,0.0,1.0,2.0,2.0,1.0,2.0,3.0,1.0,1.0,2.0,0.0,1.0,0.0,1.0,1.0,0.0,1.0,1.0,1.0,0.0,2.0,1.0,2.0,0.0,0.0,1.0,0.0,1.0,0.0,0.0,0.0,0.0,3.0,0.0,0.0,0.0,1.0,0.0,1.0,1.0,2.0,0.0,1.0,1.0,0.0,1.0,2.0,0.0,1.0,0.0,0.0,0.0,0.0,0.0,3.0,0.0,0.0,2.0,2.0,2.0,0.0,0.0,0.0,0.0,2.0,0.0,0.0,0.0,1.0,2.0,1.0,0.0,0.0,0.0,1.0,0.0,0.0,0.0,0.0,1.0,1.0
61,261,2.0,0.0,1.0,1.0,1.0,2.0,1.0,0.0,3.0,1.0,4.0,0.0,0.0,0.0,1.0,0.0,2.0,0.0,0.0,2.0,1.0,0.0,0.0,1.0,0.0,0.0,0.0,0.0,0.0,0.0,3.0,6.0,1.0,1.0,4.0,1.0,3.0,2.0,0.0,1.0,1.0,1.0,0.0,0.0,0.0,1.0,0.0,1.0,0.0,0.0,0.0,1.0,1.0,1.0,1.0,2.0,0.0,0.0,0.0,0.0,1.0,1.0,0.0,0.0,1.0,1.0,0.0,0.0,1.0,2.0,4.0,0.0,1.0,1.0,0.0,0.0,1.0,0.0,0.0,0.0,0.0,1.0,0.0,4.0,1.0,1.0,3.0,1.0,2.0,0.0,0.0,2.0,0.0,0.0,1.0,0.0,1.0,0.0,0.0,0.0,0.0,0.0,0.0,1.0,0.0,1.0,1.0,1.0,0.0,0.0,1.0,2.0,3.0,2.0,0.0,2.0,1.0,2.0,0.0,0.0,2.0,2.0,0.0,1.0,1.0,0.0,0.0,0.0,1.0,0.0,0.0,1.0,1.0,0.0,0.0,3.0,3.0,1.0,0.0,2.0,3.0,3.0,1.0,0.0,0.0,0.0,0.0,1.0,0.0,0.0,0.0,0.0,0.0,1.0,2.0,0.0,1.0,2.0,0.0,0.0,1.0,0.0
61,262,0.0,0.0,2.0,1.0,3.0,0.0,0.0,2.0,0.0,7.0,20.0,0.0,0.0,5.0,0.0,0.0,2.0,0.0,0.0,2.0,1.0,0.0,0.0,0.0,0.0,2.0,2.0,0.0,0.0,2.0,7.0,11.0,0.0,0.0,0.0,5.0,4.0,2.0,2.0,0.0,2.0,1.0,0.0,1.0,1.0,0.0,0.0,0.0,1.0,0.0,0.0,0.0,0.0,3.0,0.0,0.0,2.0,4.0,1.0,2.0,0.0,2.0,1.0,0.0,0.0,1.0,1.0,0.0,1.0,0.0,3.0,1.0,2.0,1.0,1.0,1.0,1.0,0.0,0.0,0.0,0.0,0.0,1.0,12.0,5.0,2.0,0.0,3.0,6.0,1.0,2.0,1.0,0.0,0.0,0.0,1.0,1.0,0.0,2.0,1.0,1.0,3.0,1.0,1.0,1.0,0.0,1.0,0.0,1.0,1.0,0.0,0.0,2.0,11.0,2.0,0.0,1.0,0.0,0.0,3.0,3.0,1.0,1.0,5.0,2.0,0.0,0.0,1.0,0.0,0.0,3.0,2.0,0.0,0.0,0.0,5.0,2.0,2.0,7.0,4.0,3.0,2.0,1.0,3.0,0.0,2.0,0.0,5.0,0.0,0.0,0.0,0.0,1.0,3.0,2.0,0.0,0.0,0.0,0.0,0.0,1.0,1.0
61,263,4.0,0.0,0.0,0.0,1.0,1.0,1.0,0.0,0.0,5.0,17.0,1.0,0.0,0.0,0.0,1.0,2.0,1.0,0.0,0.0,0.0,1.0,0.0,0.0,2.0,0.0,0.0,0.0,0.0,0.0,1.0,2.0,0.0,0.0,1.0,1.0,2.0,0.0,1.0,0.0,0.0,2.0,0.0,1.0,4.0,2.0,0.0,0.0,0.0,0.0,1.0,3.0,2.0,0.0,1.0,1.0,0.0,0.0,0.0,0.0,0.0,3.0,1.0,0.0,0.0,1.0,0.0,0.0,2.0,0.0,1.0,0.0,2.0,0.0,0.0,0.0,0.0,1.0,1.0,0.0,0.0,1.0,0.0,3.0,2.0,1.0,0.0,0.0,4.0,1.0,1.0,0.0,1.0,0.0,1.0,1.0,0.0,1.0,0.0,0.0,1.0,0.0,0.0,1.0,0.0,0.0,0.0,0.0,2.0,1.0,0.0,0.0,1.0,2.0,0.0,1.0,0.0,0.0,1.0,0.0,0.0,7.0,1.0,0.0,0.0,0.0,2.0,1.0,1.0,1.0,0.0,1.0,0.0,0.0,2.0,3.0,5.0,0.0,0.0,2.0,0.0,0.0,0.0,0.0,0.0,0.0,0.0,2.0,0.0,2.0,1.0,0.0,0.0,0.0,1.0,1.0,2.0,0.0,0.0,0.0,0.0,1.0
61,264,0.0,0.0,1.0,1.0,0.0,1.0,0.0,2.0,1.0,1.0,29.0,2.0,0.0,0.0,0.0,1.0,1.0,0.0,4.0,0.0,0.0,2.0,1.0,0.0,0.0,2.0,1.0,1.0,1.0,0.0,10.0,3.0,0.0,2.0,0.0,1.0,1.0,0.0,0.0,0.0,2.0,0.0,0.0,2.0,1.0,2.0,0.0,0.0,1.0,0.0,3.0,0.0,0.0,2.0,0.0,2.0,1.0,0.0,0.0,0.0,3.0,6.0,1.0,0.0,2.0,0.0,0.0,2.0,1.0,1.0,2.0,1.0,0.0,1.0,0.0,1.0,0.0,1.0,2.0,5.0,0.0,0.0,0.0,8.0,2.0,1.0,3.0,1.0,5.0,0.0,0.0,0.0,0.0,0.0,1.0,1.0,0.0,0.0,0.0,0.0,0.0,0.0,0.0,0.0,1.0,1.0,0.0,0.0,0.0,1.0,1.0,1.0,2.0,3.0,0.0,1.0,0.0,1.0,0.0,0.0,2.0,0.0,2.0,0.0,0.0,0.0,0.0,1.0,1.0,0.0,0.0,1.0,1.0,0.0,1.0,5.0,5.0,0.0,1.0,3.0,2.0,1.0,0.0,0.0,1.0,1.0,2.0,0.0,0.0,0.0,2.0,0.0,1.0,3.0,0.0,0.0,0.0,0.0,2.0,0.0,0.0,0.0
61,265,0.0,2.0,0.0,0.0,2.0,1.0,1.0,2.0,2.0,7.0,19.0,0.0,3.0,1.0,0.0,1.0,4.0,3.0,2.0,1.0,5.0,1.0,1.0,1.0,1.0,1.0,4.0,0.0,0.0,0.0,5.0,8.0,0.0,0.0,2.0,2.0,5.0,3.0,1.0,1.0,0.0,0.0,0.0,0.0,1.0,0.0,1.0,3.0,2.0,0.0,3.0,1.0,4.0,0.0,1.0,2.0,1.0,4.0,0.0,6.0,2.0,4.0,1.0,1.0,0.0,1.0,0.0,0.0,4.0,10.0,8.0,2.0,1.0,0.0,0.0,1.0,2.0,1.0,0.0,3.0,1.0,1.0,0.0,9.0,0.0,2.0,1.0,3.0,3.0,1.0,2.0,1.0,1.0,0.0,0.0,0.0,3.0,1.0,2.0,2.0,2.0,1.0,1.0,2.0,1.0,1.0,1.0,1.0,0.0,0.0,1.0,0.0,0.0,3.0,0.0,0.0,0.0,0.0,2.0,2.0,3.0,2.0,5.0,4.0,3.0,0.0,1.0,2.0,4.0,0.0,2.0,0.0,0.0,0.0,1.0,9.0,3.0,1.0,3.0,0.0,1.0,6.0,0.0,0.0,2.0,3.0,0.0,2.0,1.0,0.0,1.0,0.0,1.0,0.0,3.0,1.0,0.0,0.0,0.0,0.0,3.0,2.0
61,266,0.0,0.0,0.0,0.0,1.0,1.0,0.0,2.0,0.0,6.0,14.0,0.0,1.0,6.0,1.0,0.0,3.0,0.0,2.0,1.0,8.0,2.0,0.0,0.0,1.0,1.0,3.0,0.0,0.0,0.0,6.0,5.0,0.0,0.0,2.0,2.0,3.0,1.0,0.0,3.0,0.0,1.0,1.0,1.0,1.0,2.0,0.0,0.0,1.0,1.0,0.0,0.0,1.0,1.0,0.0,0.0,1.0,0.0,0.0,0.0,2.0,2.0,1.0,1.0,0.0,0.0,2.0,3.0,4.0,2.0,2.0,2.0,3.0,2.0,1.0,1.0,1.0,1.0,0.0,0.0,0.0,1.0,0.0,5.0,6.0,0.0,3.0,4.0,8.0,1.0,1.0,0.0,2.0,2.0,1.0,0.0,0.0,0.0,0.0,0.0,0.0,0.0,0.0,0.0,0.0,1.0,0.0,0.0,0.0,0.0,1.0,2.0,2.0,3.0,0.0,2.0,0.0,1.0,0.0,3.0,2.0,2.0,8.0,2.0,2.0,3.0,0.0,1.0,2.0,0.0,0.0,1.0,1.0,0.0,0.0,6.0,1.0,0.0,0.0,4.0,3.0,2.0,0.0,2.0,2.0,0.0,2.0,0.0,3.0,0.0,0.0,0.0,2.0,5.0,0.0,0.0,0.0,0.0,1.0,2.0,1.0,0.0
61,267,0.0,0.0,0.0,0.0,0.0,1.0,0.0,1.0,0.0,0.0,0.0,2.0,0.0,0.0,0.0,1.0,0.0,0.0,0.0,1.0,0.0,1.0,2.0,0.0,0.0,1.0,2.0,0.0,0.0,1.0,2.0,1.0,0.0,0.0,2.0,0.0,2.0,0.0,0.0,0.0,0.0,0.0,0.0,0.0,1.0,0.0,1.0,0.0,1.0,0.0,0.0,0.0,0.0,0.0,0.0,2.0,0.0,2.0,0.0,1.0,1.0,0.0,2.0,0.0,3.0,1.0,5.0,1.0,0.0,3.0,0.0,0.0,0.0,1.0,1.0,1.0,1.0,1.0,1.0,0.0,0.0,1.0,0.0,1.0,2.0,0.0,2.0,2.0,4.0,1.0,1.0,0.0,0.0,1.0,1.0,2.0,2.0,1.0,0.0,1.0,2.0,0.0,1.0,1.0,2.0,2.0,0.0,1.0,0.0,1.0,1.0,1.0,0.0,1.0,0.0,1.0,0.0,0.0,0.0,0.0,2.0,3.0,3.0,0.0,1.0,2.0,1.0,0.0,0.0,0.0,0.0,1.0,0.0,0.0,1.0,2.0,1.0,1.0,0.0,2.0,4.0,3.0,0.0,1.0,0.0,1.0,1.0,0.0,0.0,0.0,1.0,0.0,0.0,1.0,0.0,0.0,2.0,0.0,0.0,1.0,0.0,1.0
61,268,0.0,1.0,1.0,0.0,0.0,0.0,1.0,2.0,0.0,0.0,2.0,1.0,0.0,0.0,0.0,1.0,2.0,0.0,1.0,1.0,0.0,0.0,1.0,0.0,0.0,0.0,1.0,1.0,3.0,0.0,3.0,0.0,0.0,0.0,1.0,3.0,3.0,0.0,1.0,0.0,0.0,1.0,0.0,0.0,1.0,1.0,0.0,0.0,1.0,0.0,1.0,0.0,1.0,2.0,3.0,0.0,0.0,1.0,0.0,2.0,0.0,1.0,1.0,1.0,2.0,0.0,1.0,1.0,0.0,3.0,2.0,2.0,0.0,0.0,0.0,0.0,1.0,0.0,0.0,0.0,0.0,0.0,0.0,3.0,3.0,1.0,0.0,0.0,5.0,0.0,1.0,0.0,0.0,1.0,4.0,0.0,2.0,1.0,0.0,1.0,0.0,0.0,1.0,2.0,0.0,2.0,1.0,0.0,2.0,1.0,1.0,1.0,0.0,0.0,1.0,1.0,1.0,0.0,2.0,0.0,2.0,4.0,3.0,2.0,1.0,1.0,0.0,2.0,0.0,1.0,0.0,0.0,2.0,0.0,1.0,2.0,1.0,2.0,1.0,0.0,2.0,1.0,2.0,0.0,1.0,0.0,0.0,1.0,0.0,0.0,1.0,1.0,1.0,1.0,0.0,2.0,0.0,0.0,0.0,1.0,1.0,1.0
61,269,0.0,2.0,1.0,0.0,0.0,1.0,1.0,0.0,0.0,0.0,0.0,0.0,0.0,0.0,0.0,1.0,1.0,0.0,0.0,2.0,1.0,0.0,2.0,0.0,1.0,1.0,1.0,0.0,0.0,0.0,0.0,0.0,0.0,0.0,2.0,3.0,0.0,1.0,0.0,0.0,0.0,0.0,0.0,0.0,0.0,0.0,0.0,0.0,0.0,0.0,0.0,0.0,1.0,2.0,2.0,5.0,3.0,3.0,4.0,2.0,3.0,3.0,1.0,1.0,4.0,0.0,1.0,4.0,0.0,0.0,0.0,0.0,0.0,0.0,0.0,0.0,0.0,0.0,0.0,0.0,0.0,0.0,0.0,6.0,2.0,3.0,0.0,0.0,1.0,0.0,0.0,0.0,0.0,0.0,1.0,0.0,1.0,0.0,0.0,2.0,0.0,3.0,3.0,1.0,3.0,0.0,1.0,4.0,1.0,0.0,0.0,2.0,1.0,1.0,3.0,0.0,0.0,1.0,3.0,1.0,4.0,5.0,2.0,3.0,1.0,0.0,2.0,0.0,0.0,1.0,1.0,2.0,3.0,1.0,1.0,2.0,2.0,0.0,1.0,3.0,4.0,3.0,4.0,2.0,1.0,3.0,1.0,0.0,2.0,0.0,1.0,2.0,1.0,1.0,1.0,0.0,0.0,2.0,0.0,0.0,4.0,1.0
61,271,1.0,0.0,0.0,0.0,4.0,1.0,2.0,3.0,2.0,6.0,2.0,0.0,0.0,1.0,0.0,1.0,0.0,0.0,0.0,1.0,0.0,0.0,0.0,0.0,1.0,0.0,0.0,2.0,1.0,3.0,3.0,3.0,2.0,1.0,4.0,0.0,3.0,1.0,0.0,1.0,1.0,3.0,1.0,0.0,0.0,0.0,0.0,1.0,1.0,4.0,1.0,1.0,0.0,2.0,5.0,3.0,2.0,0.0,1.0,2.0,2.0,3.0,4.0,0.0,1.0,3.0,2.0,5.0,3.0,2.0,1.0,1.0,1.0,3.0,0.0,0.0,1.0,0.0,1.0,0.0,0.0,1.0,1.0,0.0,4.0,2.0,3.0,2.0,6.0,1.0,2.0,0.0,0.0,0.0,0.0,0.0,2.0,0.0,1.0,1.0,0.0,1.0,1.0,0.0,2.0,1.0,0.0,0.0,3.0,0.0,3.0,1.0,0.0,4.0,1.0,3.0,0.0,0.0,0.0,2.0,0.0,1.0,4.0,1.0,2.0,2.0,4.0,0.0,0.0,0.0,0.0,0.0,0.0,0.0,0.0,4.0,0.0,1.0,2.0,2.0,2.0,8.0,1.0,0.0,0.0,1.0,0.0,0.0,2.0,0.0,1.0,0.0,0.0,1.0,0.0,0.0,2.0,0.0,3.0,1.0,0.0,2.0
61,272,0.0,1.0,1.0,0.0,0.0,1.0,1.0,1.0,0.0,2.0,0.0,1.0,1.0,1.0,1.0,0.0,1.0,0.0,1.0,0.0,0.0,0.0,0.0,0.0,1.0,0.0,1.0,1.0,0.0,3.0,5.0,4.0,0.0,3.0,1.0,0.0,2.0,4.0,0.0,2.0,0.0,0.0,2.0,0.0,0.0,1.0,1.0,2.0,1.0,0.0,0.0,0.0,0.0,0.0,1.0,1.0,1.0,0.0,1.0,2.0,0.0,9.0,0.0,0.0,0.0,0.0,1.0,0.0,0.0,2.0,2.0,1.0,0.0,0.0,1.0,1.0,2.0,1.0,1.0,0.0,3.0,2.0,1.0,1.0,0.0,2.0,0.0,1.0,4.0,1.0,0.0,1.0,0.0,0.0,0.0,1.0,0.0,1.0,2.0,2.0,3.0,1.0,3.0,2.0,0.0,0.0,0.0,2.0,2.0,2.0,1.0,0.0,1.0,7.0,1.0,1.0,2.0,4.0,0.0,0.0,0.0,2.0,1.0,1.0,2.0,0.0,0.0,0.0,1.0,0.0,0.0,0.0,0.0,1.0,2.0,3.0,0.0,1.0,1.0,0.0,4.0,2.0,0.0,1.0,0.0,0.0,3.0,1.0,0.0,2.0,0.0,0.0,0.0,1.0,0.0,0.0,1.0,4.0,0.0,0.0,0.0,1.0
61,273,1.0,2.0,1.0,0.0,2.0,1.0,0.0,2.0,2.0,4.0,0.0,1.0,0.0,1.0,0.0,4.0,1.0,0.0,2.0,0.0,0.0,0.0,2.0,0.0,1.0,0.0,2.0,0.0,1.0,2.0,6.0,0.0,1.0,2.0,0.0,4.0,4.0,0.0,1.0,1.0,2.0,1.0,1.0,3.0,1.0,0.0,0.0,1.0,1.0,1.0,1.0,0.0,2.0,1.0,1.0,0.0,1.0,2.0,1.0,3.0,1.0,3.0,1.0,0.0,1.0,4.0,0.0,1.0,2.0,4.0,2.0,3.0,2.0,0.0,0.0,1.0,1.0,0.0,2.0,0.0,0.0,3.0,1.0,2.0,1.0,0.0,1.0,0.0,3.0,0.0,0.0,0.0,1.0,0.0,1.0,1.0,0.0,0.0,0.0,0.0,1.0,2.0,0.0,0.0,0.0,0.0,0.0,1.0,2.0,1.0,0.0,2.0,2.0,4.0,0.0,0.0,0.0,1.0,0.0,0.0,1.0,0.0,2.0,0.0,2.0,0.0,0.0,0.0,2.0,1.0,0.0,1.0,1.0,0.0,0.0,5.0,2.0,2.0,2.0,2.0,0.0,0.0,0.0,1.0,0.0,0.0,1.0,0.0,0.0,1.0,0.0,2.0,1.0,2.0,1.0,0.0,0.0,4.0,2.0,0.0,0.0,3.0
61,274,0.0,0.0,2.0,1.0,0.0,0.0,0.0,0.0,0.0,0.0,0.0,1.0,1.0,1.0,0.0,0.0,1.0,0.0,1.0,2.0,1.0,0.0,0.0,0.0,0.0,1.0,0.0,0.0,0.0,0.0,1.0,0.0,1.0,1.0,1.0,4.0,3.0,1.0,0.0,2.0,0.0,0.0,0.0,4.0,2.0,0.0,1.0,0.0,1.0,1.0,2.0,0.0,2.0,1.0,0.0,0.0,0.0,0.0,1.0,0.0,0.0,7.0,0.0,1.0,0.0,0.0,0.0,0.0,3.0,0.0,1.0,2.0,2.0,1.0,0.0,0.0,0.0,0.0,0.0,0.0,0.0,0.0,0.0,2.0,2.0,1.0,0.0,4.0,4.0,2.0,0.0,1.0,0.0,1.0,0.0,1.0,1.0,0.0,0.0,0.0,1.0,0.0,3.0,0.0,0.0,0.0,0.0,1.0,1.0,2.0,0.0,0.0,0.0,0.0,0.0,1.0,1.0,0.0,1.0,0.0,0.0,0.0,1.0,1.0,0.0,1.0,0.0,1.0,0.0,1.0,0.0,0.0,0.0,0.0,0.0,1.0,1.0,0.0,0.0,0.0,3.0,1.0,0.0,0.0,2.0,0.0,3.0,0.0,2.0,1.0,1.0,0.0,1.0,2.0,0.0,1.0,0.0,0.0,0.0,0.0,0.0,1.0
61,275,0.0,0.0,1.0,0.0,0.0,0.0,0.0,1.0,2.0,7.0,0.0,0.0,0.0,1.0,1.0,1.0,0.0,0.0,0.0,1.0,0.0,0.0,0.0,1.0,0.0,0.0,0.0,0.0,1.0,0.0,2.0,2.0,0.0,1.0,1.0,2.0,3.0,0.0,0.0,0.0,2.0,2.0,0.0,0.0,1.0,0.0,1.0,0.0,0.0,1.0,0.0,0.0,0.0,1.0,0.0,0.0,0.0,0.0,1.0,0.0,1.0,3.0,1.0,0.0,0.0,1.0,1.0,0.0,2.0,0.0,0.0,0.0,0.0,0.0,1.0,0.0,2.0,0.0,0.0,1.0,1.0,0.0,0.0,0.0,1.0,0.0,1.0,0.0,3.0,1.0,0.0,0.0,0.0,1.0,0.0,0.0,0.0,0.0,1.0,2.0,3.0,1.0,0.0,0.0,0.0,1.0,0.0,0.0,0.0,1.0,0.0,1.0,0.0,2.0,0.0,0.0,1.0,1.0,0.0,1.0,3.0,1.0,0.0,2.0,1.0,1.0,0.0,0.0,0.0,0.0,1.0,1.0,1.0,0.0,0.0,1.0,1.0,0.0,2.0,0.0,1.0,1.0,0.0,0.0,1.0,2.0,0.0,1.0,0.0,0.0,0.0,1.0,0.0,1.0,0.0,1.0,1.0,0.0,0.0,0.0,0.0,0.0
61,276,2.0,1.0,3.0,1.0,0.0,4.0,1.0,1.0,2.0,7.0,4.0,1.0,2.0,4.0,3.0,1.0,2.0,0.0,0.0,0.0,0.0,1.0,3.0,3.0,3.0,0.0,3.0,9.0,0.0,0.0,5.0,4.0,3.0,3.0,1.0,5.0,5.0,3.0,0.0,0.0,0.0,0.0,0.0,0.0,1.0,0.0,2.0,2.0,0.0,0.0,2.0,2.0,0.0,1.0,0.0,0.0,0.0,4.0,4.0,3.0,1.0,3.0,0.0,0.0,0.0,1.0,0.0,0.0,5.0,0.0,5.0,2.0,3.0,2.0,0.0,3.0,3.0,2.0,0.0,2.0,1.0,0.0,3.0,7.0,0.0,3.0,9.0,10.0,13.0,4.0,4.0,2.0,0.0,0.0,2.0,2.0,0.0,1.0,0.0,0.0,0.0,2.0,2.0,0.0,2.0,1.0,3.0,1.0,0.0,1.0,0.0,1.0,0.0,6.0,0.0,3.0,2.0,2.0,0.0,0.0,2.0,3.0,3.0,2.0,0.0,1.0,1.0,1.0,4.0,0.0,3.0,1.0,4.0,2.0,0.0,5.0,1.0,2.0,2.0,2.0,2.0,1.0,0.0,0.0,1.0,1.0,0.0,1.0,1.0,0.0,0.0,0.0,0.0,1.0,0.0,1.0,0.0,0.0,0.0,1.0,0.0,0.0
61,277,1.0,0.0,0.0,3.0,3.0,0.0,2.0,1.0,4.0,2.0,2.0,2.0,1.0,2.0,3.0,2.0,1.0,0.0,0.0,0.0,2.0,1.0,1.0,4.0,5.0,0.0,0.0,0.0,2.0,0.0,3.0,2.0,1.0,2.0,4.0,5.0,7.0,1.0,0.0,1.0,1.0,0.0,0.0,0.0,0.0,0.0,2.0,5.0,2.0,0.0,0.0,2.0,0.0,1.0,0.0,0.0,0.0,1.0,1.0,2.0,0.0,8.0,0.0,1.0,2.0,1.0,0.0,2.0,2.0,4.0,0.0,4.0,2.0,2.0,3.0,1.0,2.0,2.0,1.0,1.0,2.0,4.0,0.0,6.0,1.0,1.0,8.0,0.0,8.0,3.0,3.0,1.0,0.0,0.0,2.0,0.0,2.0,1.0,0.0,0.0,0.0,0.0,0.0,2.0,0.0,0.0,2.0,2.0,0.0,1.0,2.0,3.0,0.0,2.0,5.0,0.0,0.0,2.0,2.0,0.0,1.0,4.0,4.0,1.0,4.0,1.0,0.0,4.0,1.0,1.0,2.0,2.0,0.0,3.0,0.0,1.0,1.0,4.0,1.0,3.0,4.0,4.0,1.0,1.0,0.0,1.0,1.0,0.0,0.0,0.0,2.0,0.0,1.0,3.0,0.0,1.0,0.0,0.0,2.0,1.0,2.0,1.0
61,278,11.0,0.0,8.0,7.0,3.0,5.0,3.0,4.0,9.0,10.0,7.0,3.0,8.0,4.0,1.0,4.0,4.0,6.0,1.0,6.0,2.0,4.0,0.0,2.0,10.0,1.0,3.0,1.0,6.0,4.0,4.0,4.0,3.0,2.0,1.0,3.0,8.0,7.0,1.0,1.0,1.0,0.0,0.0,1.0,0.0,3.0,3.0,0.0,0.0,0.0,2.0,1.0,1.0,1.0,0.0,1.0,2.0,5.0,3.0,8.0,1.0,7.0,3.0,3.0,0.0,2.0,3.0,5.0,6.0,4.0,1.0,4.0,6.0,4.0,6.0,2.0,2.0,4.0,3.0,1.0,3.0,3.0,6.0,7.0,3.0,1.0,10.0,18.0,14.0,2.0,3.0,3.0,7.0,4.0,0.0,0.0,0.0,3.0,1.0,4.0,2.0,3.0,2.0,0.0,2.0,1.0,7.0,6.0,3.0,5.0,2.0,3.0,3.0,10.0,4.0,2.0,5.0,3.0,3.0,2.0,6.0,4.0,7.0,3.0,4.0,0.0,1.0,2.0,3.0,0.0,3.0,2.0,1.0,6.0,0.0,2.0,4.0,1.0,4.0,4.0,4.0,0.0,4.0,2.0,1.0,2.0,3.0,2.0,1.0,2.0,1.0,0.0,2.0,1.0,1.0,4.0,5.0,1.0,2.0,0.0,2.0,1.0
61,279,2.0,7.0,6.0,4.0,3.0,4.0,7.0,2.0,1.0,13.0,1.0,6.0,4.0,3.0,7.0,5.0,1.0,0.0,1.0,3.0,3.0,0.0,4.0,7.0,5.0,1.0,4.0,3.0,2.0,6.0,6.0,1.0,0.0,9.0,3.0,9.0,4.0,4.0,4.0,0.0,1.0,0.0,0.0,1.0,3.0,1.0,1.0,1.0,2.0,2.0,7.0,1.0,1.0,0.0,2.0,3.0,3.0,2.0,4.0,8.0,1.0,10.0,0.0,1.0,3.0,2.0,2.0,4.0,7.0,7.0,4.0,4.0,8.0,2.0,8.0,2.0,1.0,6.0,2.0,2.0,0.0,6.0,0.0,15.0,8.0,3.0,9.0,17.0,4.0,1.0,1.0,1.0,0.0,0.0,0.0,6.0,3.0,1.0,2.0,2.0,3.0,0.0,0.0,2.0,1.0,2.0,2.0,5.0,4.0,3.0,4.0,1.0,1.0,9.0,4.0,4.0,3.0,1.0,3.0,4.0,3.0,6.0,4.0,0.0,3.0,4.0,2.0,2.0,2.0,5.0,2.0,3.0,1.0,3.0,3.0,3.0,2.0,1.0,7.0,4.0,13.0,2.0,2.0,4.0,3.0,1.0,0.0,1.0,0.0,1.0,2.0,4.0,3.0,0.0,3.0,1.0,0.0,3.0,0.0,0.0,1.0,1.0
61,280,0.0,1.0,1.0,1.0,0.0,1.0,2.0,0.0,0.0,2.0,1.0,1.0,0.0,1.0,0.0,0.0,2.0,0.0,0.0,0.0,0.0,0.0,2.0,0.0,0.0,1.0,2.0,1.0,1.0,0.0,3.0,2.0,0.0,1.0,0.0,3.0,1.0,1.0,0.0,0.0,0.0,0.0,2.0,0.0,0.0,0.0,0.0,1.0,0.0,0.0,2.0,2.0,0.0,0.0,0.0,0.0,2.0,1.0,2.0,1.0,0.0,1.0,0.0,0.0,0.0,1.0,0.0,0.0,0.0,0.0,1.0,0.0,0.0,2.0,2.0,2.0,0.0,1.0,0.0,0.0,0.0,0.0,4.0,3.0,2.0,2.0,4.0,2.0,3.0,0.0,2.0,1.0,0.0,0.0,3.0,0.0,0.0,1.0,1.0,0.0,1.0,0.0,2.0,1.0,1.0,1.0,1.0,1.0,0.0,0.0,0.0,1.0,1.0,2.0,1.0,1.0,0.0,2.0,0.0,0.0,0.0,0.0,0.0,1.0,1.0,0.0,3.0,3.0,3.0,0.0,2.0,1.0,2.0,2.0,0.0,1.0,1.0,0.0,4.0,0.0,3.0,0.0,0.0,0.0,0.0,0.0,1.0,1.0,0.0,2.0,0.0,2.0,1.0,0.0,2.0,2.0,4.0,0.0,1.0,2.0,2.0,0.0
61,281,5.0,1.0,5.0,3.0,4.0,3.0,4.0,4.0,9.0,8.0,1.0,2.0,2.0,3.0,1.0,5.0,0.0,2.0,0.0,2.0,1.0,2.0,2.0,3.0,5.0,0.0,3.0,1.0,1.0,1.0,4.0,2.0,2.0,4.0,1.0,4.0,6.0,1.0,1.0,0.0,0.0,0.0,1.0,1.0,0.0,3.0,1.0,2.0,0.0,0.0,1.0,1.0,1.0,1.0,0.0,1.0,2.0,1.0,1.0,4.0,1.0,4.0,0.0,3.0,1.0,1.0,1.0,0.0,0.0,1.0,1.0,1.0,3.0,3.0,2.0,2.0,7.0,2.0,0.0,3.0,6.0,1.0,6.0,4.0,4.0,6.0,11.0,4.0,12.0,1.0,0.0,0.0,0.0,0.0,1.0,0.0,2.0,2.0,2.0,3.0,2.0,0.0,1.0,1.0,1.0,0.0,10.0,0.0,7.0,4.0,2.0,2.0,7.0,10.0,2.0,0.0,2.0,2.0,0.0,4.0,2.0,10.0,1.0,8.0,4.0,1.0,2.0,0.0,3.0,0.0,2.0,0.0,4.0,1.0,5.0,7.0,5.0,2.0,4.0,4.0,5.0,1.0,1.0,3.0,3.0,1.0,1.0,2.0,0.0,2.0,2.0,1.0,2.0,0.0,1.0,2.0,4.0,3.0,2.0,2.0,1.0,2.0
61,282,0.0,3.0,3.0,1.0,1.0,3.0,4.0,5.0,0.0,10.0,1.0,3.0,3.0,1.0,6.0,2.0,1.0,1.0,0.0,4.0,0.0,2.0,2.0,4.0,3.0,1.0,0.0,1.0,0.0,2.0,3.0,1.0,1.0,5.0,0.0,4.0,2.0,1.0,0.0,0.0,1.0,1.0,1.0,0.0,1.0,0.0,1.0,1.0,0.0,2.0,2.0,0.0,0.0,0.0,1.0,0.0,0.0,1.0,2.0,7.0,1.0,3.0,1.0,2.0,0.0,0.0,0.0,1.0,0.0,11.0,2.0,0.0,7.0,0.0,3.0,0.0,1.0,4.0,2.0,2.0,1.0,6.0,6.0,7.0,1.0,0.0,7.0,15.0,4.0,2.0,0.0,0.0,0.0,3.0,2.0,4.0,2.0,0.0,3.0,1.0,0.0,1.0,4.0,0.0,4.0,2.0,2.0,3.0,0.0,2.0,2.0,3.0,1.0,4.0,2.0,4.0,1.0,3.0,2.0,5.0,2.0,4.0,2.0,3.0,6.0,3.0,2.0,1.0,5.0,0.0,1.0,11.0,1.0,1.0,2.0,5.0,1.0,2.0,4.0,2.0,4.0,3.0,2.0,1.0,2.0,2.0,2.0,2.0,1.0,2.0,3.0,1.0,0.0,0.0,2.0,1.0,1.0,0.0,0.0,7.0,0.0,0.0
61,284,0.0,0.0,4.0,7.0,4.0,11.0,5.0,5.0,2.0,5.0,0.0,4.0,3.0,2.0,2.0,2.0,1.0,1.0,0.0,1.0,0.0,7.0,0.0,1.0,0.0,1.0,2.0,2.0,4.0,6.0,7.0,7.0,6.0,16.0,11.0,10.0,1.0,5.0,2.0,3.0,1.0,2.0,1.0,1.0,0.0,3.0,3.0,0.0,2.0,2.0,3.0,2.0,1.0,1.0,1.0,2.0,2.0,0.0,1.0,2.0,2.0,2.0,0.0,2.0,2.0,1.0,2.0,0.0,0.0,2.0,1.0,0.0,0.0,1.0,0.0,1.0,0.0,0.0,0.0,1.0,2.0,0.0,1.0,2.0,2.0,1.0,2.0,2.0,0.0,2.0,1.0,0.0,5.0,2.0,1.0,2.0,1.0,1.0,1.0,2.0,0.0,0.0,0.0,0.0,0.0,1.0,0.0,2.0,0.0,0.0,2.0,1.0,0.0,1.0,5.0,0.0,2.0,1.0,1.0,1.0,1.0,2.0,2.0,0.0,2.0,1.0,2.0,1.0,5.0,3.0,4.0,3.0,3.0,1.0,2.0,2.0,3.0,3.0,4.0,3.0,0.0,0.0,0.0,2.0,0.0,2.0,2.0,0.0,0.0,1.0,0.0,1.0,1.0,0.0,0.0,0.0,0.0,1.0,1.0,0.0,0.0,0.0
61,285,0.0,0.0,0.0,0.0,1.0,0.0,2.0,0.0,1.0,5.0,0.0,0.0,0.0,0.0,0.0,0.0,1.0,0.0,0.0,0.0,0.0,0.0,0.0,5.0,0.0,1.0,2.0,1.0,0.0,0.0,0.0,2.0,3.0,1.0,2.0,3.0,3.0,0.0,2.0,1.0,1.0,1.0,0.0,0.0,1.0,0.0,3.0,0.0,0.0,0.0,2.0,1.0,0.0,1.0,0.0,0.0,0.0,0.0,0.0,2.0,2.0,6.0,0.0,0.0,2.0,2.0,0.0,1.0,0.0,0.0,2.0,0.0,0.0,0.0,1.0,0.0,1.0,0.0,2.0,1.0,0.0,0.0,4.0,3.0,5.0,3.0,5.0,2.0,5.0,1.0,1.0,3.0,3.0,4.0,1.0,1.0,1.0,2.0,2.0,2.0,2.0,0.0,1.0,1.0,1.0,1.0,1.0,3.0,0.0,0.0,0.0,0.0,0.0,1.0,0.0,0.0,0.0,1.0,0.0,0.0,0.0,0.0,0.0,0.0,0.0,1.0,0.0,0.0,1.0,1.0,0.0,0.0,0.0,0.0,1.0,0.0,3.0,0.0,0.0,1.0,4.0,0.0,0.0,0.0,2.0,2.0,0.0,0.0,0.0,0.0,0.0,7.0,1.0,2.0,0.0,0.0,0.0,0.0,1.0,1.0,1.0,1.0
61,286,1.0,0.0,0.0,0.0,1.0,0.0,0.0,0.0,1.0,4.0,0.0,0.0,0.0,2.0,0.0,0.0,0.0,0.0,0.0,0.0,1.0,0.0,1.0,1.0,0.0,1.0,0.0,0.0,0.0,0.0,1.0,0.0,1.0,1.0,3.0,4.0,1.0,0.0,3.0,1.0,0.0,1.0,1.0,1.0,1.0,1.0,1.0,2.0,7.0,0.0,0.0,0.0,0.0,1.0,0.0,0.0,1.0,1.0,0.0,2.0,3.0,6.0,0.0,1.0,1.0,0.0,0.0,0.0,0.0,3.0,0.0,0.0,0.0,1.0,1.0,0.0,0.0,1.0,2.0,2.0,4.0,0.0,0.0,4.0,4.0,2.0,3.0,8.0,7.0,2.0,2.0,0.0,3.0,1.0,0.0,5.0,2.0,2.0,0.0,1.0,0.0,2.0,1.0,4.0,2.0,0.0,1.0,3.0,1.0,0.0,0.0,0.0,3.0,0.0,0.0,1.0,1.0,0.0,0.0,0.0,0.0,0.0,0.0,1.0,0.0,1.0,1.0,1.0,0.0,0.0,0.0,0.0,0.0,0.0,0.0,1.0,6.0,1.0,0.0,2.0,2.0,3.0,2.0,2.0,3.0,1.0,0.0,0.0,0.0,0.0,0.0,3.0,0.0,1.0,0.0,1.0,1.0,0.0,0.0,0.0,0.0,0.0
61,287,0.0,0.0,0.0,0.0,2.0,2.0,0.0,1.0,0.0,3.0,2.0,0.0,0.0,2.0,1.0,1.0,1.0,0.0,0.0,0.0,1.0,1.0,2.0,0.0,3.0,1.0,1.0,0.0,0.0,0.0,3.0,1.0,2.0,0.0,1.0,1.0,4.0,1.0,3.0,0.0,0.0,0.0,0.0,0.0,1.0,0.0,0.0,3.0,0.0,0.0,0.0,0.0,0.0,1.0,1.0,2.0,1.0,3.0,0.0,2.0,0.0,6.0,3.0,1.0,0.0,0.0,0.0,2.0,0.0,3.0,1.0,1.0,0.0,0.0,4.0,3.0,0.0,0.0,0.0,1.0,0.0,2.0,2.0,2.0,4.0,3.0,0.0,4.0,6.0,5.0,1.0,2.0,1.0,1.0,0.0,0.0,0.0,1.0,0.0,0.0,0.0,1.0,2.0,1.0,1.0,2.0,1.0,0.0,0.0,3.0,1.0,1.0,0.0,3.0,1.0,0.0,0.0,1.0,2.0,1.0,0.0,1.0,1.0,1.0,2.0,0.0,3.0,0.0,0.0,2.0,1.0,0.0,1.0,0.0,1.0,1.0,1.0,1.0,4.0,1.0,4.0,2.0,2.0,3.0,0.0,0.0,0.0,2.0,0.0,0.0,0.0,1.0,0.0,2.0,0.0,1.0,1.0,2.0,0.0,0.0,0.0,0.0
61,288,0.0,0.0,1.0,0.0,0.0,0.0,0.0,0.0,0.0,2.0,0.0,0.0,0.0,1.0,0.0,0.0,1.0,2.0,0.0,0.0,1.0,1.0,2.0,0.0,1.0,0.0,0.0,0.0,0.0,0.0,2.0,4.0,2.0,1.0,1.0,2.0,1.0,1.0,0.0,1.0,0.0,0.0,0.0,1.0,0.0,0.0,0.0,1.0,1.0,1.0,2.0,4.0,1.0,0.0,1.0,0.0,0.0,0.0,1.0,0.0,0.0,1.0,1.0,3.0,3.0,2.0,1.0,1.0,0.0,0.0,2.0,3.0,1.0,0.0,0.0,0.0,0.0,1.0,2.0,0.0,1.0,0.0,0.0,2.0,3.0,2.0,3.0,6.0,8.0,2.0,0.0,3.0,1.0,1.0,1.0,0.0,1.0,0.0,0.0,1.0,0.0,1.0,1.0,1.0,0.0,1.0,0.0,0.0,2.0,1.0,2.0,1.0,4.0,0.0,0.0,2.0,0.0,0.0,0.0,0.0,1.0,0.0,3.0,1.0,2.0,2.0,0.0,1.0,0.0,0.0,0.0,1.0,0.0,0.0,1.0,3.0,2.0,1.0,4.0,1.0,3.0,2.0,1.0,1.0,0.0,2.0,0.0,0.0,0.0,0.0,1.0,0.0,3.0,0.0,0.0,0.0,1.0,2.0,0.0,2.0,1.0,0.0
61,289,2.0,2.0,2.0,2.0,3.0,1.0,2.0,1.0,0.0,1.0,0.0,0.0,0.0,0.0,0.0,0.0,2.0,2.0,3.0,0.0,0.0,0.0,2.0,2.0,1.0,1.0,0.0,0.0,0.0,1.0,6.0,2.0,2.0,1.0,2.0,2.0,2.0,0.0,4.0,3.0,2.0,0.0,1.0,0.0,1.0,3.0,0.0,2.0,0.0,0.0,1.0,1.0,0.0,4.0,1.0,2.0,5.0,2.0,2.0,2.0,0.0,4.0,4.0,1.0,1.0,1.0,1.0,2.0,2.0,1.0,3.0,1.0,2.0,0.0,0.0,3.0,1.0,0.0,1.0,2.0,2.0,1.0,3.0,4.0,3.0,0.0,0.0,1.0,5.0,1.0,1.0,3.0,1.0,1.0,1.0,1.0,1.0,1.0,0.0,2.0,0.0,1.0,0.0,0.0,1.0,0.0,0.0,1.0,0.0,0.0,0.0,1.0,2.0,2.0,5.0,1.0,2.0,2.0,1.0,1.0,0.0,0.0,0.0,1.0,3.0,0.0,1.0,1.0,0.0,2.0,0.0,3.0,0.0,2.0,3.0,1.0,4.0,0.0,3.0,5.0,7.0,2.0,1.0,0.0,1.0,0.0,1.0,0.0,0.0,0.0,1.0,0.0,1.0,0.0,2.0,0.0,0.0,2.0,0.0,2.0,0.0,1.0
61,291,0.0,2.0,1.0,3.0,1.0,2.0,2.0,1.0,0.0,3.0,2.0,0.0,3.0,0.0,0.0,1.0,0.0,2.0,0.0,1.0,2.0,3.0,0.0,3.0,3.0,0.0,2.0,4.0,1.0,0.0,5.0,2.0,0.0,0.0,2.0,2.0,5.0,0.0,0.0,0.0,0.0,1.0,1.0,0.0,0.0,0.0,1.0,1.0,1.0,0.0,4.0,2.0,0.0,0.0,0.0,0.0,1.0,1.0,1.0,0.0,0.0,5.0,2.0,0.0,0.0,3.0,2.0,0.0,0.0,0.0,1.0,2.0,0.0,1.0,2.0,1.0,1.0,0.0,2.0,2.0,0.0,2.0,2.0,1.0,6.0,5.0,4.0,0.0,10.0,0.0,1.0,1.0,0.0,1.0,2.0,1.0,0.0,1.0,0.0,0.0,0.0,1.0,0.0,0.0,1.0,1.0,1.0,1.0,1.0,0.0,8.0,1.0,1.0,3.0,0.0,0.0,1.0,1.0,1.0,0.0,0.0,0.0,0.0,0.0,1.0,0.0,2.0,0.0,0.0,1.0,0.0,0.0,1.0,1.0,2.0,1.0,2.0,1.0,4.0,2.0,6.0,1.0,1.0,0.0,0.0,0.0,4.0,0.0,0.0,0.0,3.0,0.0,0.0,3.0,0.0,1.0,0.0,1.0,0.0,2.0,1.0,1.0
61,292,0.0,0.0,0.0,0.0,2.0,0.0,1.0,0.0,1.0,0.0,0.0,0.0,0.0,0.0,1.0,0.0,2.0,0.0,0.0,0.0,0.0,3.0,1.0,1.0,0.0,1.0,2.0,0.0,0.0,0.0,1.0,0.0,0.0,0.0,0.0,0.0,1.0,0.0,0.0,1.0,0.0,0.0,1.0,1.0,1.0,1.0,0.0,1.0,0.0,1.0,0.0,0.0,2.0,0.0,0.0,1.0,1.0,0.0,1.0,2.0,1.0,0.0,0.0,1.0,1.0,1.0,1.0,1.0,0.0,1.0,1.0,0.0,0.0,0.0,0.0,0.0,1.0,0.0,1.0,0.0,1.0,0.0,0.0,2.0,0.0,1.0,3.0,5.0,1.0,1.0,1.0,0.0,0.0,1.0,1.0,1.0,0.0,1.0,0.0,0.0,1.0,0.0,1.0,2.0,1.0,2.0,1.0,0.0,1.0,0.0,1.0,0.0,2.0,0.0,1.0,0.0,0.0,0.0,1.0,0.0,0.0,1.0,1.0,2.0,2.0,1.0,0.0,0.0,0.0,0.0,0.0,0.0,1.0,0.0,0.0,3.0,2.0,0.0,1.0,1.0,2.0,0.0,0.0,0.0,0.0,0.0,0.0,1.0,1.0,0.0,0.0,0.0,0.0,0.0,0.0,1.0,1.0,1.0,1.0,1.0,2.0,0.0
61,293,1.0,1.0,1.0,1.0,1.0,2.0,0.0,0.0,0.0,0.0,0.0,0.0,0.0,0.0,0.0,0.0,0.0,1.0,0.0,0.0,0.0,1.0,1.0,1.0,1.0,0.0,0.0,2.0,0.0,0.0,2.0,0.0,0.0,1.0,0.0,1.0,2.0,2.0,0.0,1.0,1.0,0.0,2.0,0.0,0.0,0.0,0.0,0.0,0.0,0.0,0.0,1.0,0.0,0.0,0.0,1.0,1.0,0.0,0.0,0.0,0.0,0.0,0.0,1.0,0.0,1.0,0.0,0.0,0.0,0.0,1.0,0.0,1.0,1.0,0.0,0.0,1.0,1.0,0.0,1.0,0.0,0.0,2.0,0.0,2.0,1.0,0.0,3.0,2.0,1.0,1.0,2.0,1.0,1.0,0.0,0.0,0.0,2.0,0.0,0.0,0.0,0.0,0.0,1.0,1.0,2.0,2.0,1.0,1.0,2.0,1.0,1.0,0.0,2.0,0.0,0.0,0.0,3.0,1.0,1.0,0.0,1.0,1.0,0.0,0.0,1.0,3.0,0.0,1.0,0.0,1.0,1.0,0.0,1.0,0.0,3.0,1.0,0.0,0.0,0.0,2.0,2.0,0.0,0.0,0.0,1.0,0.0,0.0,0.0,1.0,0.0,0.0,0.0,0.0,0.0,1.0,0.0,1.0,1.0,1.0,0.0,1.0
61,295,0.0,0.0,0.0,0.0,0.0,0.0,0.0,0.0,0.0,0.0,0.0,1.0,1.0,0.0,0.0,0.0,0.0,0.0,0.0,0.0,1.0,1.0,4.0,0.0,0.0,0.0,2.0,2.0,5.0,6.0,0.0,1.0,0.0,3.0,0.0,3.0,2.0,1.0,0.0,0.0,0.0,0.0,0.0,0.0,2.0,0.0,1.0,0.0,0.0,1.0,0.0,0.0,0.0,2.0,1.0,0.0,0.0,1.0,0.0,1.0,0.0,4.0,0.0,0.0,0.0,2.0,0.0,0.0,0.0,0.0,4.0,1.0,0.0,3.0,0.0,0.0,0.0,0.0,1.0,0.0,1.0,0.0,0.0,0.0,4.0,0.0,2.0,0.0,4.0,2.0,0.0,2.0,1.0,2.0,2.0,0.0,1.0,1.0,0.0,0.0,1.0,0.0,0.0,1.0,1.0,0.0,0.0,0.0,0.0,0.0,1.0,0.0,2.0,1.0,2.0,0.0,2.0,0.0,0.0,0.0,1.0,1.0,0.0,4.0,1.0,2.0,0.0,0.0,1.0,0.0,0.0,2.0,0.0,0.0,0.0,1.0,0.0,0.0,2.0,0.0,2.0,1.0,0.0,0.0,1.0,0.0,0.0,0.0,0.0,1.0,0.0,0.0,3.0,2.0,0.0,0.0,1.0,0.0,0.0,0.0,0.0,4.0
61,296,0.0,0.0,0.0,0.0,0.0,0.0,0.0,0.0,0.0,0.0,0.0,0.0,0.0,3.0,2.0,2.0,1.0,1.0,1.0,4.0,2.0,1.0,1.0,1.0,5.0,3.0,4.0,2.0,1.0,9.0,7.0,14.0,4.0,8.0,5.0,3.0,1.0,1.0,7.0,10.0,7.0,2.0,3.0,3.0,3.0,1.0,3.0,1.0,5.0,0.0,5.0,3.0,0.0,0.0,0.0,0.0,0.0,0.0,0.0,1.0,0.0,1.0,1.0,0.0,3.0,1.0,3.0,4.0,3.0,3.0,1.0,0.0,0.0,2.0,0.0,2.0,1.0,1.0,3.0,3.0,2.0,9.0,4.0,10.0,4.0,2.0,3.0,2.0,0.0,2.0,1.0,1.0,4.0,1.0,1.0,0.0,1.0,0.0,1.0,1.0,2.0,0.0,1.0,0.0,1.0,0.0,0.0,0.0,0.0,1.0,0.0,1.0,1.0,6.0,0.0,2.0,1.0,2.0,0.0,1.0,2.0,0.0,0.0,0.0,0.0,0.0,0.0,1.0,0.0,0.0,3.0,2.0,0.0,1.0,0.0,0.0,0.0,0.0,2.0,2.0,1.0,0.0,0.0,1.0,0.0,0.0,1.0,0.0,2.0,1.0,2.0,2.0,1.0,0.0,0.0,0.0,0.0,1.0,2.0,0.0,0.0,0.0
62,1,0.0,0.0,0.0,0.0,0.0,1.0,0.0,1.0,0.0,1.0,0.0,0.0,0.0,0.0,1.0,0.0,0.0,1.0,1.0,0.0,0.0,0.0,0.0,0.0,0.0,0.0,1.0,1.0,0.0,0.0,1.0,0.0,1.0,2.0,2.0,0.0,2.0,0.0,0.0,0.0,0.0,0.0,1.0,3.0,1.0,0.0,0.0,0.0,0.0,0.0,1.0,1.0,3.0,0.0,0.0,0.0,0.0,0.0,0.0,1.0,1.0,3.0,0.0,1.0,0.0,0.0,0.0,1.0,1.0,1.0,2.0,0.0,3.0,0.0,0.0,1.0,0.0,0.0,0.0,0.0,0.0,0.0,0.0,0.0,0.0,0.0,0.0,0.0,8.0,1.0,2.0,2.0,2.0,0.0,1.0,4.0,4.0,0.0,4.0,1.0,0.0,2.0,1.0,0.0,1.0,1.0,0.0,0.0,1.0,2.0,0.0,0.0,0.0,0.0,4.0,3.0,1.0,1.0,0.0,1.0,2.0,1.0,2.0,1.0,1.0,0.0,0.0,1.0,0.0,0.0,0.0,0.0,0.0,0.0,0.0,0.0,0.0,0.0,0.0,0.0,4.0,1.0,0.0,0.0,2.0,2.0,0.0,1.0,3.0,0.0,1.0,0.0,0.0,0.0,0.0,0.0,1.0,0.0,2.0,0.0,1.0,4.0
62,2,0.0,0.0,1.0,0.0,1.0,0.0,0.0,1.0,2.0,0.0,1.0,0.0,1.0,0.0,3.0,0.0,0.0,1.0,1.0,1.0,1.0,0.0,2.0,3.0,1.0,1.0,1.0,0.0,0.0,0.0,1.0,1.0,1.0,2.0,1.0,2.0,13.0,0.0,1.0,2.0,1.0,0.0,0.0,2.0,0.0,1.0,1.0,0.0,0.0,2.0,2.0,0.0,1.0,1.0,2.0,2.0,3.0,1.0,3.0,0.0,1.0,0.0,1.0,3.0,1.0,1.0,3.0,0.0,0.0,0.0,0.0,0.0,0.0,1.0,0.0,0.0,2.0,3.0,1.0,2.0,2.0,0.0,1.0,2.0,4.0,4.0,6.0,9.0,7.0,0.0,0.0,0.0,2.0,1.0,1.0,3.0,2.0,1.0,2.0,0.0,1.0,0.0,1.0,1.0,0.0,0.0,2.0,2.0,3.0,3.0,1.0,3.0,1.0,2.0,1.0,2.0,3.0,1.0,1.0,1.0,3.0,2.0,0.0,1.0,1.0,0.0,2.0,1.0,2.0,2.0,0.0,2.0,2.0,1.0,1.0,3.0,1.0,2.0,2.0,4.0,21.0,2.0,0.0,2.0,0.0,1.0,0.0,2.0,1.0,1.0,1.0,2.0,4.0,1.0,0.0,1.0,0.0,3.0,0.0,3.0,3.0,1.0
62,6,0.0,0.0,0.0,0.0,0.0,0.0,0.0,0.0,0.0,1.0,0.0,0.0,0.0,0.0,1.0,0.0,0.0,0.0,2.0,0.0,0.0,0.0,0.0,0.0,1.0,0.0,1.0,1.0,0.0,0.0,0.0,1.0,0.0,1.0,0.0,4.0,5.0,0.0,0.0,0.0,0.0,1.0,0.0,0.0,0.0,0.0,1.0,0.0,1.0,0.0,0.0,0.0,1.0,0.0,0.0,0.0,1.0,0.0,0.0,0.0,0.0,1.0,1.0,1.0,0.0,0.0,0.0,0.0,0.0,0.0,0.0,0.0,0.0,0.0,2.0,0.0,0.0,2.0,0.0,0.0,1.0,1.0,0.0,2.0,1.0,0.0,0.0,2.0,4.0,0.0,0.0,0.0,0.0,0.0,1.0,3.0,3.0,1.0,1.0,1.0,0.0,1.0,0.0,1.0,1.0,0.0,1.0,0.0,2.0,0.0,0.0,0.0,0.0,1.0,0.0,0.0,0.0,1.0,0.0,2.0,1.0,0.0,2.0,2.0,1.0,0.0,0.0,2.0,0.0,1.0,1.0,1.0,2.0,1.0,1.0,1.0,0.0,0.0,3.0,4.0,7.0,0.0,0.0,0.0,0.0,0.0,0.0,0.0,1.0,0.0,0.0,1.0,1.0,1.0,2.0,0.0,1.0,1.0,0.0,1.0,4.0,0.0
62,8,2.0,0.0,1.0,1.0,1.0,0.0,2.0,1.0,0.0,0.0,1.0,2.0,2.0,0.0,1.0,2.0,1.0,0.0,0.0,2.0,0.0,1.0,0.0,2.0,1.0,0.0,0.0,0.0,5.0,0.0,0.0,0.0,1.0,1.0,0.0,1.0,2.0,1.0,0.0,1.0,0.0,0.0,3.0,1.0,1.0,2.0,1.0,1.0,0.0,1.0,2.0,1.0,3.0,2.0,0.0,2.0,4.0,2.0,3.0,0.0,0.0,2.0,0.0,0.0,1.0,0.0,2.0,2.0,4.0,1.0,2.0,1.0,0.0,2.0,2.0,0.0,4.0,1.0,1.0,0.0,1.0,0.0,1.0,1.0,0.0,0.0,0.0,0.0,5.0,0.0,0.0,3.0,0.0,2.0,0.0,6.0,0.0,0.0,1.0,0.0,0.0,1.0,1.0,0.0,1.0,0.0,0.0,2.0,1.0,2.0,0.0,1.0,4.0,0.0,2.0,2.0,2.0,3.0,1.0,1.0,0.0,2.0,2.0,0.0,2.0,2.0,0.0,0.0,3.0,0.0,1.0,1.0,1.0,4.0,1.0,2.0,1.0,1.0,0.0,2.0,4.0,4.0,1.0,6.0,2.0,0.0,3.0,0.0,1.0,2.0,2.0,3.0,0.0,2.0,5.0,1.0,3.0,1.0,4.0,3.0,1.0,0.0
62,12,1.0,1.0,2.0,0.0,0.0,1.0,2.0,0.0,0.0,0.0,0.0,1.0,0.0,0.0,0.0,1.0,1.0,0.0,0.0,2.0,0.0,0.0,2.0,0.0,0.0,1.0,0.0,1.0,0.0,2.0,2.0,1.0,1.0,1.0,1.0,0.0,1.0,0.0,3.0,1.0,0.0,0.0,1.0,1.0,0.0,0.0,0.0,0.0,1.0,0.0,3.0,2.0,0.0,0.0,0.0,1.0,2.0,0.0,2.0,0.0,0.0,2.0,0.0,0.0,0.0,2.0,1.0,0.0,0.0,2.0,1.0,1.0,1.0,0.0,1.0,1.0,1.0,1.0,1.0,1.0,0.0,1.0,2.0,2.0,1.0,3.0,2.0,3.0,3.0,0.0,0.0,0.0,1.0,0.0,0.0,0.0,0.0,0.0,1.0,0.0,2.0,0.0,2.0,2.0,0.0,1.0,0.0,1.0,0.0,0.0,1.0,1.0,0.0,2.0,1.0,0.0,0.0,0.0,1.0,1.0,1.0,1.0,0.0,0.0,3.0,1.0,1.0,0.0,0.0,1.0,1.0,1.0,0.0,0.0,1.0,3.0,1.0,1.0,2.0,0.0,2.0,0.0,0.0,1.0,0.0,2.0,3.0,1.0,0.0,1.0,0.0,1.0,1.0,1.0,0.0,0.0,0.0,1.0,1.0,1.0,0.0,1.0
62,13,1.0,0.0,2.0,0.0,0.0,0.0,1.0,0.0,2.0,0.0,0.0,0.0,0.0,0.0,0.0,0.0,0.0,1.0,1.0,0.0,0.0,1.0,1.0,0.0,0.0,1.0,1.0,0.0,1.0,1.0,3.0,0.0,0.0,2.0,1.0,0.0,0.0,0.0,0.0,0.0,0.0,0.0,0.0,0.0,0.0,0.0,1.0,0.0,0.0,1.0,2.0,0.0,1.0,0.0,0.0,0.0,2.0,0.0,0.0,0.0,0.0,0.0,0.0,0.0,0.0,2.0,0.0,0.0,1.0,0.0,0.0,0.0,0.0,1.0,0.0,0.0,1.0,1.0,0.0,0.0,1.0,1.0,3.0,3.0,1.0,0.0,1.0,1.0,1.0,2.0,0.0,2.0,2.0,1.0,0.0,0.0,0.0,1.0,1.0,1.0,0.0,1.0,0.0,1.0,2.0,1.0,0.0,0.0,0.0,1.0,0.0,0.0,0.0,0.0,1.0,2.0,0.0,1.0,1.0,0.0,2.0,0.0,1.0,0.0,0.0,0.0,2.0,0.0,0.0,1.0,2.0,0.0,1.0,0.0,0.0,0.0,0.0,2.0,4.0,0.0,3.0,0.0,1.0,1.0,0.0,0.0,2.0,0.0,0.0,1.0,0.0,0.0,0.0,0.0,0.0,0.0,1.0,2.0,2.0,1.0,0.0,2.0
62,14,0.0,0.0,1.0,1.0,0.0,0.0,0.0,1.0,0.0,0.0,0.0,0.0,0.0,1.0,0.0,1.0,0.0,0.0,0.0,0.0,1.0,0.0,0.0,0.0,0.0,1.0,0.0,0.0,0.0,0.0,0.0,0.0,1.0,0.0,1.0,1.0,7.0,1.0,0.0,0.0,0.0,0.0,0.0,0.0,1.0,0.0,0.0,0.0,2.0,0.0,0.0,0.0,1.0,0.0,0.0,2.0,3.0,0.0,2.0,0.0,1.0,1.0,0.0,1.0,0.0,2.0,0.0,1.0,1.0,0.0,2.0,0.0,0.0,0.0,0.0,0.0,0.0,0.0,0.0,0.0,0.0,1.0,0.0,0.0,0.0,0.0,3.0,1.0,6.0,1.0,0.0,0.0,1.0,0.0,0.0,1.0,3.0,1.0,0.0,2.0,1.0,0.0,1.0,2.0,1.0,0.0,1.0,1.0,1.0,0.0,1.0,4.0,0.0,0.0,0.0,2.0,1.0,0.0,0.0,2.0,0.0,1.0,0.0,0.0,0.0,0.0,0.0,0.0,0.0,0.0,0.0,0.0,0.0,0.0,0.0,0.0,0.0,0.0,0.0,2.0,4.0,1.0,2.0,1.0,1.0,0.0,2.0,1.0,2.0,1.0,0.0,0.0,0.0,1.0,0.0,0.0,0.0,0.0,0.0,1.0,0.0,0.0
62,19,0.0,0.0,1.0,0.0,0.0,0.0,0.0,0.0,0.0,0.0,0.0,0.0,0.0,0.0,0.0,0.0,0.0,0.0,0.0,0.0,0.0,0.0,0.0,1.0,0.0,0.0,0.0,0.0,0.0,0.0,1.0,1.0,0.0,1.0,1.0,2.0,0.0,0.0,2.0,2.0,0.0,1.0,0.0,0.0,0.0,0.0,1.0,0.0,0.0,0.0,0.0,0.0,0.0,1.0,0.0,0.0,0.0,0.0,0.0,0.0,1.0,0.0,0.0,0.0,1.0,0.0,0.0,0.0,0.0,1.0,0.0,1.0,0.0,1.0,0.0,0.0,2.0,0.0,0.0,2.0,2.0,0.0,1.0,1.0,0.0,0.0,0.0,0.0,3.0,0.0,1.0,1.0,0.0,0.0,1.0,0.0,1.0,1.0,0.0,0.0,1.0,0.0,2.0,0.0,1.0,0.0,0.0,2.0,1.0,1.0,0.0,0.0,0.0,0.0,0.0,0.0,0.0,3.0,0.0,0.0,0.0,1.0,1.0,4.0,2.0,1.0,1.0,0.0,0.0,0.0,0.0,0.0,1.0,1.0,1.0,1.0,0.0,0.0,0.0,1.0,1.0,3.0,0.0,2.0,0.0,1.0,0.0,2.0,0.0,0.0,1.0,0.0,1.0,1.0,0.0,0.0,0.0,1.0,1.0,0.0,1.0,1.0
62,20,0.0,0.0,0.0,0.0,0.0,0.0,1.0,0.0,0.0,0.0,1.0,0.0,0.0,0.0,0.0,1.0,0.0,0.0,0.0,0.0,0.0,0.0,0.0,1.0,0.0,0.0,0.0,0.0,0.0,0.0,2.0,1.0,3.0,0.0,0.0,1.0,0.0,0.0,2.0,0.0,0.0,0.0,0.0,0.0,0.0,0.0,1.0,0.0,0.0,0.0,0.0,0.0,0.0,0.0,0.0,0.0,2.0,0.0,0.0,0.0,0.0,2.0,2.0,0.0,0.0,0.0,0.0,2.0,2.0,0.0,3.0,1.0,1.0,0.0,0.0,0.0,0.0,0.0,0.0,1.0,0.0,0.0,0.0,0.0,2.0,0.0,0.0,0.0,0.0,3.0,1.0,1.0,0.0,1.0,2.0,1.0,0.0,0.0,0.0,0.0,1.0,0.0,0.0,1.0,2.0,0.0,1.0,1.0,0.0,1.0,0.0,0.0,1.0,0.0,1.0,1.0,1.0,1.0,1.0,0.0,1.0,0.0,0.0,1.0,0.0,1.0,1.0,0.0,0.0,0.0,1.0,0.0,1.0,1.0,3.0,0.0,0.0,0.0,0.0,2.0,3.0,2.0,1.0,0.0,0.0,1.0,0.0,1.0,0.0,1.0,0.0,0.0,1.0,1.0,1.0,0.0,1.0,0.0,1.0,0.0,2.0,1.0
62,21,0.0,0.0,0.0,0.0,1.0,0.0,0.0,0.0,0.0,0.0,1.0,0.0,0.0,0.0,0.0,0.0,1.0,0.0,0.0,0.0,1.0,1.0,0.0,0.0,1.0,0.0,1.0,0.0,0.0,0.0,0.0,0.0,0.0,0.0,0.0,2.0,0.0,0.0,0.0,1.0,0.0,0.0,1.0,1.0,1.0,0.0,0.0,0.0,0.0,0.0,1.0,0.0,0.0,1.0,0.0,0.0,3.0,0.0,0.0,0.0,0.0,0.0,1.0,0.0,1.0,1.0,0.0,0.0,1.0,0.0,0.0,2.0,0.0,1.0,0.0,0.0,1.0,0.0,0.0,0.0,1.0,0.0,0.0,2.0,1.0,0.0,0.0,0.0,2.0,1.0,0.0,0.0,2.0,0.0,0.0,1.0,1.0,1.0,2.0,1.0,1.0,1.0,0.0,0.0,0.0,0.0,1.0,0.0,1.0,0.0,2.0,0.0,1.0,2.0,1.0,0.0,0.0,0.0,1.0,1.0,0.0,0.0,0.0,3.0,2.0,1.0,0.0,0.0,1.0,0.0,0.0,0.0,0.0,0.0,0.0,3.0,0.0,0.0,2.0,0.0,4.0,0.0,2.0,0.0,0.0,0.0,2.0,0.0,1.0,2.0,0.0,0.0,0.0,0.0,1.0,3.0,1.0,0.0,1.0,1.0,0.0,0.0
62,22,0.0,0.0,1.0,0.0,0.0,0.0,0.0,1.0,1.0,0.0,0.0,0.0,1.0,0.0,1.0,1.0,0.0,2.0,1.0,1.0,1.0,0.0,0.0,0.0,1.0,0.0,0.0,0.0,0.0,1.0,2.0,2.0,0.0,0.0,2.0,2.0,1.0,4.0,0.0,1.0,0.0,0.0,2.0,2.0,0.0,0.0,2.0,0.0,0.0,1.0,2.0,0.0,0.0,1.0,0.0,1.0,0.0,0.0,0.0,2.0,1.0,0.0,0.0,0.0,0.0,0.0,1.0,1.0,0.0,0.0,1.0,0.0,0.0,2.0,2.0,0.0,0.0,1.0,0.0,0.0,1.0,1.0,0.0,2.0,1.0,0.0,0.0,1.0,1.0,1.0,0.0,0.0,1.0,2.0,2.0,0.0,0.0,1.0,1.0,0.0,0.0,1.0,0.0,1.0,0.0,2.0,0.0,2.0,1.0,1.0,1.0,3.0,1.0,2.0,1.0,0.0,0.0,2.0,1.0,0.0,1.0,0.0,0.0,2.0,2.0,0.0,0.0,1.0,1.0,1.0,0.0,0.0,0.0,1.0,0.0,3.0,1.0,1.0,2.0,1.0,1.0,2.0,1.0,0.0,0.0,2.0,1.0,0.0,1.0,0.0,1.0,1.0,1.0,1.0,0.0,0.0,2.0,0.0,1.0,0.0,0.0,1.0
62,23,42.0,38.0,124.0,45.0,43.0,50.0,33.0,57.0,37.0,28.0,28.0,34.0,23.0,37.0,30.0,33.0,12.0,37.0,26.0,26.0,36.0,31.0,24.0,24.0,23.0,22.0,42.0,21.0,36.0,65.0,112.0,102.0,48.0,70.0,52.0,149.0,128.0,101.0,86.0,31.0,14.0,54.0,20.0,42.0,38.0,53.0,36.0,36.0,29.0,14.0,23.0,13.0,29.0,7.0,67.0,48.0,39.0,26.0,8.0,44.0,36.0,62.0,55.0,35.0,36.0,47.0,9.0,8.0,3.0,6.0,6.0,1.0,65.0,46.0,25.0,73.0,48.0,44.0,58.0,38.0,56.0,40.0,57.0,56.0,64.0,33.0,69.0,59.0,144.0,18.0,48.0,26.0,5.0,2.0,1.0,3.0,2.0,0.0,1.0,81.0,102.0,90.0,73.0,81.0,50.0,43.0,73.0,62.0,54.0,43.0,84.0,20.0,14.0,49.0,45.0,12.0,10.0,18.0,15.0,32.0,60.0,71.0,67.0,36.0,49.0,58.0,57.0,37.0,124.0,89.0,34.0,27.0,31.0,91.0,49.0,65.0,104.0,144.0,186.0,185.0,225.0,100.0,32.0,29.0,25.0,19.0,15.0,88.0,75.0,64.0,34.0,47.0,48.0,36.0,12.0,42.0,84.0,55.0,67.0,42.0,78.0,38.0
62,29,4.0,3.0,0.0,0.0,0.0,5.0,0.0,1.0,2.0,5.0,1.0,7.0,3.0,0.0,4.0,0.0,0.0,0.0,0.0,0.0,0.0,3.0,2.0,1.0,0.0,2.0,1.0,0.0,0.0,0.0,3.0,6.0,2.0,6.0,1.0,6.0,3.0,1.0,3.0,2.0,0.0,0.0,2.0,8.0,1.0,3.0,2.0,3.0,5.0,7.0,7.0,1.0,5.0,3.0,6.0,4.0,8.0,2.0,5.0,3.0,4.0,3.0,2.0,4.0,0.0,5.0,4.0,5.0,0.0,4.0,0.0,1.0,0.0,4.0,4.0,0.0,6.0,0.0,3.0,5.0,3.0,1.0,6.0,3.0,2.0,6.0,3.0,6.0,1.0,5.0,11.0,1.0,1.0,0.0,0.0,1.0,0.0,2.0,0.0,4.0,1.0,3.0,0.0,6.0,3.0,2.0,0.0,3.0,3.0,0.0,0.0,5.0,0.0,0.0,0.0,6.0,5.0,6.0,6.0,2.0,0.0,0.0,7.0,0.0,2.0,0.0,2.0,0.0,0.0,0.0,0.0,0.0,0.0,0.0,0.0,1.0,7.0,7.0,2.0,3.0,2.0,3.0,0.0,0.0,0.0,0.0,0.0,1.0,0.0,0.0,1.0,0.0,0.0,0.0,0.0,0.0,3.0,0.0,1.0,1.0,2.0,1.0
62,37,2.0,5.0,1.0,0.0,0.0,0.0,0.0,1.0,1.0,1.0,0.0,0.0,1.0,0.0,0.0,0.0,1.0,1.0,0.0,0.0,1.0,0.0,0.0,0.0,0.0,1.0,0.0,1.0,0.0,0.0,3.0,2.0,1.0,0.0,2.0,0.0,4.0,0.0,1.0,0.0,0.0,0.0,1.0,0.0,2.0,0.0,1.0,2.0,2.0,1.0,0.0,0.0,0.0,0.0,2.0,1.0,8.0,0.0,1.0,0.0,2.0,1.0,0.0,0.0,1.0,0.0,0.0,0.0,1.0,1.0,0.0,2.0,0.0,0.0,0.0,1.0,1.0,2.0,2.0,1.0,1.0,0.0,0.0,1.0,0.0,1.0,0.0,3.0,7.0,1.0,0.0,0.0,3.0,1.0,0.0,1.0,0.0,3.0,1.0,2.0,3.0,0.0,0.0,0.0,1.0,1.0,0.0,3.0,1.0,3.0,2.0,3.0,3.0,1.0,0.0,0.0,2.0,2.0,0.0,1.0,1.0,0.0,1.0,1.0,0.0,0.0,0.0,0.0,1.0,0.0,1.0,1.0,1.0,0.0,0.0,3.0,2.0,0.0,0.0,0.0,2.0,1.0,0.0,0.0,1.0,1.0,1.0,1.0,2.0,0.0,1.0,1.0,0.0,0.0,0.0,0.0,0.0,2.0,0.0,1.0,0.0,1.0
62,40,0.0,0.0,0.0,4.0,0.0,0.0,0.0,2.0,1.0,0.0,2.0,2.0,1.0,1.0,1.0,4.0,2.0,3.0,5.0,2.0,1.0,2.0,2.0,0.0,1.0,3.0,4.0,1.0,2.0,3.0,2.0,3.0,3.0,3.0,3.0,6.0,19.0,1.0,2.0,0.0,1.0,1.0,0.0,2.0,1.0,0.0,3.0,3.0,0.0,0.0,0.0,3.0,0.0,0.0,0.0,0.0,4.0,2.0,1.0,1.0,0.0,0.0,2.0,1.0,0.0,0.0,0.0,1.0,0.0,2.0,0.0,0.0,0.0,0.0,1.0,5.0,0.0,1.0,0.0,0.0,0.0,0.0,0.0,3.0,1.0,3.0,4.0,6.0,31.0,3.0,4.0,2.0,0.0,2.0,5.0,3.0,2.0,1.0,4.0,1.0,2.0,3.0,0.0,1.0,1.0,2.0,0.0,5.0,4.0,3.0,0.0,4.0,5.0,3.0,0.0,2.0,1.0,0.0,3.0,4.0,3.0,1.0,1.0,1.0,1.0,2.0,3.0,0.0,0.0,0.0,0.0,0.0,0.0,0.0,0.0,4.0,7.0,2.0,4.0,5.0,20.0,3.0,1.0,3.0,0.0,2.0,3.0,1.0,4.0,0.0,0.0,0.0,0.0,0.0,0.0,0.0,1.0,2.0,1.0,2.0,0.0,0.0
62,47,0.0,0.0,0.0,0.0,0.0,0.0,0.0,0.0,0.0,0.0,0.0,0.0,0.0,0.0,0.0,0.0,0.0,0.0,0.0,0.0,0.0,0.0,0.0,0.0,0.0,0.0,0.0,0.0,0.0,0.0,0.0,0.0,0.0,0.0,0.0,0.0,0.0,0.0,0.0,0.0,0.0,3.0,2.0,11.0,14.0,0.0,14.0,8.0,8.0,10.0,12.0,11.0,4.0,2.0,21.0,18.0,13.0,12.0,10.0,26.0,11.0,9.0,4.0,17.0,11.0,13.0,5.0,8.0,18.0,26.0,26.0,9.0,19.0,12.0,18.0,10.0,22.0,0.0,21.0,2.0,15.0,13.0,9.0,22.0,19.0,0.0,15.0,21.0,14.0,4.0,0.0,18.0,7.0,6.0,9.0,12.0,8.0,8.0,8.0,14.0,8.0,14.0,11.0,12.0,5.0,12.0,19.0,17.0,15.0,8.0,9.0,12.0,10.0,6.0,6.0,9.0,14.0,14.0,9.0,14.0,11.0,22.0,17.0,7.0,12.0,8.0,6.0,9.0,24.0,10.0,14.0,7.0,9.0,10.0,15.0,33.0,17.0,6.0,23.0,13.0,13.0,5.0,5.0,16.0,8.0,12.0,18.0,8.0,9.0,11.0,7.0,15.0,10.0,9.0,5.0,4.0,5.0,10.0,9.0,14.0,31.0,19.0
62,48,0.0,0.0,0.0,0.0,0.0,2.0,0.0,0.0,0.0,0.0,0.0,0.0,0.0,0.0,0.0,0.0,0.0,0.0,0.0,0.0,0.0,0.0,0.0,0.0,0.0,0.0,0.0,0.0,0.0,0.0,0.0,0.0,0.0,0.0,0.0,0.0,0.0,0.0,0.0,0.0,0.0,3.0,2.0,11.0,14.0,0.0,13.0,8.0,8.0,9.0,12.0,11.0,2.0,2.0,20.0,18.0,13.0,9.0,10.0,23.0,10.0,7.0,4.0,16.0,11.0,11.0,4.0,8.0,18.0,24.0,25.0,10.0,17.0,12.0,18.0,10.0,20.0,0.0,21.0,2.0,15.0,10.0,6.0,22.0,17.0,0.0,13.0,18.0,14.0,4.0,0.0,17.0,7.0,6.0,8.0,12.0,8.0,8.0,8.0,12.0,8.0,14.0,11.0,12.0,5.0,12.0,18.0,17.0,14.0,7.0,7.0,11.0,10.0,6.0,5.0,9.0,13.0,13.0,9.0,14.0,11.0,22.0,17.0,7.0,12.0,9.0,6.0,9.0,21.0,10.0,14.0,7.0,9.0,10.0,15.0,32.0,15.0,6.0,23.0,13.0,13.0,5.0,5.0,16.0,8.0,12.0,18.0,8.0,9.0,11.0,7.0,15.0,8.0,9.0,5.0,4.0,5.0,10.0,9.0,13.0,28.0,18.0
62,50,0.0,0.0,0.0,0.0,0.0,0.0,0.0,1.0,0.0,0.0,0.0,0.0,1.0,0.0,0.0,1.0,0.0,0.0,0.0,0.0,1.0,0.0,0.0,0.0,0.0,0.0,1.0,0.0,0.0,0.0,1.0,0.0,0.0,2.0,0.0,0.0,0.0,1.0,0.0,0.0,0.0,0.0,0.0,0.0,0.0,0.0,0.0,0.0,0.0,1.0,0.0,0.0,2.0,0.0,0.0,0.0,0.0,0.0,0.0,1.0,0.0,1.0,2.0,0.0,1.0,0.0,2.0,0.0,0.0,0.0,0.0,0.0,0.0,0.0,0.0,1.0,1.0,0.0,1.0,2.0,1.0,2.0,0.0,0.0,0.0,1.0,0.0,0.0,3.0,3.0,2.0,0.0,1.0,2.0,1.0,0.0,1.0,1.0,0.0,0.0,1.0,0.0,1.0,0.0,0.0,1.0,1.0,4.0,1.0,1.0,2.0,0.0,1.0,1.0,0.0,0.0,0.0,0.0,0.0,0.0,2.0,1.0,2.0,1.0,0.0,1.0,2.0,0.0,3.0,0.0,1.0,1.0,0.0,0.0,1.0,0.0,0.0,0.0,1.0,1.0,1.0,1.0,1.0,1.0,1.0,0.0,1.0,0.0,1.0,0.0,0.0,1.0,1.0,1.0,0.0,0.0,0.0,1.0,0.0,0.0,2.0,1.0
62,52,0.0,1.0,2.0,0.0,1.0,3.0,0.0,1.0,2.0,0.0,1.0,1.0,0.0,0.0,0.0,0.0,1.0,0.0,0.0,0.0,0.0,0.0,0.0,0.0,1.0,0.0,0.0,0.0,0.0,0.0,0.0,1.0,1.0,2.0,0.0,1.0,3.0,4.0,0.0,0.0,1.0,2.0,0.0,2.0,0.0,1.0,0.0,0.0,0.0,0.0,1.0,0.0,0.0,2.0,1.0,0.0,2.0,1.0,0.0,0.0,0.0,2.0,0.0,0.0,0.0,0.0,0.0,0.0,1.0,0.0,0.0,0.0,0.0,0.0,0.0,0.0,3.0,1.0,0.0,0.0,0.0,1.0,1.0,0.0,0.0,0.0,5.0,1.0,11.0,0.0,0.0,1.0,1.0,0.0,1.0,0.0,1.0,0.0,1.0,0.0,3.0,1.0,1.0,0.0,0.0,2.0,1.0,0.0,1.0,0.0,0.0,1.0,0.0,8.0,2.0,1.0,2.0,0.0,0.0,2.0,0.0,0.0,1.0,1.0,0.0,0.0,3.0,1.0,2.0,0.0,1.0,0.0,0.0,1.0,0.0,2.0,0.0,1.0,4.0,3.0,2.0,2.0,2.0,1.0,0.0,0.0,1.0,1.0,2.0,0.0,1.0,0.0,0.0,2.0,0.0,0.0,0.0,0.0,1.0,1.0,1.0,1.0
62,61,0.0,2.0,0.0,0.0,1.0,1.0,2.0,0.0,1.0,0.0,0.0,1.0,0.0,1.0,0.0,0.0,0.0,4.0,1.0,3.0,1.0,1.0,0.0,3.0,1.0,0.0,0.0,2.0,0.0,0.0,3.0,0.0,1.0,0.0,0.0,0.0,0.0,0.0,0.0,0.0,0.0,1.0,0.0,1.0,0.0,0.0,2.0,2.0,1.0,1.0,1.0,2.0,1.0,1.0,1.0,0.0,0.0,1.0,1.0,1.0,2.0,1.0,0.0,0.0,0.0,0.0,0.0,0.0,2.0,1.0,0.0,0.0,4.0,1.0,0.0,0.0,1.0,0.0,2.0,1.0,0.0,1.0,3.0,1.0,1.0,1.0,0.0,2.0,2.0,0.0,0.0,1.0,0.0,1.0,2.0,2.0,2.0,0.0,0.0,0.0,1.0,0.0,4.0,2.0,0.0,3.0,2.0,0.0,1.0,0.0,1.0,2.0,0.0,0.0,0.0,2.0,0.0,1.0,1.0,0.0,1.0,0.0,0.0,0.0,1.0,2.0,0.0,1.0,4.0,1.0,2.0,0.0,0.0,0.0,2.0,1.0,0.0,0.0,0.0,1.0,0.0,0.0,0.0,1.0,0.0,1.0,0.0,2.0,1.0,4.0,0.0,1.0,0.0,0.0,2.0,2.0,1.0,1.0,0.0,0.0,0.0,1.0
62,63,2.0,1.0,3.0,1.0,1.0,0.0,0.0,1.0,0.0,1.0,1.0,1.0,1.0,0.0,1.0,1.0,0.0,1.0,1.0,0.0,0.0,2.0,0.0,3.0,2.0,0.0,3.0,0.0,0.0,0.0,6.0,8.0,0.0,2.0,1.0,15.0,8.0,2.0,2.0,3.0,0.0,0.0,0.0,1.0,2.0,0.0,0.0,2.0,0.0,1.0,2.0,2.0,0.0,2.0,3.0,1.0,1.0,0.0,0.0,1.0,0.0,2.0,0.0,0.0,2.0,1.0,0.0,1.0,0.0,2.0,0.0,1.0,0.0,0.0,0.0,1.0,1.0,1.0,1.0,2.0,0.0,0.0,2.0,8.0,3.0,2.0,1.0,8.0,10.0,1.0,3.0,0.0,1.0,2.0,0.0,1.0,0.0,1.0,0.0,0.0,1.0,2.0,1.0,2.0,4.0,0.0,1.0,1.0,2.0,0.0,1.0,3.0,2.0,0.0,0.0,0.0,2.0,1.0,6.0,0.0,0.0,0.0,0.0,0.0,0.0,2.0,1.0,0.0,2.0,2.0,1.0,1.0,1.0,0.0,2.0,10.0,6.0,1.0,7.0,4.0,8.0,4.0,4.0,4.0,0.0,0.0,1.0,0.0,1.0,2.0,1.0,1.0,0.0,0.0,0.0,0.0,0.0,0.0,1.0,4.0,1.0,0.0
62,64,1.0,1.0,3.0,2.0,1.0,0.0,1.0,1.0,1.0,0.0,0.0,2.0,1.0,0.0,1.0,0.0,0.0,3.0,0.0,1.0,2.0,3.0,0.0,0.0,0.0,0.0,0.0,1.0,2.0,0.0,5.0,1.0,0.0,0.0,2.0,9.0,3.0,0.0,1.0,1.0,0.0,1.0,1.0,2.0,3.0,0.0,1.0,2.0,0.0,1.0,3.0,1.0,1.0,2.0,7.0,6.0,3.0,2.0,0.0,7.0,1.0,4.0,2.0,0.0,0.0,4.0,1.0,1.0,0.0,6.0,0.0,0.0,1.0,1.0,2.0,2.0,9.0,5.0,2.0,5.0,0.0,0.0,0.0,9.0,8.0,1.0,8.0,3.0,3.0,5.0,1.0,0.0,2.0,1.0,1.0,2.0,0.0,0.0,1.0,0.0,6.0,3.0,2.0,1.0,2.0,0.0,2.0,4.0,3.0,0.0,1.0,2.0,0.0,2.0,1.0,1.0,2.0,1.0,3.0,1.0,1.0,2.0,2.0,1.0,0.0,3.0,2.0,4.0,1.0,4.0,1.0,2.0,1.0,1.0,4.0,8.0,4.0,4.0,6.0,7.0,9.0,3.0,0.0,1.0,1.0,1.0,0.0,2.0,3.0,2.0,1.0,0.0,2.0,1.0,0.0,4.0,3.0,1.0,5.0,3.0,1.0,2.0
62,70,0.0,0.0,1.0,0.0,0.0,0.0,0.0,2.0,0.0,2.0,0.0,0.0,0.0,0.0,0.0,0.0,1.0,0.0,0.0,0.0,0.0,0.0,1.0,0.0,0.0,0.0,1.0,0.0,0.0,0.0,1.0,0.0,1.0,0.0,1.0,3.0,0.0,1.0,0.0,1.0,0.0,1.0,0.0,0.0,2.0,0.0,2.0,0.0,0.0,0.0,1.0,1.0,0.0,0.0,2.0,1.0,1.0,0.0,0.0,0.0,1.0,3.0,0.0,1.0,0.0,1.0,0.0,2.0,0.0,1.0,0.0,2.0,0.0,0.0,0.0,0.0,0.0,0.0,0.0,0.0,2.0,2.0,1.0,1.0,1.0,0.0,0.0,4.0,2.0,2.0,1.0,0.0,0.0,5.0,0.0,0.0,1.0,1.0,1.0,1.0,1.0,3.0,0.0,0.0,0.0,0.0,1.0,0.0,3.0,0.0,1.0,0.0,0.0,1.0,0.0,3.0,0.0,1.0,4.0,0.0,2.0,0.0,0.0,1.0,0.0,0.0,0.0,0.0,0.0,1.0,0.0,1.0,1.0,0.0,1.0,0.0,0.0,0.0,3.0,1.0,4.0,1.0,2.0,0.0,0.0,3.0,1.0,1.0,1.0,1.0,0.0,0.0,0.0,2.0,1.0,0.0,1.0,1.0,5.0,1.0,0.0,0.0
62,72,0.0,0.0,0.0,0.0,0.0,0.0,0.0,0.0,0.0,0.0,0.0,0.0,0.0,0.0,0.0,0.0,0.0,0.0,0.0,0.0,0.0,0.0,0.0,0.0,0.0,0.0,0.0,0.0,0.0,0.0,0.0,0.0,0.0,0.0,1.0,0.0,0.0,2.0,1.0,0.0,0.0,0.0,0.0,0.0,0.0,0.0,0.0,0.0,0.0,0.0,0.0,0.0,1.0,0.0,1.0,0.0,1.0,0.0,0.0,1.0,1.0,1.0,1.0,0.0,0.0,0.0,0.0,0.0,0.0,0.0,0.0,0.0,0.0,0.0,0.0,0.0,2.0,0.0,0.0,0.0,0.0,0.0,0.0,0.0,0.0,0.0,2.0,6.0,12.0,2.0,1.0,0.0,0.0,0.0,2.0,3.0,1.0,1.0,1.0,1.0,0.0,0.0,0.0,1.0,0.0,0.0,2.0,0.0,0.0,3.0,1.0,1.0,3.0,4.0,2.0,2.0,3.0,1.0,0.0,0.0,2.0,2.0,3.0,0.0,3.0,0.0,3.0,2.0,0.0,0.0,0.0,0.0,2.0,0.0,2.0,1.0,3.0,0.0,0.0,0.0,1.0,1.0,1.0,0.0,1.0,0.0,2.0,1.0,1.0,0.0,0.0,0.0,1.0,0.0,0.0,0.0,0.0,0.0,0.0,1.0,1.0,4.0
62,74,0.0,0.0,0.0,0.0,0.0,0.0,0.0,0.0,0.0,0.0,0.0,0.0,0.0,0.0,0.0,0.0,0.0,0.0,0.0,0.0,0.0,0.0,0.0,0.0,0.0,0.0,0.0,0.0,1.0,0.0,0.0,0.0,1.0,0.0,0.0,0.0,0.0,0.0,0.0,0.0,0.0,0.0,0.0,0.0,0.0,0.0,0.0,0.0,0.0,0.0,0.0,0.0,0.0,0.0,1.0,2.0,0.0,0.0,0.0,0.0,0.0,1.0,0.0,0.0,1.0,1.0,0.0,0.0,0.0,0.0,0.0,0.0,1.0,1.0,0.0,0.0,0.0,0.0,3.0,2.0,2.0,0.0,1.0,0.0,0.0,0.0,0.0,1.0,3.0,1.0,0.0,2.0,1.0,1.0,1.0,1.0,2.0,2.0,0.0,0.0,0.0,1.0,1.0,2.0,0.0,1.0,1.0,4.0,2.0,0.0,0.0,0.0,0.0,1.0,0.0,1.0,4.0,0.0,2.0,0.0,2.0,0.0,0.0,2.0,0.0,2.0,0.0,1.0,0.0,2.0,0.0,0.0,0.0,0.0,2.0,2.0,0.0,0.0,1.0,0.0,3.0,1.0,0.0,0.0,0.0,0.0,12.0,1.0,0.0,0.0,2.0,0.0,1.0,0.0,1.0,0.0,1.0,1.0,1.0,2.0,3.0,0.0
62,77,2.0,0.0,2.0,1.0,0.0,0.0,0.0,0.0,0.0,0.0,0.0,0.0,0.0,1.0,0.0,0.0,0.0,1.0,0.0,0.0,1.0,0.0,1.0,0.0,1.0,0.0,0.0,0.0,0.0,0.0,1.0,0.0,0.0,0.0,1.0,1.0,2.0,0.0,0.0,0.0,0.0,0.0,0.0,0.0,0.0,0.0,0.0,0.0,0.0,0.0,0.0,0.0,0.0,0.0,2.0,1.0,2.0,0.0,1.0,0.0,0.0,0.0,0.0,0.0,0.0,1.0,0.0,0.0,0.0,0.0,1.0,0.0,1.0,0.0,1.0,0.0,0.0,0.0,1.0,0.0,1.0,0.0,0.0,1.0,0.0,0.0,1.0,0.0,2.0,2.0,0.0,1.0,0.0,0.0,0.0,0.0,0.0,1.0,0.0,1.0,1.0,1.0,0.0,0.0,3.0,1.0,0.0,2.0,2.0,1.0,3.0,1.0,0.0,1.0,0.0,1.0,3.0,3.0,0.0,0.0,0.0,1.0,1.0,0.0,1.0,0.0,0.0,2.0,2.0,1.0,2.0,0.0,0.0,0.0,0.0,0.0,2.0,0.0,0.0,4.0,11.0,6.0,2.0,3.0,1.0,1.0,0.0,0.0,0.0,0.0,0.0,1.0,0.0,0.0,0.0,1.0,0.0,2.0,2.0,2.0,4.0,1.0
62,80,2.0,4.0,7.0,5.0,4.0,1.0,2.0,2.0,3.0,2.0,0.0,1.0,2.0,1.0,0.0,2.0,2.0,0.0,2.0,4.0,0.0,4.0,4.0,2.0,3.0,2.0,3.0,3.0,3.0,2.0,13.0,11.0,2.0,2.0,3.0,4.0,3.0,4.0,6.0,4.0,0.0,1.0,0.0,1.0,7.0,3.0,5.0,1.0,1.0,2.0,8.0,5.0,3.0,2.0,6.0,2.0,5.0,2.0,3.0,10.0,2.0,3.0,2.0,5.0,1.0,0.0,1.0,2.0,2.0,2.0,1.0,1.0,0.0,0.0,2.0,2.0,3.0,2.0,1.0,2.0,4.0,3.0,1.0,11.0,7.0,2.0,6.0,0.0,6.0,3.0,2.0,6.0,6.0,1.0,0.0,4.0,1.0,3.0,1.0,4.0,3.0,0.0,0.0,0.0,3.0,2.0,1.0,4.0,8.0,3.0,3.0,4.0,2.0,2.0,1.0,4.0,3.0,3.0,1.0,4.0,5.0,2.0,3.0,0.0,1.0,1.0,2.0,1.0,1.0,2.0,2.0,0.0,0.0,2.0,2.0,5.0,1.0,2.0,10.0,2.0,5.0,2.0,1.0,4.0,2.0,0.0,0.0,5.0,0.0,3.0,2.0,1.0,6.0,4.0,2.0,0.0,3.0,3.0,0.0,2.0,1.0,0.0
62,84,0.0,0.0,0.0,0.0,1.0,0.0,0.0,0.0,0.0,0.0,0.0,2.0,0.0,0.0,0.0,1.0,0.0,0.0,0.0,1.0,0.0,1.0,1.0,0.0,0.0,0.0,0.0,1.0,0.0,1.0,1.0,0.0,1.0,1.0,0.0,1.0,1.0,1.0,0.0,0.0,0.0,0.0,0.0,2.0,0.0,1.0,1.0,3.0,0.0,0.0,0.0,1.0,0.0,0.0,1.0,1.0,4.0,1.0,0.0,2.0,0.0,0.0,1.0,3.0,0.0,1.0,2.0,1.0,3.0,1.0,0.0,0.0,1.0,0.0,1.0,0.0,1.0,3.0,1.0,2.0,1.0,0.0,0.0,1.0,2.0,5.0,1.0,2.0,0.0,2.0,1.0,0.0,0.0,1.0,0.0,1.0,1.0,1.0,0.0,2.0,1.0,2.0,1.0,1.0,2.0,2.0,3.0,1.0,1.0,3.0,1.0,0.0,1.0,2.0,0.0,0.0,1.0,0.0,0.0,1.0,1.0,3.0,0.0,0.0,1.0,0.0,1.0,1.0,3.0,1.0,2.0,2.0,1.0,3.0,1.0,3.0,0.0,1.0,2.0,3.0,0.0,0.0,0.0,1.0,1.0,3.0,0.0,1.0,0.0,1.0,2.0,0.0,1.0,2.0,2.0,0.0,1.0,2.0,2.0,1.0,1.0,2.0
62,86,0.0,0.0,1.0,0.0,0.0,1.0,0.0,1.0,1.0,0.0,0.0,0.0,0.0,2.0,0.0,1.0,0.0,0.0,1.0,2.0,0.0,0.0,1.0,0.0,0.0,0.0,0.0,1.0,0.0,1.0,0.0,1.0,0.0,2.0,2.0,2.0,1.0,0.0,0.0,0.0,0.0,0.0,1.0,1.0,1.0,0.0,1.0,1.0,1.0,1.0,2.0,0.0,0.0,1.0,4.0,0.0,2.0,1.0,1.0,0.0,0.0,1.0,0.0,0.0,0.0,1.0,0.0,1.0,0.0,0.0,0.0,0.0,1.0,1.0,2.0,1.0,0.0,1.0,1.0,0.0,1.0,1.0,1.0,2.0,0.0,0.0,0.0,0.0,1.0,0.0,0.0,0.0,0.0,0.0,1.0,1.0,3.0,0.0,0.0,0.0,0.0,1.0,1.0,1.0,0.0,0.0,1.0,2.0,2.0,0.0,0.0,0.0,1.0,0.0,2.0,1.0,1.0,0.0,3.0,0.0,0.0,0.0,2.0,0.0,1.0,0.0,0.0,0.0,0.0,2.0,0.0,1.0,0.0,1.0,2.0,7.0,0.0,0.0,2.0,1.0,1.0,2.0,0.0,0.0,0.0,1.0,1.0,1.0,1.0,0.0,0.0,2.0,0.0,2.0,0.0,0.0,0.0,1.0,2.0,2.0,0.0,0.0
62,87,4.0,0.0,2.0,5.0,0.0,0.0,1.0,5.0,1.0,3.0,2.0,2.0,0.0,2.0,1.0,1.0,2.0,3.0,3.0,3.0,3.0,0.0,4.0,5.0,0.0,0.0,0.0,1.0,0.0,2.0,4.0,6.0,1.0,4.0,4.0,11.0,11.0,0.0,3.0,6.0,0.0,3.0,6.0,0.0,0.0,2.0,0.0,6.0,2.0,1.0,2.0,4.0,2.0,3.0,2.0,4.0,6.0,2.0,4.0,2.0,3.0,5.0,2.0,1.0,1.0,3.0,3.0,4.0,4.0,9.0,1.0,5.0,1.0,4.0,5.0,3.0,6.0,2.0,1.0,8.0,4.0,2.0,1.0,4.0,4.0,1.0,13.0,8.0,13.0,1.0,0.0,0.0,5.0,3.0,4.0,2.0,5.0,4.0,2.0,2.0,9.0,1.0,4.0,1.0,3.0,3.0,4.0,6.0,6.0,3.0,3.0,3.0,0.0,0.0,3.0,2.0,3.0,1.0,6.0,3.0,2.0,1.0,3.0,3.0,3.0,4.0,8.0,0.0,2.0,3.0,2.0,4.0,1.0,3.0,4.0,10.0,5.0,3.0,7.0,12.0,13.0,6.0,1.0,4.0,4.0,5.0,3.0,2.0,3.0,1.0,2.0,4.0,0.0,1.0,2.0,1.0,1.0,3.0,4.0,5.0,8.0,1.0
62,88,2.0,0.0,1.0,11.0,1.0,3.0,4.0,2.0,1.0,4.0,3.0,3.0,4.0,4.0,2.0,0.0,4.0,2.0,3.0,2.0,2.0,1.0,3.0,3.0,4.0,2.0,0.0,0.0,0.0,1.0,1.0,0.0,0.0,0.0,0.0,0.0,0.0,0.0,0.0,0.0,0.0,0.0,3.0,1.0,4.0,2.0,2.0,5.0,0.0,3.0,4.0,1.0,1.0,0.0,5.0,5.0,3.0,3.0,5.0,2.0,3.0,3.0,1.0,3.0,1.0,0.0,2.0,3.0,3.0,5.0,1.0,2.0,2.0,1.0,3.0,1.0,3.0,4.0,2.0,1.0,5.0,2.0,0.0,9.0,3.0,5.0,9.0,7.0,15.0,1.0,0.0,0.0,0.0,0.0,3.0,2.0,3.0,3.0,4.0,2.0,4.0,2.0,4.0,2.0,2.0,2.0,5.0,3.0,3.0,8.0,2.0,3.0,1.0,1.0,0.0,3.0,3.0,4.0,3.0,3.0,0.0,4.0,2.0,3.0,4.0,1.0,2.0,3.0,0.0,5.0,4.0,2.0,1.0,5.0,4.0,7.0,2.0,3.0,5.0,4.0,14.0,5.0,7.0,3.0,4.0,5.0,3.0,2.0,1.0,2.0,2.0,2.0,1.0,1.0,1.0,1.0,2.0,1.0,3.0,7.0,7.0,5.0
62,89,3.0,1.0,2.0,3.0,2.0,4.0,0.0,2.0,1.0,1.0,2.0,4.0,0.0,2.0,4.0,1.0,2.0,2.0,1.0,0.0,3.0,2.0,1.0,1.0,0.0,2.0,0.0,0.0,0.0,3.0,1.0,3.0,2.0,2.0,3.0,0.0,0.0,0.0,0.0,1.0,0.0,0.0,2.0,1.0,0.0,1.0,3.0,4.0,0.0,1.0,2.0,4.0,0.0,0.0,3.0,3.0,1.0,1.0,4.0,2.0,0.0,1.0,2.0,2.0,3.0,1.0,1.0,1.0,1.0,1.0,3.0,1.0,0.0,0.0,0.0,1.0,1.0,1.0,2.0,1.0,3.0,0.0,3.0,3.0,3.0,3.0,1.0,3.0,6.0,4.0,1.0,3.0,2.0,1.0,1.0,5.0,0.0,1.0,4.0,0.0,0.0,1.0,0.0,0.0,0.0,0.0,0.0,3.0,3.0,2.0,1.0,5.0,1.0,1.0,0.0,4.0,4.0,2.0,3.0,1.0,2.0,2.0,4.0,6.0,2.0,2.0,4.0,0.0,7.0,2.0,2.0,2.0,5.0,6.0,3.0,4.0,0.0,1.0,3.0,3.0,13.0,4.0,2.0,3.0,2.0,5.0,7.0,2.0,1.0,1.0,0.0,1.0,1.0,1.0,2.0,7.0,2.0,3.0,3.0,2.0,4.0,0.0
62,90,1.0,2.0,0.0,1.0,0.0,0.0,0.0,1.0,0.0,0.0,0.0,1.0,0.0,0.0,1.0,0.0,0.0,0.0,0.0,2.0,1.0,0.0,0.0,0.0,0.0,0.0,0.0,1.0,0.0,0.0,1.0,1.0,1.0,2.0,0.0,2.0,2.0,1.0,0.0,0.0,0.0,0.0,0.0,0.0,0.0,0.0,0.0,1.0,1.0,2.0,1.0,1.0,0.0,0.0,0.0,0.0,0.0,1.0,1.0,0.0,0.0,0.0,0.0,1.0,0.0,3.0,2.0,1.0,1.0,0.0,0.0,2.0,0.0,0.0,1.0,0.0,0.0,0.0,0.0,0.0,2.0,0.0,2.0,2.0,2.0,1.0,0.0,2.0,3.0,1.0,0.0,1.0,0.0,0.0,1.0,1.0,1.0,0.0,1.0,0.0,1.0,3.0,1.0,1.0,2.0,2.0,0.0,0.0,2.0,2.0,0.0,3.0,0.0,3.0,0.0,1.0,0.0,2.0,0.0,0.0,2.0,0.0,1.0,0.0,4.0,1.0,0.0,1.0,3.0,1.0,0.0,0.0,0.0,2.0,0.0,0.0,2.0,2.0,1.0,1.0,2.0,0.0,0.0,1.0,1.0,2.0,2.0,2.0,1.0,0.0,0.0,1.0,1.0,0.0,0.0,1.0,2.0,2.0,1.0,2.0,4.0,2.0
62,91,2.0,1.0,2.0,1.0,3.0,0.0,0.0,0.0,0.0,0.0,0.0,1.0,0.0,2.0,2.0,2.0,0.0,1.0,3.0,1.0,1.0,0.0,0.0,1.0,0.0,0.0,0.0,0.0,1.0,1.0,1.0,2.0,0.0,1.0,2.0,0.0,0.0,0.0,0.0,0.0,0.0,0.0,0.0,0.0,0.0,0.0,0.0,1.0,1.0,0.0,1.0,1.0,1.0,1.0,1.0,1.0,1.0,0.0,1.0,1.0,1.0,2.0,2.0,3.0,1.0,3.0,1.0,2.0,2.0,0.0,0.0,0.0,0.0,2.0,0.0,1.0,1.0,2.0,2.0,0.0,2.0,1.0,1.0,4.0,1.0,0.0,3.0,1.0,4.0,3.0,0.0,0.0,0.0,0.0,2.0,2.0,4.0,1.0,3.0,0.0,1.0,0.0,0.0,2.0,1.0,0.0,1.0,2.0,4.0,1.0,2.0,2.0,1.0,0.0,2.0,2.0,1.0,3.0,0.0,1.0,1.0,2.0,1.0,1.0,1.0,3.0,1.0,3.0,0.0,0.0,1.0,1.0,2.0,1.0,1.0,5.0,0.0,0.0,1.0,4.0,2.0,4.0,0.0,0.0,0.0,1.0,3.0,2.0,1.0,0.0,1.0,1.0,0.0,0.0,0.0,1.0,1.0,0.0,0.0,1.0,1.0,2.0
62,92,2.0,2.0,3.0,3.0,3.0,3.0,1.0,2.0,3.0,3.0,0.0,1.0,3.0,2.0,2.0,2.0,1.0,3.0,3.0,2.0,3.0,0.0,1.0,1.0,2.0,1.0,1.0,3.0,0.0,0.0,2.0,2.0,1.0,4.0,1.0,0.0,0.0,0.0,0.0,1.0,1.0,2.0,2.0,0.0,1.0,3.0,3.0,4.0,1.0,3.0,3.0,3.0,0.0,3.0,3.0,4.0,4.0,3.0,4.0,4.0,5.0,4.0,0.0,2.0,0.0,4.0,2.0,4.0,3.0,2.0,3.0,3.0,6.0,1.0,3.0,1.0,3.0,2.0,1.0,1.0,4.0,4.0,3.0,10.0,3.0,1.0,0.0,5.0,10.0,1.0,0.0,0.0,4.0,3.0,4.0,0.0,4.0,1.0,2.0,2.0,2.0,1.0,1.0,3.0,2.0,1.0,2.0,1.0,6.0,1.0,1.0,1.0,2.0,2.0,2.0,0.0,1.0,2.0,3.0,3.0,2.0,1.0,1.0,4.0,2.0,1.0,1.0,3.0,3.0,0.0,3.0,2.0,0.0,0.0,1.0,4.0,4.0,3.0,2.0,3.0,4.0,1.0,1.0,3.0,1.0,2.0,1.0,0.0,1.0,4.0,1.0,0.0,1.0,0.0,0.0,0.0,0.0,0.0,1.0,2.0,3.0,3.0
62,93,2.0,1.0,0.0,2.0,2.0,1.0,3.0,2.0,3.0,2.0,0.0,2.0,3.0,3.0,2.0,1.0,1.0,1.0,2.0,3.0,1.0,0.0,1.0,2.0,0.0,0.0,0.0,0.0,0.0,0.0,1.0,0.0,0.0,1.0,1.0,0.0,5.0,0.0,0.0,0.0,0.0,0.0,0.0,2.0,2.0,1.0,0.0,1.0,1.0,0.0,0.0,0.0,1.0,0.0,0.0,0.0,0.0,0.0,1.0,0.0,2.0,2.0,1.0,0.0,0.0,3.0,1.0,1.0,0.0,4.0,0.0,0.0,0.0,0.0,1.0,1.0,0.0,0.0,2.0,1.0,1.0,0.0,0.0,4.0,0.0,0.0,2.0,4.0,4.0,1.0,0.0,0.0,0.0,0.0,0.0,0.0,2.0,0.0,1.0,1.0,1.0,1.0,0.0,0.0,0.0,0.0,0.0,0.0,0.0,3.0,0.0,0.0,0.0,0.0,0.0,1.0,2.0,2.0,0.0,1.0,0.0,0.0,0.0,1.0,0.0,2.0,2.0,2.0,1.0,2.0,0.0,1.0,1.0,1.0,5.0,3.0,1.0,3.0,1.0,2.0,2.0,3.0,0.0,0.0,1.0,1.0,0.0,0.0,2.0,0.0,0.0,0.0,1.0,0.0,0.0,0.0,0.0,0.0,1.0,1.0,2.0,1.0
62,94,3.0,5.0,2.0,4.0,4.0,3.0,0.0,2.0,0.0,3.0,0.0,1.0,0.0,0.0,0.0,0.0,0.0,0.0,0.0,1.0,3.0,0.0,0.0,3.0,2.0,6.0,1.0,2.0,1.0,2.0,1.0,3.0,1.0,3.0,4.0,2.0,5.0,5.0,0.0,0.0,1.0,2.0,0.0,0.0,1.0,2.0,1.0,6.0,3.0,0.0,1.0,1.0,2.0,2.0,2.0,4.0,6.0,2.0,3.0,0.0,3.0,5.0,1.0,0.0,4.0,4.0,2.0,3.0,1.0,1.0,1.0,1.0,2.0,0.0,3.0,0.0,3.0,1.0,0.0,1.0,2.0,2.0,1.0,4.0,2.0,1.0,0.0,4.0,1.0,5.0,1.0,4.0,3.0,3.0,0.0,1.0,0.0,4.0,3.0,3.0,4.0,0.0,0.0,3.0,0.0,0.0,1.0,1.0,1.0,0.0,2.0,0.0,0.0,1.0,0.0,2.0,0.0,2.0,2.0,1.0,1.0,3.0,3.0,1.0,1.0,3.0,1.0,1.0,4.0,4.0,2.0,5.0,0.0,3.0,0.0,1.0,1.0,1.0,2.0,5.0,5.0,0.0,0.0,0.0,2.0,1.0,1.0,1.0,2.0,1.0,0.0,0.0,0.0,0.0,0.0,1.0,2.0,1.0,0.0,2.0,3.0,5.0
62,96,0.0,0.0,0.0,0.0,0.0,0.0,1.0,0.0,0.0,3.0,0.0,0.0,0.0,1.0,0.0,5.0,1.0,1.0,0.0,0.0,0.0,0.0,0.0,1.0,0.0,3.0,0.0,1.0,1.0,0.0,0.0,0.0,0.0,0.0,0.0,0.0,3.0,1.0,0.0,0.0,1.0,0.0,0.0,0.0,1.0,0.0,0.0,0.0,0.0,0.0,0.0,1.0,1.0,1.0,0.0,1.0,0.0,0.0,1.0,1.0,1.0,2.0,0.0,0.0,1.0,1.0,0.0,0.0,0.0,0.0,0.0,0.0,1.0,0.0,1.0,1.0,1.0,0.0,0.0,0.0,0.0,1.0,0.0,1.0,2.0,1.0,0.0,0.0,3.0,3.0,1.0,0.0,0.0,0.0,0.0,1.0,1.0,0.0,0.0,1.0,1.0,2.0,0.0,0.0,0.0,0.0,0.0,0.0,1.0,0.0,1.0,1.0,0.0,2.0,1.0,0.0,0.0,0.0,1.0,1.0,0.0,0.0,1.0,0.0,0.0,0.0,0.0,0.0,2.0,0.0,0.0,1.0,0.0,2.0,0.0,1.0,1.0,0.0,1.0,2.0,2.0,0.0,0.0,2.0,0.0,1.0,1.0,0.0,1.0,0.0,0.0,1.0,0.0,1.0,0.0,1.0,1.0,0.0,0.0,0.0,0.0,1.0
62,99,6.0,18.0,4.0,8.0,5.0,9.0,7.0,6.0,4.0,8.0,3.0,6.0,4.0,7.0,6.0,7.0,9.0,5.0,15.0,6.0,12.0,4.0,4.0,8.0,10.0,8.0,3.0,8.0,0.0,4.0,9.0,15.0,6.0,12.0,7.0,20.0,15.0,6.0,3.0,7.0,4.0,7.0,8.0,7.0,4.0,8.0,4.0,7.0,8.0,2.0,6.0,6.0,3.0,5.0,8.0,11.0,15.0,4.0,10.0,4.0,3.0,12.0,5.0,15.0,12.0,12.0,7.0,10.0,14.0,8.0,5.0,12.0,8.0,11.0,5.0,5.0,5.0,7.0,14.0,6.0,7.0,12.0,15.0,19.0,14.0,12.0,11.0,21.0,24.0,11.0,11.0,8.0,7.0,9.0,7.0,5.0,9.0,6.0,6.0,8.0,10.0,5.0,10.0,6.0,7.0,6.0,9.0,9.0,12.0,9.0,16.0,7.0,10.0,9.0,7.0,13.0,9.0,8.0,8.0,8.0,11.0,18.0,10.0,9.0,8.0,2.0,13.0,11.0,16.0,8.0,8.0,7.0,10.0,5.0,0.0,0.0,5.0,20.0,15.0,18.0,25.0,25.0,7.0,7.0,7.0,6.0,2.0,3.0,10.0,20.0,1.0,10.0,7.0,4.0,6.0,6.0,6.0,10.0,11.0,20.0,20.0,8.0
62,100,2.0,0.0,6.0,1.0,3.0,0.0,1.0,3.0,0.0,1.0,0.0,0.0,2.0,2.0,0.0,1.0,1.0,2.0,2.0,0.0,0.0,1.0,0.0,1.0,1.0,3.0,1.0,1.0,1.0,0.0,1.0,4.0,1.0,2.0,2.0,4.0,5.0,0.0,1.0,0.0,0.0,0.0,1.0,2.0,2.0,1.0,1.0,3.0,1.0,2.0,0.0,0.0,3.0,1.0,1.0,1.0,2.0,0.0,1.0,4.0,3.0,3.0,0.0,1.0,0.0,0.0,1.0,3.0,5.0,1.0,1.0,0.0,4.0,1.0,3.0,3.0,1.0,2.0,4.0,0.0,1.0,1.0,6.0,3.0,4.0,0.0,3.0,3.0,7.0,5.0,1.0,1.0,0.0,0.0,1.0,1.0,3.0,1.0,2.0,2.0,6.0,1.0,1.0,0.0,1.0,1.0,2.0,0.0,2.0,1.0,1.0,1.0,2.0,1.0,1.0,1.0,2.0,0.0,0.0,1.0,0.0,1.0,0.0,0.0,0.0,0.0,2.0,0.0,1.0,0.0,0.0,1.0,2.0,1.0,0.0,6.0,2.0,2.0,0.0,5.0,3.0,7.0,0.0,1.0,3.0,2.0,1.0,0.0,4.0,1.0,1.0,0.0,0.0,0.0,1.0,1.0,0.0,1.0,5.0,1.0,1.0,1.0
62,102,0.0,1.0,0.0,0.0,0.0,0.0,1.0,1.0,0.0,0.0,1.0,0.0,0.0,0.0,0.0,0.0,0.0,0.0,0.0,0.0,2.0,0.0,1.0,0.0,1.0,0.0,0.0,0.0,0.0,0.0,1.0,0.0,0.0,0.0,0.0,1.0,1.0,0.0,1.0,2.0,0.0,0.0,0.0,1.0,1.0,0.0,0.0,1.0,0.0,1.0,0.0,1.0,1.0,0.0,0.0,3.0,1.0,0.0,0.0,0.0,0.0,0.0,0.0,3.0,1.0,0.0,1.0,0.0,0.0,0.0,0.0,0.0,0.0,2.0,0.0,0.0,0.0,2.0,0.0,3.0,0.0,1.0,2.0,1.0,0.0,0.0,1.0,1.0,0.0,0.0,0.0,0.0,1.0,0.0,1.0,7.0,5.0,0.0,0.0,2.0,0.0,2.0,0.0,1.0,0.0,4.0,0.0,0.0,5.0,3.0,1.0,1.0,2.0,0.0,0.0,0.0,2.0,0.0,3.0,0.0,1.0,0.0,1.0,1.0,0.0,3.0,2.0,1.0,2.0,1.0,0.0,0.0,1.0,0.0,1.0,1.0,2.0,1.0,5.0,1.0,3.0,0.0,0.0,0.0,4.0,2.0,0.0,2.0,0.0,5.0,0.0,1.0,2.0,2.0,0.0,1.0,2.0,1.0,1.0,2.0,2.0,2.0
62,104,0.0,0.0,0.0,0.0,0.0,0.0,0.0,0.0,0.0,0.0,0.0,0.0,0.0,0.0,0.0,0.0,0.0,0.0,0.0,0.0,0.0,0.0,0.0,0.0,0.0,0.0,0.0,0.0,0.0,0.0,0.0,0.0,0.0,0.0,0.0,0.0,0.0,0.0,0.0,0.0,0.0,0.0,0.0,0.0,0.0,0.0,0.0,0.0,0.0,0.0,0.0,0.0,1.0,0.0,1.0,1.0,0.0,0.0,0.0,0.0,0.0,2.0,1.0,0.0,0.0,0.0,0.0,0.0,0.0,0.0,0.0,0.0,0.0,0.0,0.0,0.0,0.0,0.0,2.0,3.0,2.0,0.0,1.0,4.0,1.0,0.0,1.0,2.0,5.0,1.0,2.0,1.0,1.0,1.0,0.0,0.0,1.0,0.0,1.0,0.0,0.0,0.0,1.0,1.0,0.0,0.0,0.0,2.0,1.0,0.0,1.0,0.0,0.0,0.0,2.0,0.0,2.0,1.0,0.0,1.0,0.0,0.0,1.0,2.0,0.0,0.0,0.0,2.0,0.0,0.0,1.0,1.0,0.0,0.0,0.0,0.0,0.0,1.0,1.0,2.0,4.0,1.0,1.0,1.0,0.0,1.0,0.0,0.0,4.0,1.0,2.0,1.0,1.0,1.0,0.0,1.0,0.0,2.0,1.0,2.0,3.0,2.0
62,107,0.0,0.0,0.0,2.0,2.0,0.0,0.0,1.0,1.0,0.0,0.0,0.0,1.0,0.0,0.0,0.0,1.0,0.0,0.0,0.0,2.0,0.0,1.0,1.0,1.0,2.0,4.0,0.0,0.0,0.0,0.0,2.0,0.0,2.0,0.0,1.0,7.0,3.0,1.0,1.0,0.0,1.0,2.0,3.0,0.0,0.0,1.0,0.0,0.0,0.0,0.0,1.0,0.0,2.0,0.0,3.0,2.0,0.0,0.0,2.0,1.0,1.0,1.0,1.0,0.0,0.0,1.0,0.0,0.0,0.0,0.0,1.0,0.0,0.0,0.0,0.0,1.0,2.0,2.0,0.0,2.0,2.0,1.0,3.0,1.0,0.0,1.0,4.0,11.0,0.0,2.0,0.0,2.0,0.0,0.0,0.0,0.0,0.0,1.0,1.0,1.0,1.0,0.0,0.0,3.0,0.0,0.0,1.0,2.0,0.0,1.0,0.0,1.0,0.0,0.0,1.0,0.0,1.0,3.0,2.0,2.0,2.0,2.0,0.0,0.0,1.0,2.0,1.0,1.0,2.0,2.0,1.0,0.0,1.0,0.0,7.0,4.0,4.0,0.0,2.0,10.0,2.0,1.0,2.0,0.0,1.0,1.0,4.0,2.0,4.0,0.0,1.0,1.0,4.0,1.0,0.0,3.0,1.0,2.0,1.0,7.0,3.0
62,112,0.0,0.0,0.0,1.0,0.0,0.0,0.0,0.0,0.0,1.0,0.0,0.0,0.0,0.0,0.0,0.0,0.0,1.0,0.0,0.0,0.0,0.0,0.0,2.0,0.0,0.0,0.0,0.0,0.0,0.0,0.0,0.0,0.0,1.0,1.0,0.0,2.0,0.0,0.0,2.0,0.0,0.0,0.0,0.0,0.0,0.0,1.0,0.0,0.0,0.0,0.0,0.0,0.0,0.0,1.0,2.0,0.0,2.0,0.0,0.0,1.0,0.0,1.0,0.0,1.0,0.0,1.0,0.0,2.0,0.0,0.0,1.0,1.0,0.0,0.0,0.0,0.0,1.0,0.0,0.0,1.0,0.0,0.0,2.0,3.0,1.0,0.0,1.0,5.0,0.0,1.0,0.0,0.0,2.0,1.0,2.0,0.0,0.0,0.0,1.0,0.0,1.0,2.0,0.0,0.0,0.0,0.0,0.0,2.0,1.0,0.0,0.0,2.0,1.0,1.0,0.0,0.0,2.0,1.0,1.0,0.0,2.0,1.0,0.0,1.0,1.0,0.0,2.0,0.0,1.0,0.0,2.0,1.0,1.0,0.0,5.0,0.0,0.0,1.0,0.0,3.0,3.0,1.0,3.0,3.0,1.0,0.0,0.0,0.0,0.0,2.0,0.0,0.0,1.0,0.0,2.0,2.0,1.0,2.0,0.0,0.0,0.0
62,113,1.0,1.0,0.0,0.0,0.0,0.0,0.0,0.0,0.0,0.0,1.0,0.0,1.0,0.0,1.0,1.0,0.0,0.0,0.0,0.0,0.0,0.0,0.0,0.0,0.0,0.0,0.0,1.0,1.0,0.0,1.0,0.0,1.0,1.0,0.0,1.0,4.0,0.0,0.0,0.0,0.0,0.0,0.0,0.0,0.0,0.0,1.0,1.0,0.0,1.0,0.0,0.0,1.0,0.0,0.0,1.0,3.0,1.0,0.0,0.0,0.0,0.0,2.0,0.0,1.0,0.0,0.0,0.0,0.0,1.0,0.0,0.0,2.0,1.0,0.0,2.0,0.0,0.0,0.0,0.0,1.0,1.0,2.0,0.0,0.0,0.0,1.0,6.0,1.0,1.0,1.0,1.0,1.0,1.0,0.0,2.0,1.0,1.0,1.0,0.0,4.0,3.0,0.0,0.0,1.0,2.0,1.0,0.0,0.0,0.0,0.0,1.0,1.0,1.0,1.0,1.0,0.0,2.0,1.0,3.0,0.0,1.0,0.0,0.0,0.0,1.0,0.0,1.0,0.0,1.0,3.0,1.0,2.0,1.0,0.0,3.0,0.0,1.0,0.0,1.0,4.0,4.0,0.0,0.0,0.0,0.0,1.0,2.0,1.0,3.0,2.0,2.0,0.0,2.0,0.0,0.0,1.0,0.0,0.0,0.0,2.0,0.0
62,114,0.0,0.0,0.0,0.0,0.0,0.0,0.0,0.0,0.0,0.0,0.0,0.0,0.0,0.0,1.0,0.0,0.0,1.0,1.0,0.0,0.0,0.0,2.0,0.0,1.0,0.0,1.0,0.0,0.0,0.0,0.0,3.0,0.0,1.0,0.0,0.0,0.0,0.0,0.0,0.0,0.0,0.0,0.0,0.0,0.0,0.0,0.0,0.0,0.0,0.0,0.0,0.0,0.0,0.0,0.0,0.0,4.0,0.0,2.0,0.0,0.0,0.0,0.0,0.0,0.0,1.0,2.0,0.0,0.0,1.0,1.0,0.0,1.0,0.0,0.0,1.0,0.0,1.0,0.0,3.0,0.0,2.0,0.0,2.0,3.0,2.0,3.0,2.0,3.0,1.0,0.0,0.0,0.0,0.0,0.0,2.0,1.0,1.0,0.0,0.0,1.0,1.0,2.0,0.0,4.0,2.0,1.0,3.0,0.0,1.0,1.0,1.0,2.0,0.0,1.0,1.0,0.0,3.0,1.0,3.0,4.0,5.0,1.0,1.0,1.0,0.0,2.0,0.0,2.0,2.0,0.0,1.0,1.0,3.0,2.0,3.0,0.0,2.0,7.0,3.0,6.0,2.0,0.0,3.0,0.0,2.0,1.0,1.0,1.0,2.0,0.0,1.0,1.0,0.0,1.0,1.0,0.0,2.0,1.0,0.0,2.0,1.0
62,117,2.0,1.0,3.0,1.0,1.0,2.0,5.0,1.0,1.0,5.0,2.0,0.0,1.0,0.0,1.0,0.0,0.0,1.0,2.0,3.0,0.0,0.0,0.0,0.0,1.0,1.0,0.0,1.0,0.0,1.0,3.0,1.0,0.0,3.0,2.0,0.0,0.0,0.0,0.0,0.0,0.0,0.0,0.0,0.0,0.0,0.0,0.0,0.0,0.0,0.0,0.0,0.0,0.0,1.0,0.0,0.0,2.0,2.0,3.0,0.0,0.0,1.0,0.0,1.0,2.0,0.0,1.0,2.0,3.0,0.0,2.0,0.0,1.0,2.0,1.0,0.0,1.0,1.0,2.0,3.0,0.0,0.0,1.0,1.0,0.0,2.0,1.0,0.0,4.0,2.0,1.0,0.0,3.0,1.0,1.0,0.0,0.0,1.0,0.0,0.0,0.0,0.0,0.0,0.0,0.0,0.0,1.0,0.0,0.0,3.0,0.0,3.0,3.0,2.0,1.0,0.0,1.0,0.0,0.0,2.0,0.0,1.0,0.0,0.0,0.0,0.0,0.0,1.0,0.0,1.0,2.0,1.0,1.0,0.0,1.0,2.0,0.0,2.0,1.0,1.0,4.0,2.0,1.0,1.0,1.0,0.0,2.0,1.0,3.0,0.0,0.0,1.0,1.0,0.0,1.0,0.0,1.0,0.0,2.0,0.0,1.0,0.0
62,118,2.0,0.0,1.0,0.0,0.0,0.0,2.0,0.0,2.0,2.0,1.0,0.0,0.0,0.0,0.0,1.0,2.0,1.0,1.0,0.0,0.0,0.0,0.0,0.0,0.0,0.0,0.0,0.0,1.0,0.0,1.0,2.0,1.0,0.0,0.0,0.0,0.0,0.0,0.0,0.0,0.0,0.0,0.0,1.0,1.0,1.0,0.0,0.0,0.0,0.0,0.0,0.0,0.0,1.0,1.0,0.0,0.0,0.0,0.0,1.0,1.0,2.0,1.0,0.0,2.0,0.0,1.0,0.0,0.0,1.0,0.0,1.0,0.0,1.0,2.0,0.0,1.0,4.0,1.0,0.0,1.0,0.0,0.0,1.0,0.0,0.0,2.0,2.0,5.0,2.0,0.0,1.0,2.0,0.0,1.0,1.0,0.0,0.0,1.0,0.0,2.0,0.0,1.0,0.0,0.0,1.0,1.0,0.0,0.0,0.0,0.0,1.0,1.0,3.0,1.0,1.0,4.0,2.0,0.0,0.0,1.0,0.0,1.0,0.0,0.0,0.0,0.0,0.0,0.0,1.0,0.0,0.0,1.0,0.0,2.0,0.0,0.0,0.0,1.0,1.0,1.0,2.0,2.0,1.0,0.0,0.0,1.0,0.0,0.0,0.0,0.0,0.0,1.0,2.0,1.0,2.0,2.0,0.0,0.0,0.0,0.0,0.0
62,119,3.0,0.0,2.0,0.0,4.0,1.0,0.0,2.0,2.0,2.0,1.0,1.0,1.0,2.0,0.0,0.0,1.0,2.0,2.0,1.0,1.0,0.0,0.0,3.0,2.0,1.0,3.0,1.0,1.0,1.0,3.0,1.0,0.0,0.0,0.0,0.0,0.0,0.0,0.0,0.0,0.0,0.0,1.0,0.0,0.0,2.0,1.0,1.0,0.0,0.0,0.0,0.0,0.0,3.0,0.0,0.0,0.0,0.0,1.0,0.0,0.0,1.0,0.0,1.0,1.0,0.0,2.0,1.0,2.0,1.0,1.0,1.0,5.0,1.0,0.0,0.0,1.0,1.0,1.0,1.0,0.0,0.0,0.0,2.0,3.0,5.0,4.0,3.0,1.0,0.0,0.0,1.0,2.0,0.0,1.0,0.0,1.0,3.0,0.0,2.0,0.0,1.0,2.0,0.0,0.0,1.0,2.0,2.0,0.0,3.0,0.0,2.0,2.0,3.0,1.0,2.0,0.0,1.0,0.0,0.0,1.0,1.0,1.0,0.0,0.0,0.0,0.0,0.0,1.0,0.0,2.0,1.0,1.0,3.0,0.0,1.0,0.0,1.0,0.0,0.0,1.0,0.0,1.0,0.0,0.0,1.0,1.0,1.0,1.0,0.0,0.0,1.0,0.0,1.0,3.0,1.0,0.0,2.0,4.0,3.0,3.0,0.0
62,120,0.0,0.0,1.0,0.0,1.0,1.0,0.0,0.0,1.0,0.0,1.0,2.0,0.0,1.0,0.0,0.0,0.0,0.0,0.0,0.0,0.0,1.0,0.0,1.0,0.0,0.0,0.0,0.0,1.0,1.0,0.0,0.0,0.0,0.0,0.0,0.0,0.0,1.0,0.0,0.0,0.0,0.0,0.0,1.0,0.0,1.0,0.0,0.0,0.0,0.0,1.0,0.0,0.0,0.0,1.0,3.0,1.0,0.0,0.0,1.0,0.0,0.0,0.0,0.0,0.0,0.0,2.0,0.0,0.0,0.0,1.0,1.0,0.0,1.0,1.0,0.0,0.0,1.0,1.0,1.0,0.0,1.0,0.0,1.0,0.0,0.0,3.0,1.0,5.0,2.0,0.0,0.0,0.0,0.0,1.0,0.0,0.0,1.0,2.0,1.0,2.0,0.0,1.0,1.0,2.0,0.0,1.0,2.0,0.0,0.0,0.0,1.0,0.0,2.0,1.0,0.0,0.0,0.0,1.0,1.0,1.0,1.0,3.0,1.0,0.0,1.0,1.0,0.0,0.0,1.0,1.0,0.0,1.0,1.0,2.0,4.0,2.0,2.0,1.0,1.0,2.0,0.0,0.0,0.0,0.0,1.0,0.0,0.0,0.0,0.0,1.0,0.0,2.0,0.0,1.0,1.0,0.0,0.0,0.0,0.0,0.0,0.0
62,121,1.0,1.0,0.0,0.0,1.0,0.0,0.0,0.0,0.0,0.0,0.0,0.0,0.0,0.0,0.0,0.0,0.0,0.0,0.0,0.0,0.0,0.0,0.0,0.0,0.0,0.0,1.0,1.0,0.0,0.0,4.0,0.0,1.0,1.0,2.0,4.0,3.0,0.0,0.0,1.0,0.0,0.0,0.0,0.0,0.0,0.0,0.0,0.0,0.0,0.0,0.0,1.0,1.0,0.0,2.0,1.0,1.0,0.0,1.0,0.0,1.0,0.0,0.0,0.0,0.0,0.0,0.0,2.0,0.0,3.0,1.0,0.0,0.0,0.0,1.0,0.0,0.0,3.0,0.0,1.0,1.0,1.0,1.0,2.0,2.0,2.0,2.0,3.0,2.0,2.0,3.0,1.0,0.0,1.0,0.0,0.0,0.0,0.0,0.0,0.0,0.0,0.0,1.0,0.0,2.0,0.0,2.0,1.0,0.0,1.0,0.0,0.0,1.0,0.0,0.0,2.0,2.0,2.0,2.0,0.0,0.0,0.0,1.0,0.0,0.0,3.0,0.0,1.0,2.0,2.0,2.0,0.0,0.0,0.0,0.0,2.0,2.0,0.0,2.0,3.0,3.0,6.0,0.0,0.0,1.0,1.0,1.0,1.0,1.0,1.0,1.0,0.0,0.0,0.0,1.0,0.0,0.0,0.0,2.0,3.0,0.0,1.0
62,126,1.0,1.0,4.0,5.0,3.0,5.0,7.0,6.0,7.0,6.0,5.0,13.0,27.0,14.0,30.0,44.0,24.0,34.0,35.0,25.0,18.0,12.0,11.0,10.0,33.0,43.0,32.0,29.0,21.0,21.0,118.0,59.0,9.0,20.0,22.0,71.0,77.0,4.0,0.0,16.0,36.0,35.0,33.0,36.0,53.0,29.0,37.0,30.0,21.0,13.0,17.0,10.0,10.0,14.0,29.0,26.0,21.0,2.0,13.0,14.0,12.0,16.0,21.0,14.0,11.0,15.0,9.0,13.0,14.0,10.0,6.0,17.0,29.0,26.0,29.0,33.0,25.0,12.0,13.0,8.0,14.0,9.0,27.0,49.0,19.0,4.0,11.0,14.0,35.0,17.0,43.0,16.0,12.0,10.0,21.0,14.0,21.0,16.0,23.0,26.0,17.0,20.0,5.0,4.0,6.0,0.0,26.0,50.0,7.0,11.0,20.0,21.0,15.0,25.0,21.0,16.0,17.0,16.0,28.0,21.0,18.0,9.0,23.0,12.0,20.0,26.0,10.0,10.0,5.0,0.0,11.0,6.0,5.0,7.0,2.0,8.0,11.0,0.0,17.0,21.0,56.0,14.0,11.0,11.0,7.0,5.0,8.0,0.0,11.0,8.0,7.0,3.0,0.0,3.0,14.0,12.0,4.0,2.0,2.0,6.0,3.0,12.0
62,128,2.0,1.0,4.0,0.0,0.0,4.0,4.0,6.0,2.0,5.0,2.0,3.0,1.0,0.0,0.0,0.0,0.0,0.0,0.0,0.0,0.0,0.0,0.0,0.0,0.0,0.0,0.0,0.0,0.0,0.0,4.0,3.0,5.0,3.0,0.0,0.0,0.0,0.0,0.0,0.0,0.0,0.0,0.0,1.0,1.0,1.0,2.0,1.0,2.0,1.0,0.0,0.0,2.0,3.0,0.0,0.0,0.0,0.0,0.0,0.0,0.0,0.0,0.0,7.0,2.0,2.0,2.0,1.0,2.0,5.0,2.0,0.0,2.0,3.0,3.0,1.0,3.0,1.0,2.0,1.0,1.0,2.0,0.0,8.0,2.0,2.0,0.0,1.0,7.0,6.0,3.0,0.0,3.0,1.0,3.0,0.0,2.0,0.0,3.0,4.0,4.0,2.0,2.0,3.0,1.0,1.0,2.0,3.0,5.0,4.0,2.0,4.0,1.0,1.0,2.0,4.0,4.0,3.0,1.0,1.0,2.0,2.0,0.0,0.0,0.0,2.0,4.0,4.0,5.0,3.0,1.0,2.0,1.0,4.0,3.0,1.0,2.0,2.0,4.0,6.0,4.0,0.0,0.0,0.0,0.0,1.0,2.0,2.0,2.0,2.0,1.0,4.0,5.0,2.0,1.0,3.0,2.0,2.0,1.0,1.0,1.0,3.0
62,135,0.0,1.0,4.0,3.0,1.0,0.0,0.0,0.0,1.0,0.0,2.0,4.0,0.0,0.0,4.0,2.0,1.0,2.0,1.0,2.0,1.0,2.0,0.0,0.0,2.0,0.0,0.0,0.0,1.0,4.0,4.0,3.0,0.0,0.0,2.0,6.0,0.0,0.0,0.0,4.0,8.0,6.0,2.0,5.0,0.0,0.0,1.0,2.0,1.0,3.0,2.0,3.0,5.0,1.0,0.0,4.0,2.0,0.0,0.0,0.0,3.0,3.0,1.0,2.0,1.0,0.0,2.0,1.0,2.0,1.0,1.0,2.0,2.0,1.0,2.0,0.0,3.0,4.0,0.0,0.0,1.0,3.0,2.0,6.0,4.0,3.0,5.0,5.0,4.0,0.0,0.0,1.0,3.0,7.0,3.0,1.0,0.0,1.0,0.0,4.0,5.0,5.0,3.0,8.0,1.0,2.0,9.0,17.0,8.0,3.0,2.0,7.0,2.0,3.0,2.0,1.0,3.0,4.0,4.0,2.0,7.0,0.0,4.0,7.0,2.0,0.0,3.0,2.0,3.0,3.0,4.0,2.0,3.0,2.0,2.0,10.0,9.0,1.0,3.0,3.0,12.0,1.0,3.0,5.0,4.0,1.0,2.0,1.0,1.0,3.0,3.0,0.0,2.0,1.0,1.0,2.0,1.0,0.0,1.0,0.0,2.0,3.0
62,136,1.0,2.0,5.0,2.0,1.0,0.0,0.0,0.0,0.0,0.0,0.0,0.0,0.0,3.0,2.0,2.0,3.0,0.0,0.0,0.0,0.0,0.0,0.0,0.0,0.0,1.0,0.0,0.0,1.0,1.0,28.0,7.0,0.0,0.0,7.0,8.0,0.0,0.0,0.0,6.0,3.0,1.0,0.0,0.0,1.0,0.0,0.0,3.0,6.0,5.0,6.0,2.0,0.0,0.0,1.0,5.0,8.0,2.0,5.0,6.0,6.0,4.0,3.0,0.0,3.0,1.0,3.0,7.0,4.0,2.0,4.0,0.0,3.0,1.0,1.0,3.0,1.0,3.0,1.0,2.0,0.0,3.0,3.0,8.0,3.0,2.0,4.0,7.0,5.0,0.0,0.0,4.0,1.0,0.0,3.0,5.0,0.0,0.0,5.0,4.0,4.0,6.0,4.0,8.0,1.0,4.0,5.0,5.0,6.0,1.0,2.0,1.0,5.0,2.0,1.0,0.0,2.0,2.0,0.0,2.0,7.0,1.0,0.0,1.0,2.0,0.0,0.0,1.0,1.0,1.0,0.0,1.0,1.0,0.0,4.0,8.0,8.0,0.0,7.0,6.0,3.0,4.0,2.0,0.0,1.0,2.0,3.0,3.0,3.0,0.0,2.0,2.0,0.0,1.0,0.0,1.0,0.0,1.0,2.0,1.0,2.0,2.0
62,141,0.0,0.0,0.0,0.0,0.0,0.0,0.0,3.0,1.0,1.0,1.0,0.0,1.0,0.0,0.0,0.0,0.0,0.0,1.0,0.0,0.0,0.0,1.0,0.0,0.0,2.0,0.0,3.0,0.0,2.0,5.0,2.0,0.0,2.0,3.0,5.0,10.0,11.0,2.0,1.0,0.0,1.0,3.0,7.0,0.0,0.0,2.0,0.0,1.0,0.0,1.0,0.0,0.0,1.0,2.0,1.0,7.0,0.0,1.0,0.0,0.0,3.0,1.0,0.0,1.0,0.0,1.0,0.0,0.0,4.0,0.0,0.0,0.0,1.0,1.0,2.0,0.0,0.0,0.0,2.0,0.0,1.0,1.0,1.0,1.0,2.0,2.0,1.0,16.0,7.0,3.0,1.0,1.0,1.0,0.0,5.0,2.0,3.0,1.0,0.0,5.0,0.0,2.0,2.0,0.0,0.0,1.0,4.0,5.0,1.0,4.0,2.0,0.0,0.0,1.0,0.0,2.0,0.0,0.0,0.0,1.0,2.0,4.0,1.0,0.0,1.0,4.0,0.0,2.0,2.0,0.0,0.0,1.0,2.0,2.0,1.0,0.0,2.0,0.0,10.0,12.0,11.0,0.0,0.0,1.0,0.0,2.0,2.0,4.0,0.0,2.0,1.0,0.0,1.0,0.0,0.0,1.0,3.0,0.0,1.0,1.0,0.0
62,143,0.0,0.0,0.0,0.0,0.0,0.0,0.0,0.0,26.0,1.0,0.0,1.0,0.0,8.0,0.0,0.0,1.0,2.0,0.0,2.0,1.0,2.0,0.0,0.0,2.0,0.0,20.0,0.0,0.0,0.0,4.0,0.0,1.0,0.0,1.0,0.0,3.0,7.0,3.0,1.0,6.0,0.0,0.0,0.0,1.0,0.0,0.0,2.0,0.0,1.0,1.0,0.0,0.0,1.0,0.0,0.0,2.0,0.0,5.0,1.0,0.0,6.0,0.0,3.0,1.0,0.0,0.0,0.0,1.0,2.0,6.0,0.0,2.0,0.0,9.0,0.0,6.0,6.0,0.0,0.0,2.0,1.0,0.0,7.0,0.0,0.0,0.0,7.0,2.0,4.0,0.0,2.0,1.0,0.0,1.0,1.0,3.0,1.0,0.0,1.0,0.0,1.0,2.0,1.0,1.0,0.0,1.0,1.0,1.0,1.0,1.0,0.0,0.0,0.0,2.0,0.0,2.0,0.0,0.0,0.0,1.0,3.0,0.0,2.0,0.0,1.0,0.0,0.0,0.0,1.0,2.0,1.0,0.0,5.0,0.0,2.0,0.0,0.0,2.0,3.0,5.0,2.0,1.0,1.0,0.0,1.0,2.0,0.0,1.0,1.0,1.0,2.0,1.0,1.0,0.0,2.0,1.0,9.0,0.0,1.0,0.0,0.0
62,146,0.0,0.0,0.0,0.0,0.0,0.0,0.0,0.0,0.0,0.0,0.0,0.0,0.0,0.0,0.0,0.0,0.0,0.0,0.0,0.0,2.0,0.0,0.0,1.0,3.0,0.0,2.0,0.0,0.0,0.0,1.0,0.0,3.0,0.0,2.0,1.0,8.0,1.0,2.0,0.0,0.0,0.0,1.0,2.0,3.0,1.0,0.0,0.0,0.0,0.0,0.0,0.0,1.0,1.0,1.0,0.0,11.0,0.0,2.0,1.0,2.0,2.0,2.0,0.0,0.0,0.0,2.0,2.0,2.0,1.0,0.0,0.0,0.0,1.0,2.0,0.0,2.0,0.0,0.0,2.0,1.0,1.0,0.0,0.0,1.0,0.0,1.0,7.0,10.0,0.0,0.0,2.0,0.0,0.0,1.0,4.0,0.0,1.0,3.0,1.0,0.0,0.0,0.0,0.0,0.0,0.0,0.0,4.0,4.0,0.0,0.0,1.0,0.0,1.0,2.0,0.0,0.0,0.0,0.0,0.0,0.0,3.0,1.0,1.0,0.0,1.0,1.0,4.0,1.0,2.0,0.0,1.0,0.0,1.0,0.0,1.0,0.0,0.0,4.0,2.0,7.0,2.0,0.0,4.0,0.0,1.0,1.0,0.0,2.0,0.0,2.0,0.0,0.0,0.0,1.0,1.0,1.0,0.0,0.0,5.0,0.0,2.0
62,147,0.0,0.0,0.0,0.0,0.0,0.0,0.0,0.0,0.0,0.0,0.0,0.0,0.0,0.0,0.0,0.0,0.0,0.0,0.0,0.0,0.0,0.0,0.0,0.0,1.0,0.0,0.0,0.0,0.0,0.0,2.0,0.0,0.0,0.0,0.0,4.0,6.0,0.0,2.0,0.0,0.0,0.0,1.0,0.0,1.0,0.0,0.0,1.0,0.0,0.0,1.0,2.0,1.0,0.0,1.0,2.0,0.0,0.0,0.0,4.0,0.0,2.0,0.0,0.0,1.0,0.0,1.0,2.0,1.0,0.0,0.0,0.0,2.0,0.0,0.0,1.0,1.0,0.0,0.0,1.0,1.0,0.0,1.0,2.0,0.0,0.0,3.0,5.0,9.0,2.0,1.0,3.0,0.0,0.0,0.0,4.0,0.0,1.0,1.0,0.0,0.0,0.0,0.0,0.0,0.0,0.0,0.0,2.0,2.0,0.0,0.0,0.0,1.0,1.0,0.0,2.0,0.0,2.0,0.0,1.0,0.0,0.0,1.0,1.0,0.0,2.0,0.0,0.0,0.0,0.0,0.0,0.0,0.0,0.0,1.0,1.0,2.0,1.0,0.0,6.0,6.0,4.0,0.0,3.0,0.0,1.0,0.0,0.0,2.0,0.0,1.0,1.0,2.0,1.0,0.0,1.0,0.0,2.0,0.0,4.0,1.0,1.0
62,148,0.0,0.0,0.0,0.0,0.0,0.0,0.0,0.0,0.0,1.0,0.0,0.0,2.0,0.0,1.0,1.0,2.0,1.0,0.0,0.0,2.0,0.0,0.0,1.0,1.0,0.0,2.0,0.0,1.0,1.0,4.0,8.0,0.0,6.0,6.0,7.0,8.0,2.0,0.0,0.0,1.0,1.0,0.0,4.0,1.0,0.0,0.0,1.0,0.0,0.0,0.0,0.0,3.0,0.0,0.0,0.0,3.0,0.0,0.0,2.0,0.0,3.0,1.0,1.0,1.0,2.0,0.0,0.0,0.0,0.0,0.0,0.0,0.0,0.0,0.0,1.0,1.0,1.0,1.0,0.0,0.0,1.0,1.0,4.0,1.0,6.0,7.0,6.0,9.0,1.0,0.0,1.0,0.0,1.0,0.0,6.0,0.0,3.0,0.0,0.0,0.0,2.0,1.0,0.0,1.0,2.0,0.0,1.0,3.0,0.0,0.0,0.0,0.0,5.0,0.0,1.0,0.0,2.0,3.0,4.0,0.0,0.0,1.0,0.0,0.0,0.0,0.0,0.0,1.0,0.0,1.0,0.0,0.0,0.0,3.0,3.0,0.0,1.0,6.0,0.0,3.0,6.0,1.0,2.0,2.0,0.0,2.0,0.0,2.0,0.0,3.0,1.0,2.0,0.0,3.0,1.0,0.0,0.0,9.0,6.0,2.0,0.0
62,151,0.0,3.0,0.0,0.0,0.0,0.0,0.0,0.0,1.0,1.0,1.0,1.0,0.0,0.0,0.0,0.0,0.0,0.0,2.0,0.0,0.0,0.0,0.0,0.0,0.0,0.0,0.0,0.0,0.0,0.0,0.0,0.0,0.0,0.0,0.0,0.0,0.0,0.0,0.0,0.0,0.0,0.0,0.0,0.0,0.0,0.0,0.0,0.0,0.0,0.0,0.0,0.0,1.0,1.0,0.0,0.0,0.0,0.0,0.0,0.0,3.0,7.0,2.0,0.0,1.0,1.0,1.0,0.0,3.0,1.0,2.0,2.0,0.0,0.0,1.0,0.0,0.0,1.0,0.0,0.0,0.0,0.0,2.0,2.0,0.0,1.0,0.0,1.0,5.0,1.0,5.0,1.0,0.0,0.0,1.0,0.0,2.0,2.0,2.0,0.0,1.0,0.0,1.0,1.0,0.0,0.0,0.0,0.0,0.0,0.0,0.0,0.0,0.0,1.0,0.0,1.0,0.0,1.0,2.0,1.0,1.0,4.0,0.0,2.0,0.0,1.0,1.0,2.0,1.0,1.0,0.0,0.0,1.0,1.0,0.0,0.0,0.0,0.0,2.0,3.0,0.0,0.0,0.0,0.0,0.0,1.0,3.0,5.0,3.0,0.0,1.0,0.0,0.0,0.0,0.0,0.0,0.0,0.0,2.0,0.0,0.0,0.0
62,153,1.0,1.0,2.0,0.0,3.0,0.0,1.0,5.0,0.0,0.0,0.0,2.0,1.0,0.0,1.0,0.0,0.0,0.0,0.0,0.0,2.0,0.0,2.0,1.0,3.0,0.0,0.0,2.0,2.0,2.0,3.0,1.0,1.0,2.0,2.0,2.0,0.0,0.0,0.0,1.0,1.0,1.0,1.0,2.0,1.0,4.0,1.0,0.0,0.0,2.0,0.0,8.0,0.0,0.0,2.0,2.0,2.0,0.0,0.0,3.0,1.0,1.0,1.0,0.0,0.0,2.0,1.0,3.0,3.0,3.0,4.0,1.0,2.0,2.0,1.0,2.0,1.0,3.0,2.0,1.0,1.0,1.0,0.0,5.0,2.0,2.0,4.0,2.0,7.0,2.0,1.0,2.0,1.0,0.0,2.0,2.0,3.0,2.0,3.0,2.0,1.0,5.0,0.0,2.0,2.0,1.0,1.0,2.0,5.0,3.0,2.0,2.0,2.0,1.0,0.0,0.0,3.0,2.0,0.0,1.0,2.0,1.0,2.0,1.0,2.0,3.0,0.0,0.0,1.0,5.0,2.0,4.0,2.0,3.0,2.0,3.0,3.0,2.0,6.0,3.0,4.0,1.0,3.0,1.0,2.0,1.0,0.0,0.0,0.0,0.0,1.0,0.0,1.0,0.0,1.0,0.0,0.0,0.0,4.0,1.0,1.0,3.0
62,154,0.0,0.0,0.0,7.0,3.0,2.0,0.0,6.0,2.0,1.0,0.0,3.0,3.0,3.0,0.0,1.0,0.0,2.0,1.0,2.0,1.0,0.0,1.0,3.0,4.0,1.0,1.0,1.0,1.0,3.0,5.0,1.0,1.0,4.0,3.0,6.0,0.0,0.0,0.0,2.0,3.0,1.0,4.0,1.0,0.0,2.0,1.0,1.0,0.0,1.0,3.0,3.0,2.0,1.0,2.0,1.0,3.0,2.0,2.0,1.0,2.0,5.0,1.0,0.0,0.0,5.0,4.0,5.0,0.0,6.0,0.0,4.0,2.0,3.0,5.0,3.0,4.0,7.0,1.0,4.0,3.0,1.0,1.0,5.0,7.0,2.0,6.0,9.0,8.0,0.0,0.0,0.0,6.0,4.0,2.0,2.0,6.0,2.0,7.0,2.0,4.0,3.0,3.0,1.0,1.0,1.0,3.0,3.0,6.0,3.0,3.0,4.0,1.0,1.0,1.0,2.0,4.0,2.0,6.0,0.0,0.0,2.0,3.0,0.0,3.0,1.0,1.0,5.0,4.0,6.0,0.0,1.0,0.0,8.0,3.0,12.0,3.0,4.0,3.0,6.0,5.0,6.0,3.0,1.0,2.0,2.0,3.0,1.0,3.0,0.0,2.0,0.0,0.0,0.0,2.0,2.0,3.0,1.0,3.0,5.0,6.0,4.0
62,155,0.0,0.0,0.0,0.0,0.0,0.0,0.0,0.0,0.0,0.0,0.0,0.0,0.0,0.0,0.0,0.0,0.0,0.0,0.0,0.0,0.0,0.0,0.0,0.0,0.0,0.0,0.0,0.0,0.0,0.0,9.0,2.0,0.0,0.0,3.0,9.0,15.0,3.0,0.0,0.0,0.0,1.0,3.0,1.0,1.0,0.0,1.0,0.0,0.0,0.0,0.0,0.0,1.0,0.0,1.0,1.0,0.0,1.0,1.0,1.0,2.0,3.0,0.0,0.0,0.0,0.0,0.0,0.0,1.0,1.0,0.0,0.0,1.0,0.0,2.0,2.0,3.0,3.0,0.0,4.0,0.0,0.0,0.0,4.0,0.0,1.0,2.0,0.0,2.0,3.0,3.0,3.0,2.0,0.0,1.0,1.0,0.0,0.0,0.0,0.0,1.0,0.0,0.0,0.0,2.0,0.0,2.0,2.0,0.0,0.0,0.0,1.0,2.0,2.0,2.0,0.0,0.0,0.0,0.0,0.0,0.0,0.0,2.0,0.0,0.0,2.0,0.0,0.0,0.0,2.0,1.0,1.0,1.0,0.0,1.0,1.0,1.0,1.0,0.0,1.0,2.0,1.0,0.0,0.0,0.0,0.0,1.0,0.0,0.0,0.0,0.0,1.0,0.0,1.0,1.0,0.0,0.0,0.0,0.0,2.0,1.0,0.0
62,156,0.0,0.0,0.0,0.0,0.0,0.0,0.0,0.0,0.0,0.0,0.0,0.0,0.0,0.0,0.0,0.0,0.0,0.0,0.0,0.0,0.0,0.0,0.0,0.0,0.0,0.0,2.0,1.0,0.0,2.0,0.0,0.0,1.0,0.0,0.0,2.0,3.0,0.0,0.0,0.0,0.0,1.0,0.0,0.0,0.0,1.0,0.0,0.0,0.0,0.0,0.0,0.0,2.0,1.0,0.0,2.0,4.0,1.0,2.0,0.0,0.0,0.0,0.0,1.0,0.0,1.0,3.0,0.0,1.0,9.0,6.0,0.0,3.0,1.0,5.0,2.0,2.0,4.0,0.0,0.0,1.0,2.0,2.0,5.0,4.0,2.0,1.0,3.0,1.0,1.0,0.0,0.0,0.0,1.0,0.0,0.0,0.0,1.0,3.0,3.0,2.0,1.0,0.0,1.0,2.0,0.0,3.0,0.0,0.0,0.0,0.0,0.0,2.0,2.0,3.0,5.0,9.0,9.0,8.0,1.0,2.0,3.0,3.0,3.0,4.0,2.0,3.0,1.0,4.0,3.0,1.0,3.0,0.0,1.0,4.0,1.0,2.0,1.0,8.0,2.0,8.0,2.0,4.0,2.0,1.0,3.0,5.0,0.0,1.0,0.0,3.0,4.0,1.0,0.0,0.0,3.0,0.0,1.0,0.0,4.0,1.0,3.0
62,159,0.0,1.0,0.0,0.0,0.0,1.0,1.0,2.0,1.0,1.0,1.0,0.0,0.0,0.0,0.0,0.0,0.0,0.0,0.0,1.0,1.0,1.0,2.0,1.0,4.0,0.0,1.0,3.0,0.0,2.0,2.0,0.0,0.0,2.0,1.0,2.0,3.0,1.0,1.0,0.0,0.0,0.0,1.0,2.0,0.0,1.0,0.0,1.0,3.0,1.0,1.0,2.0,3.0,1.0,4.0,2.0,4.0,0.0,2.0,2.0,0.0,0.0,0.0,3.0,4.0,2.0,3.0,3.0,4.0,0.0,5.0,5.0,4.0,3.0,2.0,4.0,4.0,1.0,2.0,2.0,0.0,2.0,2.0,2.0,2.0,0.0,2.0,7.0,2.0,4.0,0.0,0.0,4.0,1.0,2.0,1.0,1.0,2.0,0.0,2.0,4.0,3.0,0.0,2.0,2.0,2.0,5.0,11.0,2.0,5.0,4.0,3.0,4.0,3.0,3.0,3.0,1.0,3.0,2.0,1.0,0.0,0.0,0.0,0.0,1.0,2.0,4.0,2.0,5.0,0.0,2.0,2.0,0.0,0.0,0.0,3.0,2.0,2.0,3.0,1.0,3.0,6.0,0.0,3.0,3.0,3.0,5.0,1.0,0.0,3.0,2.0,1.0,1.0,1.0,0.0,0.0,2.0,2.0,1.0,3.0,3.0,0.0
62,160,0.0,0.0,1.0,0.0,0.0,1.0,1.0,0.0,2.0,2.0,1.0,0.0,0.0,0.0,0.0,0.0,0.0,0.0,0.0,0.0,0.0,1.0,0.0,1.0,2.0,0.0,0.0,2.0,0.0,0.0,4.0,4.0,1.0,0.0,1.0,3.0,1.0,0.0,0.0,1.0,0.0,0.0,0.0,0.0,0.0,1.0,0.0,0.0,0.0,1.0,0.0,2.0,1.0,6.0,2.0,0.0,2.0,0.0,0.0,1.0,0.0,1.0,1.0,1.0,1.0,4.0,1.0,0.0,3.0,1.0,2.0,1.0,1.0,0.0,2.0,0.0,4.0,1.0,1.0,1.0,1.0,5.0,2.0,2.0,2.0,2.0,0.0,2.0,3.0,0.0,0.0,0.0,1.0,1.0,0.0,0.0,1.0,1.0,2.0,2.0,1.0,1.0,0.0,1.0,3.0,0.0,2.0,1.0,1.0,1.0,1.0,1.0,0.0,1.0,0.0,0.0,1.0,0.0,1.0,1.0,0.0,0.0,5.0,1.0,2.0,0.0,0.0,1.0,0.0,0.0,0.0,0.0,1.0,2.0,1.0,1.0,0.0,2.0,1.0,0.0,2.0,1.0,0.0,1.0,0.0,1.0,1.0,0.0,0.0,0.0,0.0,1.0,0.0,0.0,1.0,0.0,2.0,0.0,1.0,1.0,0.0,0.0
62,161,0.0,1.0,0.0,0.0,0.0,1.0,2.0,2.0,3.0,0.0,2.0,0.0,1.0,1.0,0.0,0.0,0.0,0.0,0.0,2.0,1.0,2.0,1.0,1.0,2.0,0.0,2.0,1.0,1.0,2.0,1.0,2.0,2.0,3.0,2.0,3.0,0.0,0.0,0.0,0.0,0.0,0.0,0.0,0.0,0.0,1.0,1.0,2.0,0.0,2.0,1.0,0.0,4.0,6.0,2.0,3.0,1.0,1.0,1.0,3.0,0.0,0.0,2.0,1.0,2.0,2.0,1.0,2.0,1.0,0.0,3.0,2.0,3.0,1.0,2.0,1.0,5.0,5.0,2.0,1.0,1.0,1.0,1.0,3.0,3.0,4.0,3.0,2.0,5.0,3.0,1.0,3.0,1.0,1.0,0.0,0.0,1.0,4.0,1.0,1.0,2.0,1.0,0.0,2.0,2.0,0.0,2.0,0.0,4.0,0.0,3.0,1.0,1.0,0.0,0.0,1.0,3.0,0.0,1.0,2.0,1.0,1.0,3.0,0.0,0.0,0.0,0.0,0.0,0.0,0.0,0.0,0.0,0.0,0.0,0.0,0.0,0.0,0.0,2.0,0.0,3.0,2.0,2.0,1.0,1.0,0.0,1.0,2.0,1.0,3.0,1.0,0.0,1.0,1.0,0.0,1.0,1.0,1.0,0.0,0.0,3.0,1.0
62,162,0.0,0.0,1.0,0.0,0.0,0.0,1.0,0.0,0.0,0.0,1.0,0.0,1.0,1.0,0.0,0.0,0.0,0.0,0.0,0.0,3.0,0.0,3.0,1.0,0.0,0.0,0.0,3.0,0.0,0.0,3.0,1.0,0.0,1.0,2.0,0.0,2.0,0.0,1.0,1.0,0.0,0.0,0.0,0.0,0.0,2.0,0.0,2.0,2.0,3.0,0.0,2.0,0.0,1.0,1.0,1.0,4.0,1.0,0.0,1.0,1.0,3.0,0.0,0.0,1.0,2.0,2.0,4.0,1.0,1.0,5.0,0.0,3.0,3.0,1.0,4.0,4.0,4.0,1.0,1.0,4.0,0.0,0.0,2.0,2.0,3.0,0.0,4.0,4.0,3.0,6.0,1.0,1.0,4.0,0.0,1.0,0.0,3.0,0.0,2.0,1.0,3.0,2.0,1.0,0.0,0.0,0.0,4.0,0.0,1.0,1.0,2.0,1.0,1.0,0.0,5.0,1.0,0.0,1.0,1.0,1.0,2.0,0.0,0.0,1.0,1.0,3.0,0.0,0.0,1.0,1.0,0.0,0.0,0.0,0.0,0.0,0.0,0.0,0.0,0.0,4.0,1.0,1.0,1.0,0.0,0.0,1.0,1.0,3.0,0.0,1.0,1.0,2.0,0.0,0.0,0.0,0.0,2.0,0.0,0.0,2.0,0.0
62,163,0.0,1.0,0.0,0.0,0.0,1.0,0.0,1.0,1.0,0.0,1.0,3.0,0.0,0.0,0.0,0.0,0.0,0.0,0.0,0.0,3.0,1.0,1.0,2.0,1.0,0.0,0.0,3.0,1.0,0.0,1.0,0.0,0.0,0.0,0.0,1.0,2.0,2.0,1.0,0.0,0.0,1.0,0.0,0.0,0.0,1.0,0.0,1.0,1.0,1.0,0.0,2.0,0.0,0.0,1.0,0.0,1.0,0.0,2.0,1.0,2.0,0.0,0.0,1.0,0.0,3.0,1.0,1.0,1.0,0.0,3.0,0.0,0.0,1.0,2.0,1.0,1.0,1.0,2.0,2.0,0.0,0.0,3.0,1.0,1.0,1.0,2.0,1.0,1.0,2.0,0.0,1.0,0.0,0.0,1.0,0.0,0.0,2.0,1.0,0.0,0.0,3.0,1.0,1.0,2.0,0.0,0.0,1.0,2.0,0.0,2.0,2.0,0.0,0.0,0.0,1.0,1.0,1.0,1.0,1.0,1.0,0.0,1.0,1.0,0.0,0.0,0.0,0.0,1.0,0.0,1.0,0.0,0.0,0.0,0.0,0.0,0.0,0.0,0.0,0.0,1.0,2.0,1.0,0.0,0.0,1.0,1.0,0.0,2.0,1.0,1.0,0.0,1.0,0.0,0.0,0.0,0.0,0.0,0.0,1.0,0.0,1.0
62,164,0.0,1.0,0.0,0.0,1.0,0.0,0.0,0.0,0.0,0.0,0.0,0.0,0.0,0.0,0.0,0.0,0.0,0.0,0.0,0.0,0.0,0.0,0.0,0.0,0.0,0.0,0.0,0.0,0.0,0.0,0.0,0.0,1.0,1.0,0.0,0.0,3.0,0.0,1.0,1.0,0.0,0.0,0.0,3.0,0.0,1.0,0.0,0.0,3.0,2.0,0.0,3.0,1.0,0.0,3.0,1.0,4.0,0.0,0.0,0.0,1.0,2.0,1.0,4.0,0.0,1.0,3.0,6.0,1.0,3.0,3.0,2.0,0.0,3.0,2.0,2.0,2.0,5.0,2.0,6.0,3.0,2.0,2.0,2.0,3.0,2.0,3.0,1.0,2.0,3.0,3.0,1.0,1.0,2.0,1.0,1.0,0.0,3.0,0.0,2.0,1.0,3.0,2.0,2.0,0.0,1.0,2.0,9.0,2.0,0.0,1.0,0.0,3.0,0.0,2.0,1.0,1.0,3.0,3.0,4.0,2.0,2.0,0.0,0.0,0.0,1.0,3.0,0.0,4.0,1.0,3.0,2.0,1.0,0.0,0.0,0.0,1.0,2.0,1.0,2.0,5.0,3.0,1.0,0.0,1.0,3.0,0.0,0.0,2.0,2.0,2.0,3.0,2.0,2.0,1.0,0.0,3.0,4.0,2.0,0.0,0.0,1.0
62,165,0.0,0.0,1.0,0.0,0.0,1.0,0.0,0.0,2.0,1.0,0.0,3.0,0.0,0.0,0.0,0.0,0.0,0.0,3.0,1.0,1.0,2.0,0.0,2.0,2.0,1.0,0.0,0.0,0.0,2.0,2.0,2.0,0.0,1.0,1.0,1.0,4.0,3.0,2.0,1.0,0.0,0.0,1.0,2.0,2.0,1.0,0.0,1.0,3.0,2.0,0.0,2.0,1.0,0.0,2.0,1.0,3.0,0.0,2.0,1.0,1.0,0.0,0.0,2.0,0.0,1.0,1.0,3.0,2.0,2.0,1.0,4.0,1.0,0.0,0.0,0.0,2.0,3.0,5.0,1.0,2.0,2.0,1.0,1.0,0.0,2.0,1.0,0.0,1.0,2.0,1.0,1.0,2.0,1.0,1.0,2.0,3.0,0.0,1.0,1.0,2.0,0.0,0.0,1.0,0.0,1.0,0.0,3.0,2.0,0.0,1.0,1.0,1.0,0.0,1.0,2.0,0.0,0.0,1.0,3.0,1.0,1.0,0.0,2.0,0.0,1.0,0.0,1.0,0.0,1.0,0.0,1.0,2.0,1.0,1.0,1.0,0.0,0.0,1.0,0.0,3.0,1.0,0.0,0.0,0.0,0.0,3.0,2.0,1.0,2.0,0.0,1.0,0.0,2.0,0.0,0.0,1.0,0.0,0.0,3.0,2.0,0.0
62,166,0.0,0.0,1.0,0.0,1.0,0.0,0.0,0.0,0.0,0.0,0.0,0.0,0.0,0.0,0.0,0.0,0.0,0.0,0.0,0.0,0.0,0.0,0.0,0.0,0.0,0.0,0.0,0.0,0.0,0.0,0.0,0.0,2.0,0.0,1.0,2.0,1.0,0.0,1.0,1.0,0.0,1.0,0.0,1.0,0.0,3.0,0.0,2.0,1.0,1.0,0.0,3.0,1.0,0.0,1.0,1.0,4.0,0.0,1.0,1.0,0.0,0.0,1.0,1.0,1.0,7.0,3.0,4.0,2.0,2.0,5.0,1.0,1.0,0.0,0.0,2.0,1.0,0.0,0.0,0.0,0.0,2.0,0.0,0.0,0.0,0.0,0.0,0.0,0.0,1.0,0.0,2.0,0.0,3.0,1.0,2.0,1.0,2.0,0.0,1.0,0.0,1.0,2.0,0.0,1.0,0.0,2.0,1.0,2.0,3.0,1.0,2.0,2.0,3.0,0.0,0.0,1.0,1.0,0.0,1.0,0.0,0.0,0.0,0.0,0.0,3.0,1.0,0.0,0.0,0.0,0.0,0.0,0.0,0.0,0.0,0.0,0.0,0.0,0.0,0.0,0.0,1.0,0.0,0.0,0.0,0.0,2.0,1.0,0.0,1.0,2.0,1.0,0.0,0.0,1.0,1.0,0.0,1.0,0.0,0.0,1.0,0.0
62,169,0.0,1.0,0.0,0.0,0.0,1.0,1.0,0.0,1.0,1.0,2.0,0.0,0.0,1.0,0.0,0.0,0.0,0.0,0.0,1.0,2.0,1.0,0.0,2.0,1.0,0.0,2.0,2.0,0.0,1.0,2.0,2.0,0.0,2.0,0.0,2.0,1.0,0.0,0.0,0.0,0.0,0.0,0.0,0.0,0.0,0.0,1.0,6.0,0.0,2.0,1.0,1.0,0.0,4.0,1.0,4.0,3.0,0.0,0.0,0.0,0.0,0.0,0.0,1.0,2.0,2.0,4.0,1.0,0.0,2.0,6.0,2.0,1.0,1.0,2.0,0.0,1.0,6.0,2.0,1.0,3.0,1.0,2.0,1.0,4.0,1.0,1.0,1.0,4.0,0.0,0.0,0.0,1.0,3.0,1.0,2.0,0.0,0.0,1.0,0.0,3.0,0.0,0.0,0.0,1.0,0.0,2.0,1.0,4.0,0.0,0.0,1.0,0.0,1.0,1.0,0.0,3.0,0.0,0.0,0.0,0.0,1.0,3.0,0.0,0.0,0.0,3.0,1.0,0.0,1.0,2.0,1.0,2.0,1.0,0.0,0.0,1.0,0.0,1.0,1.0,1.0,1.0,0.0,2.0,1.0,0.0,1.0,0.0,2.0,2.0,1.0,0.0,2.0,0.0,2.0,0.0,2.0,0.0,1.0,1.0,3.0,1.0
62,170,0.0,1.0,0.0,0.0,0.0,1.0,0.0,0.0,1.0,1.0,1.0,1.0,1.0,0.0,0.0,1.0,0.0,0.0,0.0,0.0,4.0,3.0,2.0,2.0,3.0,0.0,1.0,1.0,0.0,1.0,3.0,1.0,1.0,1.0,1.0,0.0,2.0,0.0,2.0,0.0,0.0,0.0,0.0,2.0,1.0,2.0,0.0,0.0,2.0,1.0,0.0,0.0,3.0,4.0,4.0,2.0,3.0,0.0,0.0,0.0,0.0,0.0,0.0,3.0,2.0,5.0,1.0,4.0,2.0,7.0,5.0,1.0,1.0,1.0,7.0,6.0,1.0,2.0,3.0,1.0,2.0,4.0,2.0,2.0,1.0,4.0,3.0,2.0,4.0,2.0,2.0,1.0,2.0,1.0,3.0,4.0,1.0,2.0,2.0,1.0,2.0,3.0,5.0,3.0,2.0,1.0,3.0,9.0,9.0,4.0,3.0,3.0,0.0,0.0,5.0,2.0,6.0,1.0,3.0,2.0,2.0,2.0,0.0,0.0,0.0,2.0,5.0,1.0,2.0,1.0,1.0,0.0,4.0,1.0,1.0,3.0,0.0,1.0,0.0,1.0,5.0,3.0,1.0,0.0,2.0,0.0,0.0,0.0,2.0,0.0,0.0,1.0,4.0,0.0,2.0,2.0,3.0,3.0,0.0,2.0,3.0,1.0
62,171,0.0,1.0,0.0,0.0,0.0,1.0,2.0,1.0,0.0,3.0,2.0,0.0,0.0,0.0,0.0,0.0,0.0,0.0,0.0,0.0,1.0,0.0,1.0,0.0,3.0,1.0,2.0,2.0,0.0,1.0,1.0,1.0,0.0,0.0,1.0,0.0,2.0,2.0,2.0,0.0,1.0,1.0,0.0,0.0,1.0,0.0,0.0,1.0,0.0,1.0,2.0,0.0,1.0,1.0,0.0,0.0,4.0,0.0,0.0,4.0,1.0,0.0,0.0,0.0,0.0,1.0,2.0,3.0,0.0,0.0,1.0,1.0,3.0,1.0,2.0,0.0,2.0,1.0,2.0,1.0,1.0,2.0,2.0,1.0,0.0,2.0,3.0,0.0,0.0,1.0,1.0,1.0,1.0,0.0,1.0,2.0,0.0,0.0,1.0,1.0,1.0,1.0,1.0,0.0,1.0,2.0,1.0,2.0,0.0,2.0,0.0,0.0,0.0,2.0,0.0,0.0,1.0,2.0,0.0,2.0,0.0,0.0,0.0,0.0,0.0,0.0,0.0,1.0,1.0,2.0,0.0,1.0,0.0,0.0,0.0,2.0,1.0,1.0,0.0,2.0,2.0,2.0,0.0,0.0,1.0,0.0,0.0,1.0,1.0,1.0,1.0,1.0,2.0,2.0,0.0,1.0,1.0,2.0,0.0,0.0,2.0,0.0
62,172,0.0,0.0,1.0,0.0,0.0,1.0,1.0,1.0,2.0,0.0,0.0,0.0,1.0,0.0,1.0,0.0,4.0,4.0,0.0,0.0,0.0,0.0,3.0,1.0,1.0,0.0,1.0,1.0,1.0,0.0,2.0,1.0,0.0,0.0,1.0,1.0,1.0,0.0,0.0,1.0,0.0,1.0,1.0,2.0,0.0,2.0,1.0,2.0,2.0,0.0,1.0,1.0,0.0,1.0,0.0,0.0,1.0,1.0,0.0,2.0,1.0,0.0,1.0,1.0,0.0,3.0,2.0,3.0,0.0,0.0,1.0,1.0,0.0,2.0,2.0,1.0,0.0,0.0,2.0,4.0,1.0,1.0,3.0,2.0,0.0,1.0,0.0,2.0,2.0,0.0,1.0,0.0,0.0,0.0,1.0,0.0,1.0,0.0,2.0,2.0,1.0,2.0,1.0,2.0,0.0,0.0,1.0,5.0,5.0,4.0,2.0,4.0,3.0,1.0,2.0,1.0,2.0,2.0,0.0,2.0,1.0,1.0,0.0,0.0,0.0,2.0,0.0,1.0,1.0,1.0,0.0,0.0,0.0,1.0,0.0,3.0,1.0,0.0,0.0,0.0,3.0,0.0,0.0,1.0,0.0,0.0,0.0,0.0,3.0,0.0,1.0,0.0,1.0,2.0,1.0,2.0,1.0,0.0,1.0,1.0,3.0,1.0
62,175,0.0,1.0,0.0,0.0,0.0,1.0,0.0,0.0,2.0,3.0,1.0,0.0,0.0,0.0,0.0,0.0,0.0,0.0,0.0,0.0,0.0,0.0,0.0,0.0,0.0,0.0,0.0,0.0,0.0,0.0,0.0,0.0,2.0,1.0,0.0,1.0,0.0,0.0,2.0,0.0,0.0,0.0,0.0,1.0,1.0,1.0,0.0,1.0,0.0,2.0,0.0,0.0,0.0,3.0,3.0,2.0,0.0,0.0,1.0,3.0,0.0,0.0,0.0,2.0,3.0,2.0,3.0,3.0,0.0,2.0,5.0,5.0,4.0,1.0,4.0,2.0,2.0,2.0,1.0,1.0,1.0,4.0,1.0,4.0,3.0,1.0,2.0,2.0,2.0,1.0,0.0,0.0,0.0,2.0,1.0,0.0,2.0,2.0,0.0,0.0,2.0,3.0,1.0,0.0,2.0,2.0,2.0,3.0,1.0,5.0,4.0,2.0,2.0,2.0,0.0,0.0,1.0,1.0,2.0,0.0,3.0,0.0,3.0,0.0,0.0,0.0,0.0,3.0,1.0,2.0,0.0,0.0,0.0,0.0,0.0,0.0,0.0,0.0,0.0,2.0,1.0,0.0,0.0,0.0,0.0,0.0,2.0,1.0,0.0,1.0,1.0,0.0,1.0,1.0,2.0,0.0,0.0,1.0,0.0,2.0,2.0,3.0
62,176,0.0,1.0,0.0,0.0,1.0,0.0,0.0,0.0,0.0,0.0,0.0,0.0,0.0,0.0,0.0,0.0,0.0,0.0,0.0,0.0,0.0,0.0,0.0,0.0,0.0,0.0,0.0,0.0,0.0,0.0,0.0,2.0,3.0,1.0,1.0,2.0,0.0,0.0,0.0,0.0,0.0,0.0,0.0,0.0,0.0,1.0,0.0,2.0,3.0,3.0,0.0,3.0,0.0,1.0,4.0,5.0,2.0,0.0,0.0,0.0,1.0,1.0,1.0,1.0,4.0,3.0,3.0,4.0,5.0,3.0,4.0,3.0,6.0,2.0,1.0,2.0,3.0,2.0,2.0,2.0,2.0,4.0,2.0,2.0,2.0,3.0,5.0,10.0,8.0,6.0,0.0,0.0,0.0,1.0,0.0,0.0,0.0,4.0,5.0,3.0,3.0,1.0,2.0,3.0,4.0,0.0,2.0,2.0,3.0,3.0,5.0,2.0,3.0,0.0,1.0,1.0,3.0,0.0,2.0,1.0,1.0,1.0,3.0,2.0,2.0,1.0,2.0,1.0,0.0,2.0,4.0,1.0,1.0,0.0,0.0,0.0,0.0,1.0,0.0,2.0,7.0,3.0,1.0,2.0,0.0,2.0,1.0,2.0,0.0,2.0,3.0,1.0,0.0,1.0,1.0,1.0,3.0,0.0,1.0,1.0,1.0,0.0
62,177,0.0,0.0,0.0,0.0,0.0,0.0,1.0,2.0,1.0,0.0,1.0,1.0,2.0,0.0,0.0,0.0,0.0,0.0,0.0,0.0,7.0,0.0,1.0,1.0,0.0,1.0,1.0,2.0,0.0,4.0,0.0,2.0,1.0,0.0,0.0,3.0,5.0,0.0,0.0,0.0,0.0,0.0,2.0,0.0,0.0,0.0,0.0,1.0,1.0,2.0,1.0,1.0,1.0,6.0,3.0,4.0,0.0,0.0,0.0,0.0,0.0,0.0,1.0,0.0,2.0,3.0,2.0,1.0,3.0,5.0,2.0,4.0,1.0,3.0,3.0,2.0,2.0,3.0,1.0,1.0,0.0,0.0,4.0,4.0,1.0,3.0,1.0,2.0,5.0,2.0,4.0,1.0,0.0,4.0,2.0,4.0,0.0,2.0,4.0,3.0,2.0,0.0,3.0,4.0,0.0,0.0,3.0,6.0,3.0,4.0,0.0,3.0,1.0,1.0,1.0,2.0,4.0,1.0,2.0,1.0,2.0,0.0,0.0,0.0,0.0,0.0,3.0,0.0,0.0,0.0,0.0,1.0,0.0,0.0,2.0,1.0,0.0,1.0,1.0,2.0,3.0,3.0,2.0,1.0,0.0,4.0,0.0,0.0,0.0,1.0,1.0,0.0,0.0,1.0,0.0,1.0,1.0,0.0,0.0,0.0,1.0,0.0
62,178,0.0,0.0,1.0,0.0,0.0,0.0,1.0,4.0,0.0,1.0,1.0,1.0,2.0,1.0,0.0,0.0,0.0,0.0,0.0,1.0,5.0,3.0,5.0,4.0,2.0,1.0,1.0,2.0,0.0,3.0,2.0,0.0,2.0,3.0,1.0,3.0,4.0,0.0,0.0,0.0,0.0,0.0,0.0,5.0,1.0,1.0,1.0,2.0,2.0,3.0,2.0,0.0,0.0,9.0,1.0,3.0,4.0,1.0,3.0,1.0,0.0,0.0,0.0,2.0,3.0,3.0,4.0,3.0,1.0,4.0,3.0,4.0,5.0,3.0,3.0,0.0,1.0,4.0,1.0,1.0,1.0,1.0,1.0,3.0,4.0,0.0,4.0,3.0,7.0,6.0,2.0,1.0,2.0,0.0,6.0,3.0,6.0,4.0,1.0,4.0,0.0,0.0,2.0,3.0,1.0,1.0,3.0,1.0,1.0,1.0,1.0,0.0,3.0,0.0,3.0,1.0,3.0,1.0,1.0,0.0,2.0,2.0,4.0,2.0,0.0,1.0,0.0,2.0,0.0,2.0,1.0,1.0,1.0,1.0,0.0,0.0,0.0,0.0,1.0,1.0,5.0,3.0,2.0,1.0,1.0,1.0,0.0,3.0,3.0,3.0,1.0,0.0,2.0,2.0,2.0,1.0,0.0,0.0,0.0,1.0,3.0,1.0
62,190,0.0,0.0,0.0,0.0,0.0,0.0,0.0,0.0,0.0,0.0,0.0,0.0,0.0,0.0,0.0,0.0,0.0,0.0,0.0,0.0,0.0,0.0,0.0,0.0,0.0,0.0,0.0,0.0,0.0,0.0,6.0,2.0,0.0,1.0,6.0,6.0,7.0,1.0,0.0,4.0,2.0,2.0,2.0,2.0,2.0,3.0,2.0,3.0,1.0,4.0,1.0,0.0,1.0,3.0,1.0,1.0,2.0,0.0,1.0,2.0,2.0,1.0,2.0,4.0,2.0,3.0,3.0,2.0,3.0,0.0,0.0,0.0,1.0,2.0,0.0,0.0,3.0,3.0,1.0,0.0,1.0,2.0,1.0,7.0,0.0,3.0,3.0,4.0,5.0,3.0,3.0,0.0,3.0,1.0,1.0,1.0,2.0,2.0,3.0,0.0,3.0,1.0,0.0,0.0,1.0,1.0,1.0,1.0,2.0,2.0,3.0,3.0,2.0,0.0,0.0,1.0,1.0,1.0,1.0,0.0,1.0,0.0,2.0,1.0,1.0,1.0,2.0,0.0,0.0,2.0,0.0,0.0,0.0,0.0,2.0,2.0,4.0,0.0,1.0,4.0,5.0,0.0,2.0,1.0,2.0,0.0,0.0,0.0,1.0,0.0,0.0,1.0,1.0,0.0,0.0,0.0,0.0,1.0,0.0,1.0,2.0,0.0
62,191,0.0,0.0,0.0,0.0,0.0,0.0,0.0,0.0,0.0,0.0,0.0,0.0,0.0,0.0,0.0,0.0,0.0,0.0,0.0,0.0,0.0,0.0,0.0,0.0,0.0,0.0,0.0,0.0,0.0,0.0,1.0,3.0,1.0,4.0,2.0,1.0,2.0,4.0,2.0,3.0,1.0,1.0,0.0,0.0,3.0,3.0,0.0,3.0,0.0,1.0,2.0,1.0,2.0,1.0,0.0,3.0,2.0,2.0,3.0,1.0,1.0,3.0,0.0,0.0,2.0,2.0,1.0,2.0,3.0,1.0,0.0,0.0,1.0,0.0,0.0,2.0,0.0,0.0,0.0,1.0,0.0,0.0,0.0,2.0,1.0,0.0,2.0,2.0,3.0,1.0,4.0,0.0,2.0,2.0,1.0,1.0,2.0,1.0,1.0,0.0,0.0,1.0,1.0,0.0,2.0,1.0,0.0,3.0,2.0,0.0,1.0,2.0,0.0,0.0,0.0,2.0,0.0,1.0,0.0,0.0,0.0,2.0,0.0,1.0,1.0,0.0,1.0,0.0,0.0,0.0,0.0,0.0,0.0,1.0,1.0,1.0,0.0,0.0,1.0,1.0,1.0,0.0,0.0,0.0,0.0,0.0,0.0,0.0,0.0,1.0,2.0,0.0,1.0,0.0,0.0,0.0,0.0,0.0,0.0,1.0,1.0,1.0
62,192,0.0,0.0,0.0,0.0,0.0,0.0,0.0,0.0,0.0,0.0,0.0,0.0,0.0,0.0,0.0,0.0,0.0,0.0,0.0,0.0,0.0,0.0,0.0,0.0,0.0,0.0,0.0,0.0,0.0,0.0,4.0,3.0,2.0,2.0,4.0,5.0,6.0,3.0,0.0,2.0,2.0,3.0,3.0,1.0,1.0,4.0,0.0,2.0,1.0,1.0,0.0,1.0,2.0,0.0,0.0,0.0,2.0,0.0,1.0,2.0,1.0,1.0,0.0,0.0,1.0,0.0,0.0,0.0,1.0,2.0,3.0,1.0,2.0,1.0,1.0,0.0,1.0,1.0,3.0,1.0,4.0,0.0,1.0,3.0,2.0,0.0,1.0,1.0,5.0,5.0,1.0,1.0,0.0,0.0,1.0,0.0,2.0,0.0,4.0,0.0,2.0,1.0,2.0,0.0,1.0,0.0,1.0,2.0,1.0,1.0,2.0,0.0,1.0,2.0,0.0,1.0,0.0,1.0,0.0,1.0,1.0,1.0,1.0,1.0,3.0,0.0,1.0,2.0,0.0,1.0,4.0,4.0,0.0,1.0,1.0,5.0,2.0,0.0,3.0,2.0,1.0,2.0,0.0,0.0,0.0,1.0,2.0,1.0,2.0,1.0,1.0,1.0,1.0,0.0,0.0,0.0,1.0,1.0,2.0,2.0,1.0,1.0
62,198,0.0,0.0,0.0,0.0,0.0,0.0,0.0,0.0,0.0,0.0,0.0,0.0,0.0,0.0,0.0,0.0,0.0,0.0,0.0,0.0,0.0,0.0,0.0,0.0,0.0,0.0,0.0,0.0,0.0,0.0,0.0,0.0,0.0,0.0,0.0,0.0,0.0,0.0,0.0,0.0,0.0,0.0,0.0,0.0,0.0,0.0,0.0,0.0,0.0,0.0,0.0,0.0,0.0,0.0,0.0,0.0,2.0,0.0,0.0,0.0,0.0,0.0,0.0,0.0,0.0,0.0,1.0,0.0,0.0,0.0,2.0,0.0,0.0,1.0,1.0,0.0,0.0,0.0,0.0,0.0,0.0,0.0,0.0,0.0,0.0,0.0,0.0,0.0,0.0,1.0,1.0,0.0,1.0,1.0,0.0,0.0,0.0,0.0,1.0,1.0,1.0,0.0,1.0,1.0,2.0,0.0,0.0,0.0,0.0,0.0,0.0,1.0,0.0,1.0,0.0,1.0,1.0,5.0,0.0,5.0,2.0,3.0,1.0,0.0,1.0,0.0,0.0,0.0,3.0,3.0,1.0,0.0,1.0,1.0,1.0,1.0,1.0,0.0,1.0,0.0,0.0,0.0,1.0,2.0,0.0,0.0,1.0,0.0,1.0,0.0,0.0,0.0,0.0,0.0,2.0,0.0,2.0,0.0,0.0,0.0,3.0,0.0
62,199,0.0,0.0,0.0,0.0,0.0,0.0,0.0,0.0,0.0,0.0,0.0,0.0,0.0,0.0,0.0,0.0,0.0,0.0,0.0,0.0,0.0,0.0,0.0,0.0,0.0,0.0,0.0,0.0,0.0,0.0,0.0,0.0,0.0,0.0,0.0,0.0,0.0,0.0,0.0,0.0,0.0,0.0,0.0,0.0,0.0,0.0,0.0,3.0,5.0,8.0,3.0,4.0,5.0,1.0,7.0,6.0,7.0,1.0,2.0,4.0,3.0,0.0,2.0,10.0,2.0,6.0,0.0,2.0,7.0,9.0,8.0,0.0,0.0,2.0,3.0,0.0,7.0,0.0,1.0,5.0,8.0,0.0,2.0,6.0,3.0,6.0,5.0,3.0,10.0,3.0,4.0,13.0,2.0,0.0,2.0,0.0,2.0,2.0,5.0,3.0,0.0,4.0,7.0,1.0,0.0,4.0,2.0,3.0,2.0,0.0,2.0,4.0,1.0,4.0,1.0,1.0,2.0,2.0,3.0,0.0,4.0,0.0,1.0,0.0,0.0,0.0,0.0,1.0,1.0,0.0,2.0,0.0,0.0,4.0,1.0,4.0,4.0,1.0,2.0,3.0,13.0,4.0,0.0,4.0,0.0,1.0,0.0,4.0,6.0,2.0,4.0,0.0,1.0,2.0,2.0,1.0,3.0,0.0,0.0,2.0,10.0,2.0
62,202,0.0,0.0,0.0,0.0,0.0,0.0,0.0,0.0,0.0,0.0,0.0,0.0,0.0,0.0,0.0,0.0,0.0,0.0,0.0,0.0,0.0,0.0,0.0,0.0,0.0,0.0,0.0,0.0,0.0,0.0,0.0,0.0,0.0,0.0,0.0,0.0,0.0,0.0,0.0,0.0,0.0,0.0,0.0,0.0,0.0,0.0,1.0,0.0,4.0,0.0,3.0,0.0,4.0,2.0,0.0,2.0,2.0,0.0,4.0,3.0,0.0,1.0,1.0,5.0,0.0,5.0,0.0,1.0,0.0,0.0,2.0,1.0,1.0,2.0,0.0,0.0,0.0,0.0,1.0,1.0,0.0,0.0,0.0,0.0,0.0,0.0,3.0,1.0,5.0,7.0,2.0,1.0,0.0,0.0,0.0,0.0,0.0,4.0,2.0,1.0,2.0,2.0,0.0,4.0,1.0,4.0,1.0,4.0,2.0,1.0,1.0,0.0,0.0,4.0,1.0,0.0,2.0,0.0,1.0,0.0,0.0,0.0,0.0,0.0,2.0,0.0,1.0,3.0,0.0,4.0,1.0,3.0,0.0,0.0,1.0,1.0,5.0,0.0,1.0,4.0,6.0,8.0,0.0,5.0,0.0,1.0,0.0,2.0,0.0,2.0,0.0,0.0,0.0,0.0,1.0,0.0,0.0,0.0,0.0,0.0,0.0,1.0
62,203,0.0,0.0,0.0,0.0,0.0,0.0,0.0,0.0,0.0,0.0,0.0,0.0,0.0,0.0,0.0,0.0,0.0,0.0,0.0,0.0,0.0,0.0,0.0,0.0,0.0,0.0,0.0,0.0,0.0,0.0,0.0,0.0,0.0,0.0,0.0,0.0,0.0,0.0,0.0,0.0,0.0,0.0,0.0,0.0,0.0,0.0,2.0,1.0,0.0,1.0,2.0,0.0,2.0,0.0,1.0,0.0,2.0,1.0,1.0,3.0,1.0,0.0,2.0,0.0,1.0,1.0,0.0,0.0,0.0,1.0,1.0,1.0,0.0,1.0,0.0,2.0,1.0,3.0,0.0,0.0,1.0,2.0,0.0,1.0,0.0,1.0,0.0,1.0,2.0,1.0,0.0,0.0,2.0,1.0,2.0,3.0,1.0,2.0,5.0,1.0,2.0,0.0,0.0,0.0,0.0,0.0,2.0,6.0,2.0,0.0,0.0,0.0,1.0,1.0,0.0,0.0,0.0,2.0,1.0,0.0,1.0,4.0,0.0,0.0,0.0,0.0,1.0,0.0,0.0,0.0,2.0,2.0,1.0,1.0,1.0,3.0,0.0,1.0,1.0,1.0,3.0,0.0,0.0,1.0,0.0,0.0,0.0,1.0,1.0,0.0,0.0,0.0,1.0,1.0,1.0,0.0,0.0,0.0,0.0,1.0,1.0,0.0
62,204,0.0,0.0,0.0,0.0,0.0,0.0,0.0,0.0,0.0,0.0,0.0,0.0,0.0,0.0,0.0,0.0,0.0,0.0,0.0,0.0,0.0,0.0,0.0,0.0,0.0,0.0,0.0,0.0,0.0,0.0,0.0,0.0,0.0,0.0,0.0,0.0,0.0,0.0,0.0,0.0,0.0,0.0,0.0,0.0,0.0,0.0,0.0,0.0,0.0,0.0,2.0,1.0,3.0,0.0,1.0,1.0,0.0,1.0,1.0,2.0,1.0,1.0,1.0,0.0,0.0,1.0,0.0,2.0,0.0,0.0,0.0,0.0,0.0,0.0,1.0,0.0,0.0,1.0,0.0,0.0,1.0,0.0,0.0,2.0,0.0,1.0,3.0,1.0,14.0,1.0,1.0,1.0,0.0,0.0,1.0,2.0,0.0,2.0,2.0,2.0,1.0,0.0,0.0,0.0,1.0,2.0,2.0,1.0,0.0,0.0,1.0,3.0,0.0,3.0,1.0,2.0,2.0,0.0,2.0,2.0,3.0,0.0,0.0,4.0,0.0,1.0,0.0,3.0,0.0,1.0,1.0,0.0,2.0,2.0,0.0,3.0,1.0,0.0,0.0,0.0,8.0,1.0,0.0,1.0,0.0,0.0,2.0,2.0,0.0,1.0,1.0,5.0,0.0,2.0,0.0,0.0,2.0,1.0,1.0,3.0,6.0,0.0
62,205,0.0,0.0,0.0,0.0,0.0,0.0,0.0,0.0,0.0,0.0,0.0,0.0,0.0,0.0,0.0,0.0,0.0,0.0,0.0,0.0,0.0,0.0,0.0,0.0,0.0,0.0,0.0,0.0,0.0,0.0,0.0,0.0,0.0,0.0,0.0,0.0,0.0,0.0,0.0,0.0,0.0,0.0,0.0,0.0,0.0,0.0,1.0,1.0,0.0,2.0,1.0,0.0,1.0,1.0,0.0,0.0,2.0,0.0,1.0,0.0,1.0,2.0,0.0,1.0,1.0,0.0,0.0,0.0,0.0,0.0,0.0,3.0,1.0,0.0,0.0,0.0,1.0,2.0,0.0,0.0,0.0,0.0,0.0,0.0,0.0,1.0,2.0,0.0,1.0,4.0,0.0,1.0,1.0,0.0,2.0,1.0,1.0,2.0,0.0,0.0,2.0,0.0,0.0,0.0,2.0,1.0,0.0,1.0,0.0,2.0,1.0,2.0,0.0,0.0,0.0,0.0,1.0,0.0,0.0,1.0,2.0,3.0,0.0,1.0,0.0,0.0,0.0,0.0,0.0,0.0,0.0,1.0,1.0,0.0,1.0,1.0,0.0,0.0,1.0,0.0,2.0,1.0,0.0,0.0,0.0,2.0,0.0,1.0,0.0,0.0,0.0,1.0,0.0,0.0,1.0,1.0,0.0,0.0,0.0,0.0,1.0,0.0
62,206,0.0,0.0,0.0,0.0,0.0,0.0,0.0,0.0,0.0,0.0,0.0,0.0,0.0,0.0,0.0,0.0,0.0,0.0,0.0,0.0,0.0,0.0,0.0,0.0,0.0,0.0,0.0,0.0,0.0,0.0,0.0,0.0,0.0,0.0,0.0,0.0,0.0,0.0,0.0,0.0,0.0,0.0,0.0,0.0,0.0,0.0,3.0,0.0,1.0,1.0,0.0,1.0,0.0,1.0,1.0,0.0,1.0,1.0,1.0,4.0,2.0,1.0,0.0,0.0,3.0,0.0,1.0,1.0,1.0,0.0,1.0,0.0,3.0,2.0,2.0,1.0,1.0,2.0,1.0,1.0,0.0,1.0,2.0,3.0,0.0,2.0,1.0,3.0,2.0,2.0,1.0,0.0,0.0,2.0,1.0,3.0,2.0,1.0,3.0,3.0,1.0,0.0,3.0,3.0,0.0,0.0,2.0,1.0,1.0,1.0,4.0,2.0,0.0,3.0,1.0,0.0,1.0,0.0,2.0,1.0,1.0,1.0,2.0,1.0,0.0,0.0,2.0,1.0,0.0,1.0,1.0,0.0,1.0,2.0,1.0,3.0,0.0,0.0,4.0,0.0,6.0,2.0,2.0,1.0,1.0,1.0,1.0,2.0,2.0,1.0,1.0,4.0,1.0,0.0,0.0,2.0,1.0,0.0,2.0,0.0,4.0,3.0
62,209,0.0,0.0,0.0,0.0,0.0,0.0,0.0,0.0,0.0,0.0,0.0,0.0,0.0,0.0,0.0,0.0,0.0,0.0,0.0,0.0,0.0,0.0,0.0,0.0,0.0,0.0,0.0,0.0,0.0,0.0,0.0,0.0,0.0,0.0,0.0,0.0,0.0,0.0,0.0,0.0,0.0,0.0,0.0,0.0,0.0,0.0,0.0,0.0,0.0,1.0,0.0,0.0,0.0,0.0,0.0,1.0,0.0,1.0,1.0,2.0,1.0,1.0,1.0,0.0,3.0,1.0,1.0,0.0,0.0,0.0,0.0,3.0,1.0,0.0,1.0,0.0,0.0,0.0,1.0,0.0,3.0,0.0,1.0,2.0,0.0,0.0,0.0,1.0,1.0,0.0,0.0,2.0,1.0,0.0,1.0,0.0,2.0,0.0,0.0,0.0,1.0,0.0,0.0,0.0,0.0,3.0,0.0,4.0,3.0,0.0,0.0,1.0,1.0,0.0,1.0,1.0,0.0,0.0,0.0,0.0,2.0,1.0,0.0,1.0,3.0,0.0,1.0,1.0,0.0,0.0,0.0,0.0,0.0,1.0,1.0,3.0,0.0,0.0,2.0,1.0,1.0,1.0,1.0,0.0,0.0,0.0,0.0,2.0,0.0,1.0,1.0,0.0,0.0,1.0,0.0,0.0,0.0,0.0,1.0,2.0,2.0,1.0
62,210,0.0,0.0,0.0,0.0,0.0,0.0,0.0,0.0,0.0,0.0,0.0,0.0,0.0,0.0,0.0,0.0,0.0,0.0,0.0,0.0,0.0,0.0,0.0,0.0,0.0,0.0,0.0,0.0,0.0,0.0,0.0,0.0,0.0,0.0,0.0,0.0,0.0,0.0,0.0,0.0,0.0,0.0,0.0,0.0,0.0,0.0,0.0,0.0,0.0,0.0,0.0,2.0,1.0,0.0,3.0,2.0,2.0,3.0,1.0,0.0,2.0,0.0,5.0,1.0,1.0,2.0,1.0,1.0,3.0,5.0,0.0,0.0,0.0,2.0,1.0,1.0,3.0,2.0,4.0,0.0,1.0,3.0,1.0,7.0,5.0,1.0,0.0,1.0,6.0,2.0,6.0,1.0,1.0,0.0,2.0,3.0,3.0,0.0,1.0,2.0,2.0,0.0,2.0,5.0,3.0,2.0,3.0,3.0,4.0,2.0,1.0,4.0,0.0,4.0,4.0,2.0,4.0,3.0,3.0,2.0,2.0,5.0,1.0,1.0,2.0,3.0,1.0,4.0,0.0,0.0,3.0,2.0,1.0,1.0,0.0,5.0,1.0,3.0,0.0,3.0,5.0,5.0,1.0,1.0,1.0,2.0,0.0,0.0,2.0,1.0,1.0,2.0,3.0,2.0,1.0,5.0,2.0,1.0,3.0,2.0,2.0,3.0
62,213,0.0,0.0,0.0,0.0,0.0,0.0,0.0,0.0,0.0,0.0,0.0,0.0,0.0,0.0,0.0,0.0,0.0,0.0,0.0,0.0,0.0,0.0,0.0,0.0,0.0,0.0,0.0,0.0,0.0,0.0,0.0,0.0,0.0,0.0,0.0,0.0,0.0,0.0,0.0,0.0,0.0,0.0,0.0,0.0,0.0,0.0,0.0,0.0,0.0,0.0,0.0,0.0,0.0,0.0,4.0,4.0,5.0,3.0,6.0,2.0,6.0,2.0,5.0,2.0,3.0,0.0,0.0,1.0,1.0,0.0,1.0,1.0,0.0,4.0,1.0,0.0,1.0,0.0,1.0,1.0,1.0,1.0,1.0,1.0,3.0,1.0,0.0,4.0,0.0,0.0,0.0,5.0,0.0,1.0,1.0,0.0,1.0,1.0,0.0,0.0,3.0,1.0,1.0,0.0,1.0,0.0,0.0,3.0,1.0,4.0,0.0,2.0,0.0,3.0,1.0,2.0,2.0,1.0,1.0,0.0,0.0,4.0,1.0,2.0,2.0,2.0,1.0,3.0,1.0,6.0,0.0,0.0,1.0,1.0,1.0,4.0,2.0,1.0,3.0,0.0,2.0,1.0,0.0,0.0,0.0,0.0,0.0,2.0,1.0,0.0,0.0,0.0,1.0,1.0,0.0,2.0,1.0,2.0,0.0,3.0,1.0,1.0
62,214,0.0,0.0,0.0,0.0,0.0,0.0,0.0,0.0,0.0,0.0,0.0,0.0,0.0,0.0,0.0,0.0,0.0,0.0,0.0,0.0,0.0,0.0,0.0,0.0,0.0,0.0,0.0,0.0,0.0,0.0,0.0,0.0,0.0,0.0,0.0,0.0,0.0,0.0,0.0,0.0,0.0,0.0,0.0,0.0,0.0,0.0,0.0,0.0,0.0,0.0,5.0,3.0,8.0,5.0,0.0,0.0,3.0,2.0,1.0,7.0,1.0,0.0,2.0,7.0,4.0,6.0,4.0,1.0,3.0,2.0,2.0,1.0,1.0,6.0,3.0,1.0,2.0,2.0,5.0,3.0,9.0,4.0,6.0,6.0,6.0,4.0,1.0,6.0,10.0,0.0,0.0,0.0,0.0,0.0,3.0,9.0,2.0,2.0,2.0,3.0,6.0,3.0,1.0,2.0,6.0,5.0,4.0,1.0,8.0,4.0,7.0,3.0,4.0,5.0,1.0,4.0,5.0,3.0,1.0,0.0,4.0,3.0,4.0,6.0,6.0,4.0,1.0,4.0,4.0,2.0,3.0,1.0,3.0,7.0,7.0,5.0,5.0,4.0,6.0,4.0,10.0,1.0,1.0,8.0,6.0,4.0,2.0,1.0,5.0,4.0,2.0,0.0,4.0,5.0,1.0,1.0,0.0,1.0,1.0,6.0,5.0,5.0
62,216,0.0,0.0,0.0,0.0,0.0,0.0,0.0,0.0,0.0,0.0,0.0,0.0,0.0,0.0,0.0,0.0,0.0,0.0,0.0,0.0,0.0,0.0,0.0,0.0,0.0,0.0,0.0,0.0,0.0,0.0,0.0,0.0,0.0,0.0,0.0,0.0,0.0,0.0,0.0,0.0,0.0,0.0,0.0,0.0,0.0,0.0,0.0,0.0,0.0,0.0,3.0,3.0,2.0,4.0,1.0,3.0,3.0,2.0,2.0,1.0,1.0,3.0,2.0,3.0,3.0,3.0,2.0,0.0,1.0,2.0,1.0,2.0,0.0,1.0,1.0,1.0,0.0,5.0,0.0,0.0,0.0,2.0,2.0,2.0,3.0,2.0,1.0,2.0,4.0,3.0,2.0,4.0,1.0,1.0,3.0,3.0,0.0,1.0,4.0,2.0,2.0,0.0,0.0,1.0,0.0,0.0,2.0,2.0,3.0,1.0,1.0,3.0,4.0,3.0,1.0,1.0,2.0,1.0,0.0,0.0,0.0,0.0,0.0,0.0,3.0,1.0,0.0,2.0,2.0,2.0,3.0,0.0,0.0,0.0,0.0,2.0,3.0,3.0,2.0,3.0,8.0,2.0,1.0,1.0,2.0,0.0,1.0,2.0,1.0,0.0,0.0,0.0,2.0,1.0,2.0,2.0,4.0,1.0,1.0,2.0,3.0,1.0
62,217,0.0,0.0,0.0,0.0,0.0,0.0,0.0,0.0,0.0,0.0,0.0,0.0,0.0,0.0,0.0,0.0,0.0,0.0,0.0,0.0,0.0,0.0,0.0,0.0,0.0,0.0,0.0,0.0,0.0,0.0,0.0,0.0,0.0,0.0,0.0,0.0,0.0,0.0,0.0,0.0,0.0,0.0,0.0,0.0,0.0,0.0,0.0,0.0,0.0,0.0,2.0,0.0,2.0,2.0,3.0,4.0,4.0,0.0,0.0,3.0,0.0,6.0,3.0,4.0,0.0,0.0,0.0,0.0,0.0,0.0,0.0,2.0,1.0,2.0,4.0,0.0,2.0,0.0,0.0,1.0,1.0,1.0,2.0,4.0,4.0,0.0,2.0,5.0,0.0,3.0,1.0,2.0,2.0,2.0,0.0,1.0,3.0,2.0,1.0,1.0,1.0,0.0,0.0,1.0,1.0,2.0,3.0,2.0,1.0,0.0,2.0,2.0,0.0,2.0,1.0,0.0,0.0,1.0,1.0,1.0,0.0,2.0,2.0,0.0,0.0,0.0,0.0,0.0,2.0,0.0,1.0,0.0,2.0,1.0,1.0,2.0,1.0,0.0,0.0,1.0,1.0,1.0,0.0,0.0,1.0,0.0,0.0,0.0,1.0,1.0,0.0,0.0,0.0,1.0,0.0,0.0,0.0,1.0,0.0,0.0,1.0,1.0
62,218,0.0,0.0,0.0,0.0,0.0,0.0,0.0,0.0,0.0,0.0,0.0,0.0,0.0,0.0,0.0,0.0,0.0,0.0,0.0,0.0,0.0,0.0,0.0,0.0,0.0,0.0,0.0,0.0,0.0,0.0,0.0,0.0,0.0,0.0,0.0,0.0,0.0,0.0,0.0,0.0,0.0,0.0,0.0,0.0,0.0,0.0,0.0,0.0,0.0,0.0,2.0,4.0,5.0,3.0,4.0,4.0,4.0,2.0,3.0,3.0,1.0,1.0,0.0,0.0,2.0,4.0,1.0,0.0,0.0,4.0,2.0,2.0,0.0,3.0,2.0,1.0,4.0,7.0,2.0,2.0,2.0,5.0,4.0,3.0,4.0,3.0,3.0,2.0,7.0,3.0,4.0,15.0,5.0,1.0,1.0,3.0,4.0,2.0,2.0,3.0,2.0,2.0,2.0,6.0,3.0,1.0,5.0,4.0,1.0,3.0,0.0,3.0,3.0,3.0,1.0,1.0,2.0,4.0,1.0,3.0,4.0,4.0,1.0,3.0,2.0,1.0,2.0,1.0,3.0,2.0,4.0,0.0,0.0,3.0,1.0,3.0,1.0,2.0,0.0,6.0,7.0,4.0,1.0,2.0,2.0,1.0,2.0,4.0,1.0,1.0,1.0,1.0,2.0,3.0,2.0,2.0,1.0,2.0,5.0,9.0,4.0,2.0
62,224,0.0,0.0,0.0,0.0,0.0,0.0,0.0,0.0,0.0,0.0,0.0,0.0,0.0,0.0,0.0,0.0,0.0,0.0,0.0,0.0,0.0,0.0,0.0,0.0,0.0,0.0,0.0,0.0,0.0,0.0,0.0,0.0,0.0,0.0,0.0,0.0,0.0,0.0,0.0,0.0,0.0,0.0,0.0,0.0,0.0,0.0,0.0,0.0,0.0,0.0,0.0,0.0,0.0,0.0,0.0,0.0,0.0,0.0,0.0,0.0,0.0,0.0,0.0,0.0,0.0,0.0,0.0,1.0,0.0,0.0,3.0,1.0,0.0,0.0,1.0,0.0,2.0,0.0,1.0,1.0,3.0,1.0,5.0,3.0,4.0,12.0,4.0,9.0,6.0,1.0,0.0,0.0,0.0,2.0,0.0,4.0,3.0,0.0,0.0,0.0,2.0,0.0,0.0,0.0,0.0,2.0,1.0,6.0,1.0,0.0,0.0,4.0,1.0,3.0,2.0,0.0,2.0,3.0,0.0,1.0,0.0,0.0,2.0,0.0,0.0,6.0,2.0,0.0,1.0,0.0,8.0,0.0,0.0,0.0,0.0,2.0,0.0,1.0,1.0,2.0,5.0,0.0,0.0,0.0,0.0,0.0,1.0,2.0,0.0,1.0,1.0,1.0,0.0,1.0,0.0,0.0,0.0,3.0,0.0,0.0,0.0,0.0
62,225,0.0,0.0,0.0,0.0,0.0,0.0,0.0,0.0,0.0,0.0,0.0,0.0,0.0,0.0,0.0,0.0,0.0,0.0,0.0,0.0,0.0,0.0,0.0,0.0,0.0,0.0,0.0,0.0,0.0,0.0,0.0,0.0,0.0,0.0,0.0,0.0,0.0,0.0,0.0,0.0,0.0,0.0,0.0,0.0,0.0,0.0,0.0,0.0,0.0,0.0,0.0,0.0,0.0,0.0,0.0,0.0,0.0,0.0,0.0,0.0,0.0,0.0,0.0,0.0,0.0,0.0,0.0,0.0,0.0,0.0,0.0,0.0,0.0,1.0,0.0,1.0,3.0,0.0,2.0,0.0,2.0,0.0,0.0,3.0,2.0,0.0,3.0,1.0,3.0,0.0,0.0,1.0,0.0,1.0,2.0,0.0,0.0,1.0,0.0,1.0,0.0,1.0,2.0,1.0,1.0,0.0,0.0,0.0,0.0,0.0,0.0,2.0,0.0,0.0,2.0,1.0,0.0,0.0,0.0,1.0,0.0,3.0,0.0,1.0,0.0,0.0,0.0,1.0,2.0,1.0,0.0,1.0,2.0,0.0,0.0,1.0,0.0,0.0,1.0,2.0,4.0,1.0,0.0,0.0,2.0,1.0,0.0,1.0,0.0,1.0,0.0,0.0,0.0,0.0,1.0,0.0,0.0,1.0,0.0,1.0,0.0,1.0
62,226,0.0,0.0,0.0,0.0,0.0,0.0,0.0,0.0,0.0,0.0,0.0,0.0,0.0,0.0,0.0,0.0,0.0,0.0,0.0,0.0,0.0,0.0,0.0,0.0,0.0,0.0,0.0,0.0,0.0,0.0,0.0,0.0,0.0,0.0,0.0,0.0,0.0,0.0,0.0,0.0,0.0,0.0,0.0,0.0,0.0,0.0,0.0,0.0,0.0,0.0,0.0,0.0,0.0,0.0,0.0,0.0,0.0,0.0,0.0,0.0,0.0,0.0,0.0,0.0,0.0,0.0,0.0,0.0,0.0,0.0,0.0,0.0,0.0,0.0,0.0,0.0,0.0,0.0,3.0,2.0,2.0,3.0,2.0,5.0,2.0,1.0,2.0,0.0,2.0,0.0,0.0,0.0,1.0,0.0,2.0,1.0,4.0,3.0,1.0,2.0,0.0,4.0,1.0,2.0,0.0,4.0,5.0,1.0,3.0,1.0,3.0,3.0,3.0,5.0,2.0,3.0,1.0,2.0,0.0,1.0,1.0,4.0,2.0,1.0,1.0,1.0,1.0,1.0,8.0,5.0,5.0,4.0,4.0,3.0,1.0,5.0,0.0,4.0,9.0,6.0,9.0,0.0,0.0,1.0,6.0,7.0,1.0,3.0,2.0,5.0,3.0,4.0,4.0,2.0,1.0,1.0,7.0,5.0,6.0,17.0,11.0,11.0
62,233,0.0,0.0,0.0,0.0,0.0,0.0,0.0,0.0,0.0,0.0,0.0,0.0,0.0,0.0,0.0,0.0,0.0,0.0,0.0,0.0,0.0,0.0,0.0,0.0,0.0,0.0,0.0,0.0,0.0,0.0,0.0,0.0,0.0,0.0,0.0,0.0,0.0,0.0,0.0,0.0,0.0,0.0,1.0,2.0,1.0,0.0,2.0,1.0,0.0,0.0,0.0,1.0,0.0,0.0,0.0,0.0,0.0,0.0,0.0,5.0,0.0,3.0,1.0,0.0,2.0,1.0,1.0,1.0,0.0,2.0,2.0,0.0,1.0,0.0,0.0,0.0,1.0,3.0,7.0,0.0,1.0,1.0,0.0,12.0,2.0,0.0,5.0,6.0,1.0,0.0,0.0,0.0,1.0,1.0,0.0,1.0,1.0,4.0,1.0,0.0,2.0,0.0,0.0,0.0,2.0,0.0,2.0,3.0,5.0,0.0,0.0,1.0,1.0,1.0,1.0,0.0,0.0,1.0,0.0,0.0,3.0,1.0,0.0,0.0,1.0,1.0,0.0,0.0,0.0,4.0,6.0,0.0,0.0,1.0,0.0,5.0,1.0,1.0,4.0,0.0,4.0,0.0,1.0,1.0,1.0,0.0,0.0,0.0,2.0,2.0,0.0,0.0,0.0,0.0,1.0,0.0,0.0,1.0,1.0,2.0,4.0,1.0
62,238,0.0,0.0,0.0,2.0,0.0,1.0,0.0,0.0,0.0,1.0,0.0,2.0,0.0,0.0,0.0,0.0,2.0,0.0,1.0,3.0,0.0,0.0,0.0,0.0,0.0,0.0,0.0,0.0,0.0,0.0,0.0,0.0,0.0,2.0,0.0,3.0,2.0,3.0,1.0,2.0,3.0,5.0,0.0,2.0,1.0,1.0,1.0,1.0,2.0,2.0,0.0,2.0,6.0,1.0,2.0,2.0,2.0,0.0,1.0,1.0,1.0,2.0,3.0,2.0,0.0,1.0,1.0,1.0,0.0,3.0,1.0,2.0,1.0,4.0,0.0,0.0,3.0,2.0,0.0,1.0,0.0,1.0,0.0,3.0,1.0,1.0,3.0,2.0,1.0,1.0,0.0,2.0,0.0,0.0,1.0,0.0,0.0,0.0,1.0,0.0,0.0,0.0,2.0,0.0,2.0,1.0,1.0,2.0,2.0,0.0,0.0,0.0,2.0,1.0,0.0,0.0,0.0,1.0,0.0,0.0,3.0,2.0,0.0,1.0,0.0,1.0,2.0,1.0,1.0,0.0,1.0,1.0,0.0,1.0,0.0,3.0,0.0,1.0,3.0,1.0,0.0,3.0,1.0,0.0,3.0,0.0,0.0,3.0,0.0,1.0,1.0,4.0,0.0,1.0,3.0,1.0,0.0,0.0,0.0,2.0,2.0,0.0
62,239,0.0,0.0,0.0,0.0,0.0,0.0,0.0,0.0,0.0,0.0,0.0,0.0,0.0,0.0,0.0,0.0,0.0,0.0,0.0,0.0,0.0,0.0,0.0,0.0,0.0,0.0,0.0,0.0,0.0,0.0,0.0,0.0,0.0,0.0,0.0,0.0,0.0,0.0,0.0,0.0,0.0,0.0,0.0,0.0,0.0,0.0,0.0,0.0,0.0,0.0,0.0,0.0,0.0,0.0,0.0,0.0,0.0,0.0,0.0,2.0,0.0,0.0,0.0,0.0,0.0,0.0,0.0,1.0,0.0,0.0,1.0,0.0,1.0,1.0,0.0,0.0,2.0,2.0,1.0,2.0,0.0,1.0,0.0,11.0,2.0,1.0,0.0,5.0,3.0,0.0,1.0,1.0,3.0,0.0,0.0,0.0,0.0,2.0,0.0,0.0,0.0,1.0,0.0,4.0,0.0,3.0,3.0,1.0,4.0,1.0,0.0,1.0,1.0,1.0,1.0,1.0,0.0,2.0,0.0,1.0,0.0,2.0,0.0,0.0,1.0,0.0,0.0,0.0,4.0,3.0,2.0,1.0,1.0,0.0,0.0,1.0,1.0,1.0,4.0,2.0,2.0,0.0,0.0,1.0,1.0,1.0,0.0,0.0,1.0,2.0,0.0,0.0,0.0,0.0,0.0,0.0,1.0,0.0,1.0,3.0,1.0,0.0
62,246,3.0,2.0,0.0,0.0,0.0,0.0,0.0,0.0,2.0,8.0,0.0,0.0,1.0,1.0,0.0,0.0,2.0,0.0,0.0,0.0,0.0,0.0,0.0,1.0,0.0,0.0,1.0,0.0,0.0,1.0,1.0,4.0,2.0,0.0,0.0,2.0,0.0,0.0,0.0,0.0,0.0,0.0,0.0,0.0,0.0,1.0,1.0,0.0,0.0,1.0,0.0,0.0,0.0,0.0,0.0,0.0,0.0,1.0,0.0,0.0,1.0,1.0,2.0,0.0,1.0,1.0,2.0,0.0,1.0,0.0,1.0,0.0,2.0,2.0,2.0,0.0,0.0,0.0,1.0,2.0,1.0,1.0,0.0,3.0,4.0,0.0,1.0,7.0,7.0,0.0,1.0,2.0,0.0,4.0,3.0,0.0,0.0,1.0,1.0,0.0,1.0,1.0,0.0,0.0,2.0,0.0,0.0,2.0,0.0,0.0,0.0,3.0,2.0,1.0,0.0,0.0,1.0,2.0,0.0,0.0,2.0,1.0,1.0,0.0,0.0,0.0,1.0,1.0,1.0,1.0,1.0,4.0,0.0,2.0,1.0,2.0,0.0,1.0,2.0,2.0,8.0,0.0,0.0,1.0,0.0,0.0,0.0,0.0,0.0,1.0,0.0,0.0,0.0,0.0,0.0,2.0,0.0,1.0,1.0,1.0,0.0,0.0
62,248,1.0,0.0,1.0,0.0,0.0,1.0,2.0,2.0,1.0,4.0,5.0,1.0,0.0,1.0,0.0,1.0,0.0,1.0,1.0,3.0,0.0,1.0,0.0,1.0,1.0,1.0,1.0,2.0,1.0,1.0,3.0,1.0,2.0,2.0,0.0,0.0,0.0,0.0,1.0,1.0,0.0,0.0,0.0,0.0,0.0,0.0,0.0,0.0,0.0,0.0,0.0,0.0,0.0,3.0,2.0,3.0,1.0,4.0,2.0,0.0,0.0,1.0,0.0,1.0,0.0,0.0,1.0,1.0,0.0,1.0,0.0,1.0,1.0,3.0,0.0,1.0,0.0,1.0,2.0,2.0,0.0,1.0,1.0,2.0,1.0,2.0,0.0,1.0,1.0,0.0,0.0,0.0,2.0,1.0,1.0,0.0,4.0,3.0,1.0,1.0,5.0,3.0,1.0,0.0,1.0,1.0,4.0,3.0,0.0,2.0,3.0,6.0,1.0,1.0,1.0,1.0,1.0,0.0,3.0,0.0,0.0,0.0,0.0,1.0,1.0,3.0,2.0,1.0,1.0,1.0,0.0,0.0,0.0,0.0,3.0,3.0,5.0,1.0,1.0,1.0,1.0,0.0,1.0,1.0,1.0,1.0,0.0,1.0,3.0,0.0,1.0,6.0,1.0,0.0,0.0,0.0,1.0,2.0,1.0,0.0,1.0,3.0
62,254,0.0,0.0,0.0,0.0,2.0,0.0,0.0,2.0,1.0,2.0,1.0,0.0,2.0,1.0,0.0,0.0,0.0,3.0,2.0,3.0,4.0,0.0,0.0,0.0,2.0,3.0,0.0,0.0,6.0,0.0,5.0,0.0,1.0,1.0,0.0,4.0,1.0,0.0,0.0,0.0,1.0,0.0,1.0,0.0,1.0,1.0,0.0,0.0,0.0,0.0,0.0,0.0,2.0,1.0,0.0,6.0,2.0,0.0,0.0,2.0,0.0,0.0,1.0,1.0,0.0,0.0,2.0,0.0,0.0,0.0,0.0,1.0,0.0,0.0,2.0,1.0,1.0,0.0,1.0,0.0,0.0,1.0,1.0,5.0,1.0,0.0,1.0,0.0,6.0,2.0,0.0,2.0,0.0,0.0,1.0,0.0,1.0,0.0,0.0,1.0,1.0,1.0,2.0,4.0,0.0,1.0,1.0,1.0,0.0,0.0,0.0,0.0,1.0,1.0,0.0,2.0,0.0,1.0,1.0,0.0,5.0,1.0,4.0,0.0,1.0,1.0,0.0,1.0,1.0,0.0,0.0,2.0,1.0,1.0,0.0,3.0,1.0,0.0,0.0,0.0,0.0,0.0,1.0,0.0,0.0,1.0,0.0,0.0,0.0,1.0,0.0,1.0,1.0,0.0,1.0,0.0,1.0,0.0,0.0,1.0,0.0,1.0
62,262,0.0,2.0,1.0,0.0,0.0,0.0,1.0,1.0,0.0,5.0,1.0,2.0,1.0,1.0,1.0,2.0,3.0,3.0,2.0,0.0,0.0,0.0,2.0,0.0,0.0,2.0,1.0,0.0,1.0,0.0,7.0,2.0,2.0,0.0,1.0,3.0,2.0,1.0,0.0,0.0,0.0,1.0,0.0,0.0,0.0,1.0,1.0,2.0,0.0,1.0,0.0,1.0,2.0,3.0,1.0,0.0,0.0,0.0,0.0,0.0,0.0,4.0,1.0,0.0,3.0,0.0,0.0,2.0,2.0,4.0,1.0,0.0,2.0,0.0,1.0,1.0,0.0,1.0,0.0,1.0,0.0,0.0,0.0,5.0,1.0,2.0,0.0,0.0,4.0,0.0,0.0,1.0,1.0,1.0,1.0,1.0,0.0,1.0,0.0,0.0,0.0,0.0,1.0,4.0,0.0,3.0,2.0,1.0,0.0,0.0,1.0,0.0,1.0,4.0,0.0,0.0,1.0,1.0,2.0,0.0,0.0,1.0,2.0,2.0,0.0,0.0,0.0,0.0,1.0,0.0,0.0,1.0,0.0,0.0,0.0,3.0,0.0,1.0,1.0,1.0,1.0,0.0,1.0,1.0,0.0,0.0,0.0,0.0,0.0,0.0,1.0,0.0,1.0,0.0,0.0,0.0,0.0,1.0,3.0,0.0,3.0,0.0
62,268,0.0,0.0,1.0,0.0,0.0,0.0,0.0,0.0,0.0,0.0,0.0,0.0,1.0,0.0,1.0,0.0,0.0,1.0,0.0,2.0,0.0,0.0,1.0,0.0,0.0,2.0,1.0,0.0,0.0,0.0,0.0,1.0,0.0,0.0,0.0,1.0,0.0,0.0,0.0,0.0,0.0,0.0,0.0,0.0,0.0,0.0,0.0,1.0,0.0,0.0,0.0,0.0,0.0,1.0,1.0,0.0,1.0,0.0,0.0,1.0,0.0,0.0,0.0,0.0,1.0,0.0,0.0,1.0,0.0,0.0,0.0,1.0,2.0,1.0,0.0,1.0,2.0,0.0,0.0,0.0,0.0,1.0,0.0,2.0,0.0,0.0,1.0,1.0,2.0,1.0,1.0,0.0,0.0,0.0,1.0,0.0,0.0,0.0,1.0,0.0,0.0,1.0,0.0,0.0,1.0,2.0,1.0,1.0,1.0,0.0,0.0,1.0,0.0,0.0,0.0,3.0,2.0,0.0,1.0,0.0,0.0,2.0,2.0,0.0,1.0,0.0,1.0,1.0,0.0,1.0,0.0,0.0,0.0,1.0,0.0,0.0,0.0,1.0,1.0,2.0,2.0,1.0,0.0,1.0,0.0,0.0,0.0,0.0,1.0,1.0,2.0,1.0,0.0,0.0,0.0,1.0,0.0,1.0,1.0,0.0,1.0,1.0
62,271,0.0,2.0,1.0,6.0,1.0,0.0,1.0,1.0,0.0,3.0,0.0,1.0,0.0,0.0,0.0,2.0,0.0,0.0,0.0,0.0,0.0,1.0,0.0,0.0,2.0,0.0,0.0,0.0,2.0,1.0,1.0,0.0,1.0,0.0,0.0,1.0,0.0,0.0,0.0,0.0,0.0,0.0,0.0,0.0,0.0,0.0,0.0,0.0,0.0,0.0,0.0,0.0,0.0,0.0,0.0,0.0,0.0,0.0,1.0,0.0,0.0,0.0,4.0,0.0,0.0,1.0,1.0,2.0,0.0,0.0,2.0,0.0,1.0,4.0,1.0,0.0,0.0,1.0,0.0,0.0,1.0,0.0,0.0,0.0,1.0,0.0,2.0,4.0,1.0,2.0,2.0,2.0,1.0,0.0,1.0,1.0,2.0,0.0,1.0,1.0,0.0,0.0,1.0,0.0,3.0,0.0,1.0,0.0,1.0,0.0,0.0,0.0,0.0,2.0,0.0,1.0,1.0,0.0,1.0,0.0,1.0,1.0,0.0,0.0,0.0,0.0,1.0,1.0,1.0,0.0,0.0,0.0,0.0,0.0,1.0,1.0,1.0,1.0,0.0,1.0,3.0,0.0,0.0,0.0,0.0,0.0,0.0,1.0,0.0,0.0,0.0,0.0,0.0,0.0,0.0,0.0,1.0,1.0,0.0,0.0,1.0,0.0
62,276,0.0,2.0,3.0,1.0,3.0,2.0,0.0,3.0,0.0,2.0,0.0,1.0,0.0,0.0,1.0,0.0,1.0,2.0,4.0,2.0,1.0,0.0,1.0,1.0,3.0,1.0,0.0,1.0,0.0,0.0,7.0,0.0,0.0,4.0,1.0,1.0,3.0,1.0,0.0,0.0,0.0,0.0,1.0,1.0,2.0,0.0,4.0,0.0,0.0,2.0,1.0,1.0,0.0,1.0,0.0,1.0,0.0,0.0,0.0,6.0,0.0,5.0,0.0,0.0,0.0,1.0,2.0,0.0,1.0,1.0,0.0,0.0,0.0,0.0,1.0,0.0,1.0,1.0,1.0,0.0,0.0,1.0,0.0,4.0,3.0,0.0,1.0,5.0,3.0,0.0,1.0,3.0,0.0,0.0,2.0,2.0,0.0,0.0,1.0,1.0,0.0,0.0,1.0,0.0,0.0,3.0,0.0,2.0,0.0,0.0,2.0,1.0,1.0,1.0,1.0,0.0,2.0,1.0,1.0,0.0,6.0,0.0,2.0,0.0,1.0,1.0,0.0,0.0,2.0,0.0,2.0,0.0,0.0,1.0,2.0,1.0,1.0,1.0,0.0,1.0,3.0,2.0,1.0,1.0,1.0,0.0,0.0,0.0,1.0,0.0,1.0,0.0,0.0,0.0,0.0,0.0,2.0,0.0,0.0,1.0,1.0,0.0
62,278,0.0,1.0,4.0,0.0,2.0,2.0,5.0,4.0,2.0,4.0,1.0,0.0,2.0,0.0,0.0,1.0,1.0,1.0,1.0,0.0,2.0,0.0,0.0,2.0,4.0,2.0,3.0,0.0,1.0,0.0,4.0,0.0,1.0,2.0,4.0,5.0,0.0,3.0,1.0,0.0,0.0,3.0,1.0,1.0,5.0,0.0,2.0,0.0,0.0,0.0,2.0,1.0,0.0,1.0,1.0,0.0,1.0,0.0,0.0,2.0,3.0,3.0,2.0,0.0,1.0,0.0,0.0,0.0,1.0,4.0,0.0,1.0,3.0,5.0,0.0,2.0,3.0,1.0,1.0,1.0,3.0,2.0,0.0,8.0,0.0,2.0,0.0,5.0,7.0,2.0,4.0,5.0,0.0,0.0,0.0,2.0,0.0,0.0,0.0,1.0,3.0,3.0,1.0,1.0,0.0,0.0,0.0,5.0,0.0,2.0,0.0,0.0,0.0,6.0,1.0,1.0,1.0,0.0,5.0,1.0,0.0,2.0,0.0,4.0,3.0,2.0,0.0,2.0,0.0,0.0,2.0,3.0,0.0,1.0,2.0,1.0,4.0,2.0,1.0,0.0,6.0,1.0,4.0,1.0,1.0,3.0,2.0,0.0,0.0,0.0,0.0,0.0,0.0,0.0,0.0,0.0,0.0,1.0,0.0,3.0,1.0,0.0
62,279,0.0,1.0,4.0,4.0,1.0,0.0,0.0,0.0,1.0,2.0,1.0,0.0,0.0,0.0,4.0,1.0,0.0,1.0,0.0,1.0,1.0,1.0,1.0,2.0,2.0,1.0,2.0,1.0,1.0,1.0,2.0,1.0,2.0,2.0,5.0,5.0,3.0,1.0,0.0,0.0,0.0,0.0,2.0,0.0,1.0,1.0,2.0,2.0,0.0,0.0,2.0,1.0,0.0,0.0,0.0,0.0,1.0,1.0,1.0,4.0,1.0,3.0,2.0,0.0,0.0,0.0,0.0,2.0,1.0,1.0,1.0,2.0,2.0,3.0,0.0,2.0,4.0,1.0,0.0,1.0,3.0,1.0,3.0,1.0,2.0,3.0,0.0,4.0,8.0,0.0,4.0,0.0,3.0,0.0,2.0,2.0,1.0,3.0,2.0,0.0,0.0,1.0,2.0,0.0,4.0,1.0,0.0,2.0,2.0,2.0,2.0,0.0,3.0,2.0,4.0,2.0,1.0,3.0,1.0,1.0,0.0,4.0,4.0,3.0,0.0,0.0,0.0,1.0,1.0,1.0,1.0,3.0,0.0,0.0,3.0,2.0,1.0,1.0,3.0,3.0,3.0,1.0,1.0,0.0,2.0,2.0,1.0,0.0,0.0,1.0,0.0,0.0,0.0,0.0,0.0,0.0,1.0,1.0,1.0,1.0,0.0,4.0
62,281,0.0,1.0,4.0,0.0,0.0,1.0,3.0,5.0,2.0,1.0,1.0,0.0,1.0,1.0,0.0,1.0,1.0,0.0,1.0,0.0,1.0,0.0,1.0,1.0,0.0,1.0,1.0,0.0,0.0,0.0,1.0,0.0,1.0,0.0,2.0,3.0,1.0,5.0,0.0,0.0,1.0,3.0,4.0,2.0,2.0,0.0,3.0,0.0,1.0,0.0,1.0,1.0,1.0,1.0,0.0,3.0,0.0,2.0,0.0,0.0,3.0,2.0,0.0,0.0,0.0,0.0,0.0,0.0,0.0,1.0,2.0,1.0,2.0,2.0,1.0,3.0,3.0,4.0,0.0,1.0,2.0,1.0,3.0,4.0,0.0,3.0,2.0,3.0,1.0,0.0,0.0,0.0,0.0,0.0,0.0,3.0,2.0,0.0,2.0,0.0,4.0,1.0,0.0,0.0,0.0,0.0,0.0,2.0,1.0,1.0,1.0,0.0,1.0,2.0,3.0,0.0,3.0,3.0,0.0,1.0,1.0,3.0,0.0,0.0,2.0,0.0,0.0,0.0,0.0,1.0,0.0,1.0,0.0,5.0,1.0,4.0,0.0,2.0,0.0,2.0,1.0,0.0,0.0,1.0,1.0,1.0,2.0,0.0,0.0,0.0,0.0,1.0,0.0,0.0,0.0,0.0,5.0,0.0,0.0,4.0,1.0,0.0
62,282,0.0,0.0,2.0,3.0,0.0,2.0,0.0,0.0,0.0,0.0,1.0,1.0,1.0,0.0,2.0,1.0,0.0,2.0,0.0,0.0,0.0,4.0,0.0,0.0,0.0,0.0,2.0,0.0,3.0,0.0,2.0,1.0,2.0,1.0,2.0,1.0,1.0,0.0,0.0,1.0,3.0,5.0,1.0,0.0,1.0,0.0,2.0,1.0,1.0,1.0,0.0,1.0,0.0,0.0,1.0,0.0,0.0,0.0,1.0,2.0,0.0,2.0,1.0,0.0,0.0,0.0,0.0,1.0,1.0,0.0,2.0,1.0,0.0,3.0,0.0,0.0,0.0,1.0,2.0,2.0,2.0,1.0,1.0,0.0,1.0,1.0,0.0,8.0,6.0,0.0,0.0,1.0,0.0,1.0,0.0,2.0,1.0,2.0,0.0,1.0,3.0,2.0,1.0,0.0,3.0,1.0,0.0,3.0,2.0,0.0,2.0,0.0,1.0,3.0,5.0,1.0,2.0,3.0,0.0,0.0,3.0,1.0,3.0,2.0,2.0,1.0,2.0,0.0,1.0,0.0,0.0,2.0,0.0,0.0,2.0,0.0,0.0,1.0,4.0,5.0,2.0,3.0,0.0,1.0,2.0,0.0,2.0,0.0,0.0,0.0,0.0,1.0,0.0,0.0,3.0,0.0,1.0,0.0,0.0,0.0,0.0,4.0
62,283,4.0,1.0,2.0,1.0,1.0,1.0,1.0,1.0,0.0,3.0,0.0,0.0,0.0,1.0,1.0,1.0,0.0,3.0,0.0,2.0,0.0,1.0,2.0,0.0,0.0,1.0,1.0,0.0,1.0,0.0,1.0,1.0,0.0,0.0,0.0,0.0,2.0,2.0,1.0,1.0,0.0,0.0,0.0,0.0,0.0,0.0,2.0,0.0,1.0,2.0,0.0,1.0,0.0,3.0,0.0,0.0,2.0,0.0,1.0,1.0,0.0,1.0,0.0,0.0,1.0,1.0,0.0,0.0,2.0,0.0,1.0,3.0,1.0,0.0,1.0,0.0,0.0,0.0,1.0,0.0,0.0,2.0,0.0,0.0,0.0,0.0,0.0,4.0,2.0,0.0,2.0,0.0,1.0,0.0,0.0,0.0,1.0,0.0,0.0,0.0,0.0,0.0,3.0,4.0,1.0,0.0,1.0,0.0,2.0,1.0,1.0,2.0,0.0,2.0,1.0,0.0,0.0,0.0,0.0,2.0,4.0,1.0,2.0,1.0,1.0,0.0,0.0,0.0,3.0,0.0,0.0,0.0,0.0,0.0,0.0,0.0,1.0,0.0,1.0,1.0,1.0,2.0,0.0,0.0,0.0,0.0,0.0,1.0,0.0,0.0,0.0,1.0,0.0,2.0,2.0,1.0,0.0,0.0,1.0,1.0,0.0,2.0
62,284,0.0,1.0,13.0,4.0,8.0,12.0,8.0,4.0,8.0,8.0,5.0,5.0,7.0,3.0,1.0,0.0,2.0,0.0,1.0,1.0,3.0,3.0,3.0,0.0,2.0,1.0,1.0,1.0,0.0,0.0,3.0,3.0,6.0,7.0,4.0,3.0,2.0,3.0,2.0,0.0,0.0,0.0,2.0,1.0,0.0,2.0,1.0,3.0,4.0,0.0,1.0,1.0,0.0,0.0,0.0,0.0,0.0,0.0,0.0,0.0,0.0,0.0,0.0,0.0,1.0,1.0,1.0,1.0,0.0,0.0,0.0,0.0,0.0,2.0,0.0,2.0,2.0,2.0,2.0,1.0,0.0,1.0,0.0,2.0,1.0,2.0,2.0,7.0,2.0,0.0,2.0,2.0,2.0,0.0,2.0,1.0,1.0,0.0,1.0,0.0,0.0,0.0,1.0,0.0,0.0,0.0,0.0,0.0,1.0,0.0,1.0,3.0,2.0,1.0,4.0,1.0,2.0,2.0,1.0,2.0,0.0,0.0,0.0,3.0,0.0,0.0,3.0,2.0,0.0,0.0,0.0,1.0,0.0,1.0,1.0,1.0,5.0,1.0,0.0,4.0,2.0,3.0,0.0,1.0,2.0,0.0,0.0,1.0,0.0,0.0,1.0,0.0,0.0,2.0,0.0,0.0,0.0,0.0,0.0,0.0,0.0,1.0
62,287,2.0,1.0,0.0,0.0,2.0,0.0,2.0,0.0,1.0,2.0,4.0,1.0,0.0,0.0,0.0,3.0,1.0,1.0,0.0,2.0,3.0,0.0,2.0,2.0,5.0,0.0,1.0,1.0,2.0,1.0,0.0,0.0,0.0,1.0,4.0,1.0,1.0,0.0,0.0,0.0,0.0,0.0,0.0,0.0,0.0,0.0,0.0,0.0,0.0,1.0,0.0,1.0,0.0,1.0,0.0,1.0,0.0,0.0,0.0,2.0,0.0,1.0,0.0,2.0,0.0,0.0,1.0,1.0,1.0,2.0,1.0,1.0,0.0,4.0,1.0,1.0,0.0,1.0,2.0,1.0,0.0,2.0,1.0,6.0,2.0,1.0,0.0,4.0,8.0,4.0,0.0,1.0,0.0,1.0,0.0,1.0,1.0,1.0,0.0,2.0,1.0,0.0,1.0,0.0,0.0,3.0,0.0,1.0,1.0,1.0,1.0,1.0,1.0,3.0,0.0,1.0,2.0,1.0,0.0,0.0,0.0,0.0,1.0,1.0,0.0,1.0,1.0,2.0,0.0,0.0,2.0,0.0,0.0,0.0,1.0,3.0,2.0,0.0,2.0,2.0,3.0,1.0,2.0,0.0,1.0,0.0,1.0,1.0,2.0,0.0,0.0,0.0,2.0,0.0,0.0,3.0,0.0,0.0,1.0,0.0,0.0,1.0
62,288,0.0,1.0,0.0,1.0,1.0,1.0,1.0,0.0,0.0,1.0,1.0,2.0,0.0,0.0,0.0,0.0,2.0,3.0,1.0,0.0,2.0,0.0,2.0,2.0,2.0,0.0,0.0,1.0,0.0,1.0,2.0,1.0,2.0,0.0,2.0,2.0,1.0,0.0,0.0,0.0,0.0,0.0,0.0,0.0,0.0,0.0,0.0,0.0,0.0,0.0,0.0,0.0,1.0,0.0,0.0,2.0,1.0,0.0,2.0,1.0,1.0,2.0,0.0,1.0,2.0,1.0,0.0,1.0,3.0,2.0,2.0,0.0,1.0,2.0,0.0,0.0,0.0,1.0,3.0,0.0,0.0,1.0,3.0,1.0,5.0,0.0,2.0,2.0,6.0,1.0,1.0,1.0,0.0,1.0,0.0,1.0,2.0,0.0,0.0,0.0,0.0,0.0,0.0,0.0,0.0,2.0,2.0,0.0,2.0,0.0,0.0,2.0,0.0,0.0,0.0,0.0,0.0,0.0,0.0,0.0,2.0,1.0,0.0,0.0,1.0,1.0,1.0,1.0,0.0,0.0,0.0,1.0,2.0,1.0,1.0,0.0,2.0,1.0,1.0,3.0,4.0,2.0,0.0,3.0,1.0,0.0,0.0,0.0,2.0,0.0,1.0,0.0,1.0,0.0,0.0,0.0,1.0,0.0,1.0,2.0,0.0,0.0
62,289,0.0,0.0,1.0,0.0,1.0,0.0,0.0,3.0,0.0,3.0,0.0,0.0,0.0,0.0,0.0,0.0,0.0,0.0,0.0,0.0,2.0,1.0,0.0,1.0,2.0,0.0,0.0,0.0,0.0,0.0,3.0,0.0,1.0,1.0,0.0,0.0,0.0,0.0,0.0,0.0,0.0,0.0,0.0,0.0,1.0,1.0,5.0,2.0,0.0,2.0,1.0,2.0,0.0,0.0,1.0,0.0,0.0,0.0,1.0,2.0,2.0,0.0,0.0,0.0,0.0,0.0,0.0,0.0,0.0,0.0,0.0,1.0,1.0,0.0,2.0,1.0,0.0,0.0,2.0,0.0,0.0,2.0,2.0,2.0,2.0,3.0,0.0,1.0,3.0,1.0,0.0,2.0,2.0,0.0,1.0,0.0,2.0,0.0,0.0,0.0,0.0,2.0,0.0,0.0,1.0,0.0,1.0,2.0,2.0,0.0,2.0,1.0,1.0,3.0,5.0,0.0,0.0,0.0,5.0,1.0,2.0,0.0,0.0,0.0,0.0,1.0,1.0,1.0,0.0,1.0,0.0,2.0,0.0,0.0,1.0,0.0,2.0,2.0,2.0,3.0,0.0,0.0,1.0,0.0,1.0,0.0,0.0,4.0,0.0,1.0,0.0,1.0,0.0,0.0,0.0,1.0,0.0,0.0,0.0,0.0,0.0,0.0
62,291,1.0,2.0,0.0,1.0,1.0,1.0,0.0,1.0,0.0,4.0,1.0,1.0,1.0,0.0,0.0,0.0,0.0,1.0,0.0,0.0,0.0,1.0,2.0,1.0,3.0,0.0,1.0,0.0,0.0,0.0,0.0,0.0,0.0,0.0,1.0,8.0,0.0,0.0,0.0,0.0,0.0,0.0,0.0,0.0,0.0,0.0,0.0,0.0,0.0,0.0,0.0,0.0,0.0,0.0,0.0,0.0,0.0,0.0,0.0,0.0,0.0,0.0,2.0,1.0,0.0,2.0,0.0,2.0,2.0,0.0,0.0,1.0,0.0,4.0,1.0,1.0,0.0,1.0,1.0,0.0,1.0,1.0,0.0,0.0,7.0,4.0,2.0,3.0,8.0,3.0,1.0,0.0,0.0,0.0,0.0,1.0,0.0,1.0,2.0,0.0,0.0,0.0,0.0,1.0,1.0,3.0,1.0,0.0,0.0,0.0,0.0,0.0,1.0,0.0,1.0,1.0,0.0,2.0,0.0,0.0,4.0,0.0,0.0,1.0,0.0,0.0,0.0,1.0,1.0,1.0,1.0,0.0,0.0,1.0,1.0,2.0,1.0,0.0,2.0,2.0,3.0,4.0,2.0,0.0,0.0,0.0,0.0,0.0,1.0,1.0,0.0,0.0,0.0,0.0,0.0,1.0,0.0,0.0,0.0,0.0,0.0,2.0
62,294,0.0,0.0,1.0,0.0,0.0,0.0,0.0,2.0,1.0,0.0,0.0,2.0,0.0,0.0,0.0,0.0,0.0,0.0,1.0,3.0,0.0,1.0,0.0,0.0,0.0,0.0,2.0,1.0,0.0,2.0,2.0,0.0,0.0,0.0,0.0,0.0,2.0,0.0,0.0,0.0,0.0,0.0,0.0,0.0,0.0,0.0,0.0,0.0,0.0,0.0,0.0,0.0,2.0,0.0,1.0,0.0,0.0,0.0,0.0,1.0,1.0,0.0,1.0,0.0,0.0,2.0,0.0,0.0,0.0,0.0,1.0,0.0,0.0,2.0,2.0,2.0,0.0,0.0,1.0,0.0,0.0,5.0,3.0,3.0,0.0,1.0,0.0,1.0,2.0,2.0,0.0,1.0,1.0,1.0,0.0,0.0,2.0,0.0,0.0,0.0,0.0,0.0,0.0,2.0,0.0,0.0,0.0,0.0,0.0,0.0,1.0,2.0,1.0,1.0,0.0,2.0,0.0,0.0,0.0,0.0,0.0,0.0,1.0,1.0,1.0,0.0,0.0,1.0,1.0,1.0,2.0,0.0,1.0,2.0,1.0,3.0,0.0,0.0,1.0,1.0,6.0,2.0,0.0,0.0,2.0,0.0,0.0,0.0,0.0,0.0,3.0,2.0,0.0,0.0,0.0,2.0,2.0,2.0,0.0,0.0,1.0,2.0
62,296,0.0,0.0,0.0,0.0,0.0,0.0,0.0,0.0,0.0,0.0,0.0,0.0,0.0,5.0,9.0,9.0,4.0,4.0,4.0,0.0,3.0,3.0,1.0,3.0,3.0,1.0,0.0,0.0,1.0,0.0,1.0,1.0,4.0,4.0,3.0,1.0,0.0,0.0,1.0,3.0,4.0,4.0,7.0,3.0,1.0,2.0,2.0,5.0,7.0,2.0,9.0,2.0,2.0,4.0,1.0,0.0,1.0,0.0,0.0,1.0,4.0,3.0,3.0,3.0,11.0,2.0,1.0,1.0,0.0,1.0,2.0,0.0,1.0,3.0,1.0,2.0,2.0,2.0,1.0,1.0,3.0,1.0,1.0,1.0,2.0,3.0,1.0,3.0,4.0,2.0,0.0,0.0,2.0,2.0,1.0,3.0,2.0,3.0,1.0,1.0,0.0,2.0,3.0,1.0,2.0,0.0,2.0,1.0,0.0,2.0,1.0,4.0,2.0,2.0,0.0,2.0,0.0,0.0,2.0,0.0,0.0,1.0,0.0,0.0,0.0,0.0,0.0,0.0,0.0,0.0,0.0,0.0,1.0,0.0,1.0,0.0,0.0,0.0,0.0,1.0,1.0,0.0,0.0,0.0,0.0,0.0,0.0,1.0,3.0,0.0,0.0,0.0,1.0,0.0,1.0,0.0,0.0,3.0,0.0,0.0,0.0,0.0
63,2,0.0,0.0,1.0,6.0,3.0,0.0,0.0,1.0,1.0,1.0,1.0,1.0,0.0,0.0,1.0,1.0,0.0,0.0,0.0,2.0,0.0,0.0,2.0,0.0,0.0,0.0,0.0,0.0,1.0,2.0,2.0,1.0,0.0,0.0,1.0,3.0,6.0,1.0,2.0,0.0,1.0,0.0,2.0,3.0,3.0,2.0,0.0,0.0,0.0,0.0,0.0,0.0,1.0,1.0,1.0,2.0,11.0,3.0,1.0,0.0,1.0,2.0,0.0,1.0,1.0,2.0,1.0,2.0,0.0,0.0,1.0,2.0,3.0,0.0,1.0,0.0,0.0,1.0,1.0,0.0,2.0,1.0,0.0,1.0,1.0,1.0,4.0,6.0,10.0,5.0,0.0,0.0,1.0,0.0,2.0,2.0,5.0,0.0,0.0,0.0,0.0,1.0,0.0,0.0,1.0,0.0,1.0,1.0,4.0,0.0,1.0,0.0,0.0,0.0,1.0,1.0,0.0,1.0,1.0,0.0,2.0,0.0,1.0,0.0,1.0,0.0,0.0,0.0,0.0,1.0,1.0,2.0,0.0,0.0,0.0,4.0,2.0,0.0,3.0,2.0,7.0,1.0,0.0,2.0,2.0,2.0,1.0,2.0,0.0,1.0,0.0,1.0,0.0,0.0,2.0,0.0,1.0,2.0,0.0,1.0,8.0,0.0
63,19,0.0,0.0,0.0,0.0,1.0,0.0,0.0,1.0,1.0,0.0,1.0,0.0,0.0,0.0,2.0,1.0,0.0,0.0,1.0,2.0,1.0,0.0,0.0,0.0,0.0,0.0,0.0,2.0,2.0,1.0,0.0,0.0,1.0,1.0,1.0,3.0,0.0,0.0,1.0,2.0,2.0,1.0,1.0,0.0,0.0,0.0,0.0,0.0,0.0,1.0,0.0,1.0,1.0,1.0,0.0,1.0,2.0,0.0,2.0,0.0,1.0,0.0,0.0,0.0,0.0,1.0,1.0,0.0,0.0,2.0,2.0,0.0,1.0,0.0,0.0,0.0,0.0,0.0,0.0,0.0,0.0,0.0,2.0,0.0,0.0,0.0,0.0,2.0,0.0,2.0,0.0,0.0,0.0,2.0,0.0,1.0,0.0,0.0,1.0,1.0,1.0,0.0,0.0,0.0,0.0,0.0,2.0,1.0,0.0,0.0,1.0,1.0,0.0,1.0,2.0,1.0,1.0,2.0,0.0,1.0,1.0,1.0,0.0,3.0,1.0,5.0,0.0,1.0,1.0,2.0,0.0,0.0,0.0,0.0,1.0,2.0,0.0,4.0,1.0,1.0,1.0,0.0,1.0,0.0,1.0,0.0,0.0,1.0,0.0,0.0,1.0,0.0,0.0,2.0,0.0,0.0,0.0,1.0,0.0,0.0,1.0,0.0
63,23,35.0,34.0,49.0,29.0,34.0,35.0,13.0,48.0,22.0,44.0,25.0,28.0,28.0,37.0,32.0,12.0,9.0,34.0,21.0,16.0,12.0,10.0,10.0,16.0,22.0,18.0,17.0,32.0,41.0,35.0,50.0,39.0,35.0,58.0,30.0,35.0,76.0,23.0,363.0,54.0,80.0,25.0,35.0,47.0,41.0,46.0,35.0,49.0,45.0,17.0,18.0,26.0,14.0,16.0,122.0,38.0,62.0,77.0,41.0,38.0,37.0,28.0,74.0,28.0,27.0,16.0,13.0,14.0,9.0,9.0,7.0,1.0,66.0,47.0,82.0,40.0,38.0,47.0,43.0,32.0,24.0,46.0,40.0,43.0,38.0,46.0,45.0,46.0,31.0,40.0,128.0,8.0,8.0,3.0,6.0,2.0,1.0,2.0,0.0,42.0,76.0,68.0,55.0,40.0,29.0,29.0,48.0,68.0,45.0,47.0,65.0,33.0,26.0,87.0,34.0,28.0,3.0,5.0,4.0,42.0,57.0,57.0,67.0,35.0,39.0,29.0,29.0,45.0,166.0,113.0,67.0,19.0,66.0,98.0,50.0,92.0,200.0,61.0,122.0,110.0,116.0,125.0,155.0,35.0,94.0,7.0,99.0,68.0,147.0,29.0,38.0,18.0,31.0,30.0,73.0,55.0,42.0,60.0,35.0,87.0,23.0,31.0
63,27,0.0,0.0,0.0,0.0,0.0,1.0,0.0,0.0,0.0,5.0,0.0,1.0,0.0,0.0,0.0,1.0,0.0,0.0,4.0,0.0,0.0,0.0,7.0,0.0,0.0,0.0,3.0,1.0,0.0,0.0,0.0,2.0,2.0,1.0,0.0,0.0,4.0,0.0,1.0,0.0,0.0,1.0,0.0,0.0,0.0,1.0,0.0,0.0,0.0,2.0,3.0,0.0,0.0,2.0,0.0,0.0,1.0,0.0,1.0,0.0,0.0,0.0,0.0,0.0,0.0,0.0,0.0,4.0,0.0,0.0,2.0,0.0,0.0,1.0,0.0,0.0,0.0,1.0,0.0,0.0,0.0,0.0,0.0,0.0,1.0,0.0,0.0,4.0,1.0,1.0,0.0,0.0,2.0,0.0,3.0,1.0,0.0,1.0,0.0,1.0,6.0,1.0,3.0,0.0,1.0,0.0,1.0,1.0,2.0,2.0,0.0,0.0,1.0,4.0,4.0,2.0,0.0,1.0,1.0,0.0,1.0,7.0,2.0,0.0,0.0,0.0,3.0,0.0,0.0,1.0,3.0,2.0,1.0,1.0,2.0,1.0,0.0,0.0,0.0,1.0,0.0,1.0,0.0,0.0,0.0,1.0,0.0,0.0,0.0,1.0,0.0,0.0,0.0,0.0,0.0,1.0,4.0,1.0,0.0,0.0,0.0,0.0
63,30,0.0,0.0,0.0,1.0,1.0,0.0,2.0,2.0,0.0,0.0,0.0,0.0,0.0,1.0,0.0,0.0,0.0,2.0,0.0,0.0,3.0,0.0,2.0,0.0,3.0,0.0,4.0,0.0,0.0,0.0,1.0,1.0,0.0,0.0,2.0,4.0,0.0,1.0,0.0,0.0,0.0,0.0,0.0,0.0,4.0,2.0,1.0,4.0,4.0,3.0,1.0,3.0,3.0,1.0,2.0,0.0,2.0,0.0,4.0,2.0,4.0,0.0,3.0,0.0,4.0,5.0,1.0,5.0,2.0,4.0,0.0,0.0,0.0,4.0,0.0,3.0,4.0,4.0,4.0,0.0,0.0,0.0,1.0,3.0,4.0,0.0,8.0,3.0,5.0,0.0,5.0,7.0,1.0,1.0,4.0,5.0,3.0,3.0,2.0,0.0,1.0,1.0,0.0,0.0,0.0,0.0,0.0,2.0,1.0,3.0,0.0,0.0,2.0,2.0,5.0,4.0,0.0,3.0,0.0,1.0,0.0,4.0,7.0,1.0,7.0,6.0,2.0,0.0,0.0,2.0,0.0,0.0,0.0,0.0,0.0,0.0,2.0,2.0,0.0,1.0,2.0,0.0,0.0,2.0,2.0,2.0,0.0,3.0,0.0,1.0,0.0,3.0,0.0,0.0,1.0,0.0,2.0,0.0,0.0,1.0,0.0,0.0
63,47,6.0,3.0,8.0,12.0,9.0,8.0,10.0,5.0,5.0,2.0,2.0,5.0,6.0,12.0,5.0,10.0,6.0,18.0,11.0,14.0,5.0,0.0,9.0,8.0,4.0,6.0,10.0,7.0,11.0,3.0,32.0,17.0,2.0,3.0,9.0,13.0,9.0,0.0,2.0,11.0,10.0,2.0,24.0,18.0,8.0,9.0,4.0,13.0,5.0,5.0,2.0,10.0,5.0,6.0,12.0,22.0,9.0,7.0,7.0,8.0,5.0,5.0,2.0,2.0,11.0,0.0,4.0,14.0,10.0,11.0,19.0,8.0,8.0,6.0,7.0,0.0,11.0,7.0,12.0,9.0,4.0,8.0,9.0,20.0,19.0,5.0,0.0,14.0,13.0,0.0,0.0,12.0,6.0,5.0,9.0,8.0,8.0,4.0,3.0,4.0,7.0,9.0,10.0,5.0,8.0,5.0,20.0,19.0,17.0,8.0,7.0,9.0,3.0,8.0,2.0,2.0,12.0,5.0,8.0,2.0,11.0,6.0,18.0,14.0,5.0,7.0,5.0,7.0,15.0,10.0,11.0,10.0,8.0,13.0,5.0,33.0,19.0,4.0,11.0,11.0,0.0,4.0,1.0,10.0,4.0,7.0,4.0,10.0,8.0,7.0,10.0,14.0,8.0,6.0,6.0,7.0,5.0,15.0,16.0,22.0,17.0,10.0
63,48,6.0,3.0,8.0,9.0,7.0,7.0,10.0,5.0,3.0,0.0,2.0,5.0,6.0,11.0,5.0,9.0,6.0,16.0,9.0,10.0,6.0,0.0,6.0,8.0,2.0,4.0,5.0,5.0,9.0,3.0,29.0,15.0,0.0,3.0,9.0,12.0,6.0,0.0,0.0,9.0,10.0,0.0,18.0,16.0,6.0,8.0,4.0,11.0,5.0,5.0,0.0,11.0,4.0,4.0,12.0,20.0,9.0,6.0,7.0,8.0,2.0,5.0,2.0,2.0,11.0,0.0,4.0,12.0,8.0,13.0,16.0,8.0,8.0,3.0,7.0,0.0,11.0,6.0,12.0,9.0,4.0,8.0,9.0,19.0,18.0,5.0,0.0,12.0,17.0,0.0,0.0,13.0,5.0,5.0,8.0,7.0,7.0,4.0,2.0,4.0,7.0,8.0,8.0,5.0,7.0,5.0,18.0,18.0,16.0,8.0,7.0,8.0,3.0,8.0,2.0,2.0,15.0,4.0,10.0,2.0,10.0,6.0,16.0,14.0,5.0,4.0,5.0,5.0,15.0,8.0,11.0,10.0,8.0,13.0,4.0,30.0,16.0,4.0,11.0,10.0,0.0,3.0,1.0,10.0,6.0,7.0,4.0,9.0,7.0,5.0,10.0,14.0,8.0,6.0,6.0,5.0,5.0,13.0,16.0,21.0,16.0,10.0
63,49,1.0,0.0,0.0,3.0,0.0,0.0,1.0,1.0,0.0,2.0,0.0,2.0,0.0,1.0,0.0,0.0,1.0,2.0,1.0,0.0,0.0,0.0,0.0,0.0,0.0,0.0,0.0,0.0,0.0,0.0,1.0,1.0,0.0,1.0,0.0,0.0,1.0,0.0,1.0,0.0,0.0,0.0,1.0,1.0,1.0,1.0,0.0,0.0,2.0,0.0,0.0,0.0,1.0,0.0,2.0,1.0,1.0,1.0,0.0,1.0,0.0,0.0,0.0,2.0,0.0,1.0,2.0,1.0,0.0,0.0,1.0,0.0,1.0,1.0,0.0,0.0,1.0,0.0,1.0,0.0,0.0,0.0,0.0,3.0,2.0,0.0,1.0,3.0,3.0,0.0,1.0,0.0,0.0,0.0,2.0,0.0,0.0,2.0,1.0,2.0,2.0,1.0,1.0,1.0,0.0,0.0,2.0,2.0,3.0,0.0,1.0,4.0,3.0,2.0,3.0,2.0,2.0,0.0,3.0,1.0,0.0,4.0,0.0,0.0,0.0,0.0,0.0,0.0,0.0,1.0,3.0,0.0,0.0,1.0,0.0,4.0,0.0,1.0,2.0,1.0,1.0,2.0,1.0,2.0,4.0,1.0,2.0,4.0,2.0,0.0,0.0,2.0,0.0,0.0,1.0,3.0,1.0,3.0,1.0,2.0,5.0,0.0
63,53,1.0,1.0,0.0,0.0,0.0,2.0,0.0,1.0,0.0,2.0,0.0,0.0,0.0,0.0,0.0,1.0,0.0,1.0,0.0,1.0,0.0,0.0,0.0,0.0,1.0,0.0,0.0,3.0,1.0,0.0,0.0,0.0,0.0,1.0,1.0,0.0,1.0,1.0,1.0,0.0,0.0,0.0,1.0,2.0,4.0,0.0,0.0,1.0,1.0,0.0,0.0,0.0,0.0,0.0,1.0,0.0,1.0,0.0,0.0,0.0,0.0,2.0,1.0,0.0,1.0,0.0,0.0,0.0,1.0,0.0,0.0,1.0,2.0,0.0,1.0,0.0,1.0,2.0,0.0,1.0,0.0,2.0,0.0,2.0,2.0,3.0,3.0,0.0,4.0,3.0,1.0,0.0,0.0,0.0,4.0,1.0,0.0,0.0,0.0,0.0,1.0,2.0,0.0,0.0,0.0,0.0,0.0,1.0,2.0,2.0,0.0,0.0,2.0,2.0,1.0,2.0,0.0,0.0,0.0,0.0,0.0,0.0,1.0,2.0,0.0,0.0,1.0,1.0,0.0,1.0,0.0,2.0,0.0,0.0,0.0,1.0,1.0,0.0,2.0,1.0,4.0,1.0,2.0,0.0,0.0,0.0,0.0,1.0,2.0,0.0,0.0,1.0,0.0,1.0,1.0,0.0,0.0,0.0,0.0,0.0,1.0,1.0
63,54,4.0,3.0,6.0,9.0,5.0,5.0,4.0,3.0,3.0,2.0,2.0,4.0,2.0,2.0,3.0,8.0,3.0,14.0,5.0,8.0,7.0,0.0,7.0,5.0,4.0,6.0,8.0,4.0,10.0,1.0,14.0,10.0,3.0,3.0,7.0,12.0,6.0,1.0,1.0,8.0,5.0,3.0,14.0,12.0,5.0,6.0,2.0,9.0,6.0,2.0,0.0,4.0,5.0,4.0,6.0,13.0,3.0,6.0,2.0,2.0,4.0,2.0,1.0,2.0,7.0,2.0,4.0,9.0,6.0,7.0,9.0,5.0,5.0,6.0,6.0,0.0,8.0,6.0,9.0,8.0,3.0,4.0,5.0,15.0,15.0,3.0,2.0,10.0,11.0,1.0,1.0,4.0,4.0,5.0,7.0,5.0,5.0,3.0,0.0,3.0,4.0,6.0,3.0,2.0,4.0,4.0,16.0,12.0,8.0,4.0,3.0,6.0,1.0,5.0,1.0,1.0,9.0,4.0,6.0,1.0,9.0,2.0,7.0,10.0,4.0,6.0,3.0,2.0,10.0,6.0,8.0,8.0,5.0,10.0,4.0,19.0,11.0,2.0,5.0,7.0,0.0,2.0,1.0,9.0,4.0,3.0,0.0,6.0,3.0,6.0,6.0,6.0,4.0,0.0,2.0,2.0,3.0,11.0,11.0,9.0,13.0,5.0
63,56,1.0,0.0,1.0,0.0,0.0,0.0,0.0,0.0,0.0,0.0,0.0,1.0,1.0,0.0,0.0,1.0,0.0,0.0,0.0,0.0,0.0,0.0,0.0,0.0,0.0,0.0,0.0,0.0,0.0,1.0,0.0,0.0,0.0,1.0,1.0,3.0,0.0,0.0,0.0,0.0,0.0,0.0,0.0,0.0,1.0,1.0,0.0,0.0,0.0,1.0,1.0,0.0,1.0,1.0,1.0,1.0,0.0,2.0,2.0,1.0,1.0,0.0,0.0,2.0,0.0,2.0,0.0,0.0,0.0,1.0,1.0,3.0,1.0,2.0,0.0,1.0,1.0,1.0,0.0,1.0,1.0,1.0,1.0,3.0,1.0,0.0,2.0,2.0,3.0,4.0,1.0,0.0,0.0,0.0,0.0,6.0,8.0,0.0,0.0,4.0,4.0,1.0,0.0,1.0,2.0,3.0,1.0,2.0,2.0,0.0,1.0,1.0,2.0,10.0,2.0,2.0,2.0,1.0,2.0,4.0,1.0,0.0,0.0,0.0,0.0,2.0,0.0,1.0,3.0,0.0,2.0,1.0,0.0,0.0,0.0,5.0,3.0,4.0,4.0,1.0,11.0,3.0,0.0,0.0,0.0,0.0,0.0,4.0,4.0,3.0,2.0,0.0,1.0,0.0,0.0,1.0,2.0,0.0,0.0,0.0,0.0,0.0
63,63,0.0,1.0,0.0,0.0,1.0,0.0,0.0,0.0,0.0,1.0,0.0,0.0,1.0,1.0,2.0,1.0,1.0,1.0,0.0,0.0,0.0,1.0,0.0,1.0,1.0,2.0,0.0,0.0,0.0,0.0,2.0,0.0,0.0,0.0,0.0,1.0,1.0,8.0,2.0,4.0,1.0,2.0,0.0,1.0,0.0,0.0,0.0,0.0,1.0,2.0,0.0,1.0,0.0,0.0,2.0,0.0,1.0,0.0,0.0,1.0,0.0,1.0,0.0,0.0,0.0,0.0,1.0,0.0,2.0,0.0,2.0,0.0,0.0,0.0,3.0,1.0,1.0,3.0,0.0,0.0,0.0,0.0,1.0,6.0,0.0,1.0,0.0,4.0,2.0,5.0,9.0,0.0,1.0,3.0,1.0,1.0,0.0,1.0,0.0,0.0,1.0,1.0,1.0,1.0,2.0,2.0,2.0,3.0,2.0,2.0,2.0,0.0,0.0,1.0,1.0,0.0,0.0,3.0,2.0,3.0,1.0,0.0,0.0,0.0,1.0,0.0,1.0,0.0,3.0,1.0,3.0,6.0,1.0,2.0,2.0,2.0,6.0,0.0,3.0,3.0,1.0,10.0,24.0,2.0,1.0,3.0,1.0,2.0,3.0,1.0,0.0,2.0,1.0,0.0,0.0,2.0,1.0,1.0,0.0,4.0,0.0,0.0
63,73,0.0,0.0,1.0,0.0,0.0,0.0,0.0,1.0,1.0,1.0,1.0,0.0,0.0,0.0,0.0,0.0,0.0,0.0,0.0,0.0,0.0,0.0,0.0,2.0,1.0,0.0,0.0,0.0,0.0,0.0,0.0,2.0,0.0,0.0,1.0,2.0,0.0,1.0,6.0,2.0,1.0,1.0,0.0,0.0,0.0,0.0,0.0,0.0,0.0,0.0,0.0,0.0,0.0,0.0,0.0,0.0,0.0,0.0,0.0,1.0,0.0,0.0,0.0,1.0,0.0,0.0,1.0,0.0,0.0,0.0,2.0,0.0,1.0,0.0,0.0,0.0,0.0,0.0,0.0,0.0,0.0,0.0,0.0,5.0,0.0,0.0,1.0,1.0,1.0,2.0,7.0,1.0,1.0,0.0,0.0,0.0,0.0,1.0,0.0,0.0,0.0,0.0,0.0,0.0,1.0,0.0,1.0,2.0,2.0,1.0,1.0,0.0,0.0,0.0,1.0,0.0,0.0,2.0,1.0,0.0,1.0,1.0,0.0,1.0,1.0,0.0,0.0,0.0,0.0,0.0,1.0,0.0,0.0,1.0,0.0,2.0,1.0,0.0,3.0,2.0,1.0,2.0,7.0,0.0,1.0,1.0,2.0,1.0,0.0,1.0,0.0,1.0,0.0,0.0,0.0,0.0,0.0,1.0,1.0,3.0,2.0,0.0
63,83,0.0,1.0,0.0,2.0,0.0,0.0,1.0,0.0,1.0,0.0,1.0,0.0,0.0,0.0,0.0,1.0,0.0,1.0,1.0,0.0,0.0,0.0,1.0,1.0,1.0,0.0,0.0,0.0,0.0,0.0,2.0,1.0,0.0,1.0,0.0,2.0,2.0,0.0,9.0,1.0,0.0,1.0,3.0,0.0,0.0,0.0,0.0,0.0,0.0,0.0,0.0,1.0,1.0,0.0,1.0,0.0,0.0,0.0,1.0,0.0,1.0,0.0,0.0,0.0,1.0,1.0,0.0,2.0,0.0,0.0,1.0,1.0,0.0,1.0,0.0,1.0,1.0,2.0,1.0,1.0,0.0,0.0,1.0,4.0,2.0,2.0,0.0,2.0,2.0,2.0,7.0,0.0,0.0,0.0,1.0,0.0,1.0,0.0,0.0,0.0,1.0,1.0,1.0,0.0,1.0,1.0,0.0,2.0,0.0,0.0,2.0,0.0,2.0,1.0,1.0,0.0,1.0,1.0,0.0,1.0,0.0,1.0,1.0,0.0,1.0,1.0,0.0,1.0,2.0,0.0,0.0,0.0,0.0,1.0,0.0,1.0,3.0,0.0,0.0,0.0,3.0,1.0,10.0,2.0,0.0,0.0,1.0,1.0,3.0,2.0,0.0,0.0,0.0,0.0,0.0,2.0,1.0,1.0,1.0,2.0,0.0,0.0
63,87,1.0,1.0,0.0,0.0,0.0,0.0,1.0,1.0,1.0,1.0,0.0,0.0,0.0,1.0,1.0,0.0,0.0,0.0,2.0,3.0,0.0,1.0,1.0,0.0,0.0,1.0,1.0,0.0,1.0,0.0,3.0,0.0,0.0,0.0,0.0,0.0,1.0,3.0,3.0,1.0,0.0,0.0,0.0,3.0,0.0,0.0,0.0,2.0,1.0,1.0,1.0,0.0,1.0,1.0,1.0,0.0,0.0,0.0,0.0,0.0,0.0,3.0,0.0,5.0,1.0,1.0,1.0,1.0,2.0,0.0,3.0,1.0,0.0,0.0,0.0,1.0,1.0,1.0,3.0,2.0,2.0,0.0,1.0,1.0,3.0,0.0,3.0,4.0,4.0,0.0,0.0,0.0,2.0,1.0,0.0,1.0,2.0,1.0,1.0,3.0,1.0,2.0,2.0,1.0,2.0,1.0,0.0,1.0,3.0,1.0,0.0,1.0,2.0,0.0,2.0,0.0,1.0,0.0,1.0,1.0,0.0,0.0,1.0,0.0,5.0,1.0,3.0,1.0,0.0,0.0,1.0,0.0,0.0,0.0,1.0,5.0,2.0,1.0,2.0,1.0,4.0,1.0,1.0,1.0,0.0,0.0,0.0,0.0,1.0,0.0,0.0,0.0,0.0,0.0,2.0,0.0,0.0,2.0,1.0,0.0,0.0,0.0
63,88,1.0,0.0,1.0,0.0,1.0,0.0,0.0,1.0,0.0,0.0,0.0,1.0,0.0,0.0,0.0,0.0,0.0,1.0,0.0,1.0,1.0,0.0,1.0,0.0,0.0,0.0,1.0,0.0,2.0,1.0,1.0,0.0,1.0,1.0,0.0,0.0,0.0,0.0,0.0,0.0,0.0,0.0,0.0,2.0,0.0,0.0,1.0,1.0,4.0,0.0,0.0,0.0,2.0,0.0,0.0,1.0,2.0,0.0,3.0,0.0,0.0,0.0,0.0,3.0,1.0,3.0,1.0,2.0,1.0,1.0,2.0,0.0,2.0,0.0,1.0,0.0,0.0,1.0,1.0,2.0,0.0,0.0,2.0,0.0,1.0,1.0,0.0,3.0,5.0,2.0,3.0,1.0,0.0,0.0,0.0,3.0,2.0,0.0,1.0,1.0,1.0,0.0,1.0,1.0,2.0,0.0,1.0,2.0,1.0,3.0,0.0,0.0,0.0,0.0,1.0,1.0,2.0,1.0,4.0,2.0,0.0,1.0,2.0,3.0,2.0,0.0,1.0,0.0,3.0,0.0,0.0,1.0,0.0,0.0,1.0,2.0,1.0,2.0,0.0,1.0,2.0,1.0,0.0,0.0,1.0,0.0,1.0,0.0,1.0,0.0,0.0,0.0,1.0,1.0,1.0,0.0,0.0,3.0,0.0,0.0,2.0,1.0
63,92,1.0,0.0,1.0,0.0,0.0,0.0,0.0,1.0,2.0,0.0,1.0,0.0,0.0,0.0,0.0,0.0,0.0,1.0,0.0,1.0,1.0,0.0,1.0,0.0,0.0,0.0,1.0,0.0,1.0,0.0,1.0,2.0,0.0,0.0,0.0,1.0,0.0,0.0,0.0,0.0,0.0,1.0,0.0,1.0,0.0,0.0,1.0,0.0,0.0,1.0,1.0,0.0,0.0,1.0,1.0,0.0,1.0,0.0,2.0,0.0,2.0,1.0,1.0,5.0,0.0,3.0,2.0,2.0,2.0,0.0,1.0,0.0,1.0,1.0,1.0,2.0,1.0,1.0,0.0,2.0,1.0,2.0,0.0,3.0,4.0,1.0,1.0,4.0,3.0,0.0,1.0,0.0,0.0,0.0,1.0,2.0,0.0,1.0,1.0,3.0,0.0,1.0,0.0,0.0,1.0,1.0,3.0,1.0,4.0,0.0,1.0,2.0,1.0,3.0,0.0,0.0,0.0,2.0,1.0,1.0,0.0,0.0,1.0,0.0,1.0,2.0,0.0,1.0,1.0,0.0,2.0,0.0,0.0,1.0,0.0,1.0,0.0,0.0,1.0,2.0,2.0,1.0,0.0,0.0,0.0,0.0,1.0,1.0,0.0,2.0,0.0,1.0,0.0,0.0,1.0,1.0,1.0,1.0,0.0,1.0,0.0,1.0
63,97,1.0,1.0,2.0,2.0,1.0,3.0,0.0,2.0,0.0,2.0,2.0,1.0,0.0,0.0,1.0,0.0,0.0,2.0,1.0,2.0,3.0,2.0,0.0,2.0,3.0,1.0,2.0,1.0,1.0,1.0,5.0,0.0,3.0,2.0,2.0,2.0,1.0,2.0,1.0,0.0,1.0,1.0,0.0,0.0,1.0,0.0,0.0,1.0,0.0,0.0,3.0,3.0,0.0,2.0,2.0,0.0,0.0,2.0,1.0,0.0,0.0,0.0,1.0,1.0,2.0,3.0,3.0,1.0,1.0,1.0,0.0,0.0,0.0,1.0,0.0,0.0,1.0,1.0,1.0,0.0,2.0,0.0,1.0,3.0,1.0,2.0,3.0,2.0,1.0,0.0,0.0,1.0,0.0,0.0,0.0,2.0,0.0,3.0,1.0,0.0,0.0,0.0,0.0,1.0,0.0,1.0,1.0,0.0,0.0,0.0,0.0,0.0,1.0,0.0,1.0,0.0,2.0,2.0,1.0,2.0,1.0,1.0,1.0,1.0,0.0,0.0,0.0,0.0,2.0,2.0,1.0,0.0,1.0,1.0,0.0,2.0,1.0,0.0,2.0,1.0,1.0,1.0,0.0,0.0,0.0,1.0,1.0,0.0,1.0,0.0,0.0,1.0,0.0,1.0,0.0,0.0,0.0,0.0,0.0,0.0,1.0,0.0
63,99,2.0,5.0,2.0,1.0,2.0,1.0,1.0,2.0,1.0,1.0,2.0,3.0,0.0,3.0,1.0,1.0,1.0,2.0,3.0,3.0,3.0,1.0,2.0,2.0,5.0,0.0,0.0,0.0,0.0,1.0,6.0,4.0,2.0,1.0,5.0,1.0,3.0,6.0,3.0,3.0,3.0,2.0,1.0,3.0,1.0,3.0,3.0,0.0,3.0,1.0,2.0,0.0,2.0,1.0,0.0,4.0,1.0,2.0,3.0,2.0,3.0,2.0,5.0,1.0,0.0,1.0,1.0,5.0,10.0,4.0,2.0,0.0,2.0,1.0,3.0,1.0,3.0,2.0,5.0,2.0,0.0,1.0,1.0,5.0,3.0,5.0,2.0,4.0,13.0,1.0,4.0,5.0,1.0,1.0,4.0,2.0,2.0,2.0,3.0,2.0,5.0,2.0,1.0,2.0,2.0,1.0,1.0,6.0,10.0,5.0,1.0,2.0,0.0,2.0,1.0,3.0,1.0,1.0,6.0,3.0,2.0,7.0,3.0,2.0,2.0,5.0,6.0,3.0,8.0,2.0,3.0,3.0,0.0,1.0,5.0,10.0,2.0,2.0,3.0,4.0,5.0,10.0,5.0,2.0,4.0,1.0,4.0,8.0,8.0,1.0,4.0,7.0,4.0,3.0,3.0,1.0,3.0,1.0,3.0,3.0,5.0,5.0
63,100,2.0,0.0,1.0,0.0,1.0,0.0,0.0,1.0,1.0,0.0,0.0,0.0,0.0,1.0,0.0,1.0,1.0,0.0,0.0,3.0,0.0,0.0,0.0,1.0,1.0,0.0,0.0,0.0,0.0,0.0,2.0,1.0,0.0,0.0,1.0,1.0,3.0,1.0,1.0,1.0,1.0,1.0,0.0,2.0,1.0,1.0,1.0,2.0,2.0,1.0,3.0,2.0,0.0,2.0,2.0,3.0,3.0,1.0,0.0,2.0,3.0,0.0,0.0,1.0,0.0,1.0,1.0,0.0,0.0,0.0,2.0,0.0,1.0,0.0,1.0,0.0,1.0,2.0,1.0,0.0,1.0,3.0,0.0,2.0,3.0,0.0,1.0,1.0,1.0,0.0,0.0,1.0,1.0,1.0,1.0,2.0,2.0,0.0,0.0,0.0,0.0,0.0,0.0,0.0,1.0,0.0,1.0,1.0,2.0,0.0,0.0,0.0,0.0,2.0,0.0,0.0,3.0,1.0,2.0,0.0,0.0,0.0,1.0,1.0,1.0,1.0,1.0,2.0,1.0,1.0,0.0,1.0,0.0,0.0,2.0,3.0,1.0,1.0,1.0,1.0,0.0,1.0,1.0,0.0,0.0,0.0,0.0,0.0,0.0,0.0,0.0,0.0,0.0,0.0,0.0,0.0,0.0,1.0,0.0,0.0,0.0,1.0
63,107,0.0,0.0,0.0,0.0,2.0,1.0,0.0,0.0,0.0,1.0,0.0,0.0,0.0,0.0,4.0,0.0,0.0,0.0,0.0,0.0,0.0,0.0,1.0,0.0,1.0,1.0,0.0,1.0,0.0,0.0,1.0,1.0,0.0,0.0,2.0,1.0,4.0,0.0,0.0,0.0,0.0,0.0,0.0,2.0,3.0,0.0,0.0,0.0,2.0,1.0,0.0,0.0,0.0,0.0,0.0,0.0,5.0,0.0,0.0,1.0,0.0,0.0,0.0,1.0,0.0,0.0,1.0,1.0,0.0,0.0,0.0,2.0,2.0,2.0,1.0,3.0,0.0,0.0,0.0,1.0,0.0,2.0,1.0,5.0,2.0,0.0,4.0,5.0,6.0,0.0,0.0,0.0,0.0,2.0,3.0,3.0,3.0,0.0,1.0,1.0,2.0,0.0,1.0,1.0,2.0,2.0,2.0,2.0,10.0,1.0,0.0,0.0,1.0,0.0,0.0,2.0,0.0,1.0,0.0,2.0,0.0,2.0,0.0,0.0,0.0,1.0,0.0,1.0,0.0,2.0,0.0,1.0,0.0,0.0,2.0,0.0,1.0,1.0,0.0,2.0,10.0,2.0,5.0,2.0,0.0,2.0,2.0,3.0,6.0,1.0,2.0,3.0,1.0,1.0,0.0,2.0,1.0,4.0,2.0,3.0,4.0,1.0
63,111,0.0,0.0,0.0,1.0,0.0,0.0,0.0,1.0,0.0,0.0,0.0,0.0,0.0,0.0,0.0,0.0,1.0,2.0,0.0,0.0,0.0,0.0,0.0,0.0,0.0,0.0,0.0,0.0,1.0,0.0,2.0,0.0,1.0,0.0,0.0,1.0,3.0,0.0,2.0,0.0,0.0,0.0,1.0,2.0,0.0,0.0,0.0,1.0,0.0,0.0,0.0,0.0,1.0,0.0,1.0,2.0,1.0,1.0,1.0,1.0,0.0,0.0,1.0,2.0,0.0,0.0,2.0,0.0,0.0,1.0,1.0,0.0,0.0,0.0,0.0,0.0,0.0,0.0,1.0,2.0,0.0,0.0,0.0,0.0,2.0,1.0,1.0,2.0,1.0,0.0,0.0,2.0,1.0,0.0,0.0,5.0,0.0,0.0,0.0,3.0,1.0,1.0,1.0,0.0,1.0,1.0,1.0,1.0,3.0,1.0,1.0,0.0,0.0,1.0,0.0,2.0,1.0,2.0,1.0,0.0,1.0,0.0,1.0,0.0,2.0,1.0,0.0,1.0,0.0,1.0,1.0,0.0,2.0,2.0,1.0,2.0,0.0,0.0,2.0,2.0,3.0,4.0,3.0,0.0,0.0,4.0,2.0,4.0,5.0,0.0,0.0,1.0,1.0,0.0,1.0,1.0,0.0,2.0,2.0,0.0,1.0,1.0
63,113,0.0,0.0,0.0,1.0,0.0,0.0,0.0,5.0,0.0,0.0,0.0,0.0,0.0,2.0,0.0,2.0,1.0,1.0,0.0,1.0,0.0,0.0,0.0,0.0,0.0,0.0,0.0,0.0,0.0,0.0,1.0,0.0,0.0,2.0,1.0,0.0,4.0,0.0,2.0,0.0,0.0,2.0,0.0,0.0,0.0,0.0,2.0,2.0,1.0,2.0,0.0,0.0,1.0,1.0,0.0,0.0,1.0,0.0,0.0,1.0,0.0,0.0,1.0,2.0,0.0,1.0,1.0,0.0,1.0,1.0,1.0,0.0,0.0,2.0,0.0,1.0,2.0,1.0,1.0,1.0,0.0,0.0,0.0,1.0,6.0,2.0,0.0,2.0,0.0,0.0,2.0,1.0,2.0,0.0,1.0,5.0,2.0,0.0,2.0,0.0,1.0,2.0,0.0,0.0,0.0,0.0,1.0,1.0,5.0,1.0,1.0,2.0,1.0,0.0,0.0,0.0,0.0,0.0,2.0,0.0,0.0,0.0,1.0,0.0,0.0,1.0,2.0,2.0,0.0,1.0,0.0,0.0,0.0,1.0,0.0,5.0,1.0,1.0,4.0,0.0,0.0,1.0,1.0,0.0,0.0,1.0,0.0,1.0,1.0,0.0,0.0,0.0,0.0,0.0,0.0,0.0,1.0,2.0,2.0,0.0,6.0,1.0
63,119,0.0,0.0,0.0,0.0,0.0,0.0,2.0,0.0,0.0,0.0,0.0,1.0,1.0,1.0,1.0,2.0,1.0,0.0,0.0,1.0,0.0,0.0,0.0,0.0,1.0,2.0,3.0,0.0,0.0,0.0,0.0,0.0,0.0,0.0,2.0,0.0,1.0,1.0,0.0,0.0,0.0,0.0,0.0,0.0,0.0,0.0,0.0,0.0,0.0,0.0,0.0,0.0,2.0,1.0,0.0,0.0,0.0,0.0,0.0,2.0,0.0,0.0,1.0,1.0,1.0,2.0,1.0,3.0,2.0,0.0,0.0,0.0,1.0,0.0,1.0,0.0,0.0,1.0,1.0,0.0,0.0,1.0,2.0,1.0,1.0,0.0,1.0,0.0,1.0,0.0,2.0,1.0,0.0,1.0,3.0,1.0,0.0,0.0,1.0,1.0,2.0,0.0,0.0,0.0,0.0,0.0,0.0,2.0,0.0,4.0,0.0,0.0,0.0,5.0,1.0,0.0,1.0,1.0,0.0,1.0,2.0,0.0,1.0,1.0,0.0,0.0,0.0,0.0,0.0,1.0,1.0,1.0,2.0,0.0,2.0,4.0,0.0,0.0,3.0,2.0,0.0,0.0,1.0,0.0,0.0,0.0,0.0,0.0,1.0,0.0,1.0,0.0,0.0,0.0,0.0,1.0,1.0,0.0,0.0,0.0,0.0,0.0
63,124,0.0,0.0,0.0,0.0,0.0,0.0,0.0,0.0,0.0,0.0,0.0,0.0,0.0,1.0,0.0,0.0,0.0,2.0,0.0,0.0,0.0,0.0,0.0,0.0,0.0,1.0,0.0,0.0,0.0,0.0,1.0,1.0,0.0,0.0,0.0,1.0,0.0,0.0,1.0,0.0,0.0,0.0,1.0,0.0,0.0,0.0,1.0,0.0,0.0,0.0,0.0,0.0,0.0,0.0,3.0,0.0,1.0,0.0,0.0,0.0,0.0,0.0,0.0,1.0,0.0,0.0,2.0,0.0,0.0,106.0,73.0,66.0,65.0,67.0,55.0,82.0,80.0,71.0,81.0,70.0,56.0,66.0,60.0,226.0,111.0,78.0,79.0,96.0,88.0,67.0,107.0,36.0,51.0,62.0,63.0,62.0,65.0,67.0,59.0,53.0,76.0,75.0,56.0,67.0,66.0,74.0,132.0,138.0,128.0,60.0,70.0,71.0,76.0,89.0,62.0,66.0,48.0,63.0,71.0,76.0,53.0,62.0,57.0,64.0,90.0,65.0,70.0,61.0,98.0,102.0,98.0,61.0,48.0,99.0,82.0,342.0,121.0,85.0,90.0,95.0,83.0,72.0,113.0,52.0,68.0,55.0,66.0,76.0,96.0,73.0,89.0,79.0,77.0,56.0,69.0,63.0,52.0,85.0,106.0,90.0,144.0,101.0
63,126,0.0,0.0,0.0,0.0,0.0,1.0,0.0,0.0,0.0,3.0,1.0,1.0,7.0,16.0,11.0,24.0,16.0,31.0,27.0,44.0,64.0,20.0,16.0,15.0,29.0,37.0,25.0,32.0,25.0,23.0,36.0,5.0,4.0,6.0,2.0,21.0,29.0,18.0,45.0,4.0,7.0,15.0,14.0,6.0,2.0,0.0,0.0,11.0,5.0,0.0,0.0,0.0,0.0,0.0,2.0,0.0,7.0,4.0,0.0,11.0,13.0,22.0,21.0,8.0,9.0,4.0,8.0,6.0,5.0,6.0,2.0,11.0,21.0,20.0,6.0,18.0,12.0,4.0,10.0,0.0,3.0,6.0,9.0,11.0,4.0,3.0,2.0,2.0,0.0,0.0,15.0,0.0,0.0,3.0,2.0,2.0,6.0,2.0,9.0,10.0,5.0,10.0,10.0,13.0,0.0,13.0,18.0,36.0,22.0,10.0,11.0,14.0,21.0,28.0,10.0,12.0,9.0,11.0,6.0,13.0,5.0,5.0,8.0,6.0,20.0,4.0,4.0,2.0,7.0,4.0,3.0,2.0,7.0,2.0,4.0,3.0,2.0,2.0,10.0,13.0,16.0,12.0,16.0,7.0,15.0,10.0,6.0,6.0,17.0,5.0,11.0,5.0,6.0,2.0,7.0,10.0,6.0,8.0,11.0,2.0,9.0,4.0
63,128,0.0,2.0,2.0,1.0,1.0,1.0,0.0,1.0,0.0,1.0,2.0,0.0,0.0,0.0,0.0,3.0,1.0,1.0,0.0,0.0,0.0,1.0,1.0,0.0,0.0,0.0,0.0,1.0,1.0,0.0,3.0,0.0,1.0,0.0,0.0,0.0,0.0,2.0,2.0,0.0,1.0,0.0,0.0,0.0,0.0,0.0,0.0,1.0,0.0,0.0,0.0,0.0,0.0,2.0,1.0,0.0,1.0,0.0,0.0,0.0,0.0,0.0,1.0,3.0,1.0,0.0,1.0,2.0,2.0,1.0,0.0,2.0,1.0,1.0,1.0,1.0,2.0,0.0,0.0,1.0,0.0,0.0,1.0,2.0,1.0,1.0,0.0,2.0,3.0,1.0,2.0,1.0,0.0,0.0,2.0,0.0,2.0,0.0,2.0,2.0,1.0,0.0,1.0,0.0,1.0,1.0,3.0,4.0,1.0,1.0,1.0,2.0,0.0,2.0,0.0,3.0,2.0,2.0,1.0,1.0,1.0,2.0,2.0,0.0,0.0,1.0,1.0,2.0,0.0,2.0,0.0,1.0,0.0,0.0,0.0,2.0,1.0,2.0,0.0,0.0,3.0,0.0,1.0,0.0,0.0,0.0,0.0,1.0,1.0,1.0,0.0,2.0,0.0,0.0,0.0,0.0,1.0,2.0,3.0,6.0,2.0,0.0
63,135,1.0,2.0,5.0,0.0,2.0,2.0,0.0,0.0,0.0,0.0,2.0,1.0,1.0,0.0,1.0,3.0,3.0,4.0,0.0,0.0,1.0,1.0,1.0,0.0,0.0,0.0,0.0,0.0,0.0,1.0,7.0,2.0,0.0,0.0,0.0,7.0,0.0,0.0,1.0,8.0,8.0,3.0,0.0,9.0,0.0,0.0,0.0,1.0,4.0,1.0,3.0,2.0,8.0,1.0,1.0,4.0,0.0,0.0,0.0,0.0,1.0,3.0,0.0,4.0,2.0,1.0,2.0,2.0,2.0,0.0,2.0,0.0,2.0,0.0,0.0,1.0,2.0,4.0,2.0,0.0,1.0,3.0,1.0,8.0,2.0,3.0,1.0,6.0,4.0,2.0,0.0,0.0,2.0,7.0,1.0,1.0,1.0,0.0,1.0,5.0,7.0,3.0,1.0,3.0,0.0,1.0,4.0,7.0,4.0,4.0,3.0,3.0,3.0,2.0,0.0,3.0,1.0,4.0,4.0,3.0,5.0,1.0,3.0,2.0,3.0,6.0,3.0,0.0,2.0,1.0,4.0,1.0,0.0,2.0,2.0,14.0,5.0,2.0,2.0,4.0,2.0,2.0,3.0,0.0,1.0,0.0,0.0,1.0,1.0,0.0,1.0,1.0,2.0,0.0,0.0,4.0,1.0,1.0,2.0,0.0,0.0,3.0
63,136,1.0,1.0,0.0,2.0,0.0,0.0,1.0,0.0,2.0,0.0,0.0,0.0,3.0,0.0,3.0,2.0,2.0,0.0,1.0,0.0,0.0,0.0,0.0,0.0,0.0,1.0,0.0,1.0,0.0,0.0,40.0,0.0,0.0,0.0,2.0,7.0,1.0,0.0,0.0,6.0,0.0,0.0,0.0,0.0,0.0,2.0,2.0,1.0,6.0,8.0,4.0,7.0,0.0,0.0,0.0,3.0,6.0,4.0,11.0,1.0,3.0,1.0,1.0,5.0,1.0,3.0,2.0,2.0,2.0,2.0,3.0,2.0,4.0,1.0,1.0,0.0,1.0,2.0,0.0,4.0,1.0,0.0,2.0,7.0,0.0,2.0,4.0,1.0,8.0,0.0,0.0,0.0,3.0,2.0,1.0,7.0,1.0,0.0,4.0,4.0,4.0,4.0,2.0,1.0,3.0,4.0,5.0,5.0,5.0,2.0,3.0,3.0,3.0,1.0,2.0,2.0,2.0,4.0,4.0,3.0,3.0,7.0,2.0,0.0,2.0,1.0,1.0,1.0,1.0,1.0,0.0,1.0,2.0,1.0,2.0,21.0,7.0,3.0,2.0,2.0,5.0,2.0,2.0,0.0,0.0,2.0,1.0,3.0,2.0,0.0,1.0,4.0,1.0,1.0,3.0,2.0,1.0,3.0,3.0,0.0,1.0,2.0
63,138,0.0,0.0,0.0,0.0,1.0,1.0,0.0,1.0,0.0,0.0,0.0,0.0,2.0,0.0,1.0,0.0,0.0,0.0,1.0,0.0,0.0,1.0,0.0,0.0,0.0,0.0,0.0,0.0,1.0,0.0,0.0,1.0,0.0,0.0,0.0,0.0,0.0,0.0,6.0,1.0,0.0,1.0,0.0,0.0,1.0,1.0,0.0,0.0,1.0,1.0,1.0,1.0,0.0,0.0,1.0,1.0,0.0,1.0,0.0,1.0,0.0,1.0,0.0,0.0,1.0,0.0,0.0,0.0,0.0,0.0,0.0,2.0,0.0,0.0,0.0,0.0,1.0,0.0,0.0,0.0,0.0,0.0,1.0,4.0,2.0,0.0,0.0,1.0,3.0,1.0,8.0,1.0,0.0,0.0,0.0,0.0,0.0,1.0,0.0,0.0,1.0,1.0,1.0,0.0,0.0,1.0,1.0,0.0,1.0,1.0,0.0,0.0,0.0,0.0,2.0,0.0,0.0,0.0,1.0,1.0,0.0,0.0,1.0,0.0,0.0,0.0,1.0,0.0,1.0,1.0,0.0,1.0,0.0,0.0,0.0,3.0,1.0,1.0,1.0,0.0,1.0,1.0,6.0,1.0,1.0,0.0,3.0,0.0,0.0,0.0,1.0,0.0,1.0,0.0,0.0,1.0,2.0,0.0,0.0,0.0,1.0,0.0
63,154,0.0,0.0,0.0,4.0,0.0,0.0,0.0,0.0,0.0,0.0,1.0,0.0,1.0,0.0,1.0,1.0,1.0,1.0,0.0,1.0,0.0,1.0,1.0,1.0,0.0,1.0,0.0,0.0,1.0,0.0,2.0,0.0,0.0,1.0,0.0,0.0,1.0,0.0,0.0,0.0,0.0,0.0,0.0,1.0,0.0,0.0,0.0,1.0,0.0,1.0,1.0,0.0,0.0,1.0,3.0,1.0,2.0,0.0,0.0,2.0,3.0,1.0,0.0,0.0,1.0,1.0,0.0,0.0,0.0,1.0,3.0,1.0,0.0,0.0,1.0,0.0,1.0,1.0,3.0,0.0,0.0,0.0,0.0,2.0,3.0,1.0,3.0,1.0,1.0,0.0,0.0,0.0,0.0,0.0,2.0,1.0,0.0,0.0,0.0,0.0,0.0,0.0,1.0,0.0,1.0,0.0,1.0,2.0,2.0,1.0,0.0,2.0,1.0,1.0,0.0,1.0,1.0,2.0,2.0,1.0,2.0,1.0,1.0,2.0,1.0,3.0,1.0,2.0,2.0,1.0,1.0,0.0,0.0,0.0,0.0,1.0,3.0,0.0,0.0,0.0,1.0,1.0,0.0,0.0,0.0,0.0,1.0,0.0,0.0,0.0,0.0,0.0,1.0,0.0,2.0,1.0,0.0,2.0,0.0,0.0,1.0,1.0
63,160,0.0,0.0,1.0,0.0,0.0,1.0,0.0,1.0,1.0,0.0,1.0,0.0,0.0,0.0,0.0,0.0,4.0,0.0,0.0,1.0,1.0,1.0,1.0,0.0,0.0,0.0,1.0,1.0,0.0,1.0,1.0,0.0,1.0,0.0,0.0,0.0,0.0,1.0,1.0,2.0,0.0,0.0,0.0,0.0,0.0,1.0,1.0,1.0,0.0,0.0,2.0,1.0,0.0,3.0,1.0,1.0,1.0,1.0,0.0,0.0,1.0,0.0,0.0,1.0,0.0,0.0,1.0,1.0,0.0,0.0,0.0,2.0,0.0,0.0,2.0,0.0,0.0,0.0,0.0,1.0,0.0,0.0,0.0,0.0,0.0,1.0,0.0,2.0,1.0,2.0,1.0,1.0,2.0,2.0,0.0,0.0,0.0,0.0,1.0,0.0,0.0,1.0,2.0,1.0,0.0,0.0,0.0,1.0,4.0,2.0,0.0,0.0,1.0,1.0,1.0,1.0,1.0,0.0,0.0,1.0,0.0,0.0,0.0,0.0,1.0,1.0,0.0,0.0,1.0,1.0,1.0,0.0,0.0,0.0,0.0,0.0,0.0,2.0,0.0,2.0,1.0,1.0,1.0,0.0,1.0,0.0,0.0,0.0,0.0,0.0,0.0,0.0,0.0,0.0,0.0,1.0,0.0,0.0,0.0,0.0,0.0,1.0
63,168,0.0,0.0,1.0,0.0,0.0,0.0,0.0,1.0,0.0,2.0,0.0,0.0,0.0,0.0,0.0,0.0,0.0,0.0,0.0,0.0,1.0,3.0,1.0,1.0,3.0,1.0,3.0,1.0,1.0,1.0,2.0,1.0,2.0,1.0,3.0,0.0,1.0,2.0,3.0,0.0,1.0,0.0,0.0,0.0,0.0,0.0,0.0,0.0,0.0,0.0,0.0,2.0,1.0,1.0,2.0,3.0,3.0,1.0,0.0,0.0,0.0,0.0,1.0,1.0,2.0,1.0,0.0,1.0,1.0,1.0,1.0,3.0,0.0,1.0,1.0,2.0,0.0,2.0,4.0,0.0,0.0,0.0,2.0,6.0,0.0,2.0,0.0,2.0,0.0,1.0,0.0,0.0,2.0,2.0,0.0,0.0,1.0,0.0,0.0,1.0,0.0,0.0,2.0,2.0,1.0,2.0,0.0,0.0,2.0,0.0,1.0,1.0,0.0,1.0,0.0,0.0,0.0,3.0,1.0,1.0,0.0,2.0,1.0,2.0,0.0,3.0,3.0,0.0,2.0,0.0,0.0,0.0,0.0,0.0,1.0,5.0,1.0,2.0,1.0,1.0,0.0,1.0,1.0,1.0,0.0,0.0,0.0,0.0,0.0,0.0,0.0,0.0,0.0,1.0,0.0,0.0,0.0,0.0,0.0,0.0,0.0,2.0
63,169,0.0,0.0,0.0,0.0,1.0,0.0,0.0,0.0,3.0,0.0,0.0,1.0,0.0,0.0,0.0,0.0,0.0,2.0,1.0,1.0,1.0,0.0,0.0,0.0,0.0,0.0,0.0,1.0,0.0,1.0,2.0,0.0,0.0,1.0,0.0,1.0,0.0,0.0,2.0,0.0,0.0,0.0,1.0,0.0,0.0,0.0,1.0,0.0,0.0,0.0,0.0,0.0,0.0,1.0,0.0,2.0,2.0,2.0,0.0,0.0,1.0,0.0,1.0,1.0,1.0,1.0,1.0,0.0,0.0,0.0,0.0,1.0,2.0,1.0,0.0,1.0,1.0,1.0,2.0,0.0,0.0,2.0,1.0,2.0,2.0,0.0,0.0,0.0,0.0,1.0,0.0,0.0,0.0,1.0,1.0,0.0,0.0,1.0,1.0,0.0,0.0,1.0,1.0,0.0,1.0,1.0,1.0,0.0,3.0,1.0,0.0,0.0,0.0,1.0,1.0,0.0,2.0,0.0,2.0,1.0,0.0,0.0,1.0,4.0,0.0,0.0,0.0,2.0,0.0,0.0,0.0,0.0,1.0,1.0,0.0,2.0,1.0,0.0,0.0,1.0,1.0,1.0,0.0,0.0,2.0,0.0,0.0,0.0,0.0,1.0,0.0,1.0,0.0,0.0,1.0,1.0,5.0,0.0,2.0,2.0,0.0,0.0
63,178,0.0,1.0,0.0,1.0,0.0,1.0,0.0,0.0,1.0,1.0,1.0,0.0,0.0,1.0,0.0,0.0,2.0,0.0,0.0,2.0,2.0,1.0,2.0,1.0,0.0,0.0,4.0,1.0,0.0,0.0,1.0,1.0,0.0,0.0,1.0,1.0,0.0,0.0,0.0,2.0,0.0,1.0,0.0,1.0,0.0,1.0,1.0,0.0,0.0,2.0,1.0,0.0,0.0,3.0,2.0,4.0,1.0,2.0,1.0,1.0,1.0,0.0,2.0,0.0,1.0,3.0,2.0,1.0,1.0,0.0,3.0,1.0,1.0,1.0,3.0,3.0,0.0,0.0,4.0,3.0,1.0,2.0,3.0,3.0,0.0,0.0,1.0,2.0,1.0,0.0,1.0,2.0,1.0,1.0,1.0,0.0,0.0,3.0,0.0,2.0,0.0,0.0,3.0,0.0,0.0,0.0,1.0,0.0,6.0,0.0,2.0,3.0,3.0,0.0,2.0,2.0,2.0,0.0,0.0,0.0,1.0,1.0,1.0,1.0,0.0,2.0,0.0,2.0,0.0,0.0,0.0,1.0,0.0,1.0,4.0,2.0,0.0,2.0,2.0,4.0,1.0,0.0,2.0,0.0,1.0,0.0,1.0,1.0,1.0,1.0,1.0,2.0,0.0,0.0,1.0,2.0,0.0,2.0,0.0,1.0,0.0,1.0
63,186,0.0,0.0,0.0,0.0,0.0,0.0,0.0,0.0,0.0,0.0,0.0,0.0,0.0,0.0,0.0,0.0,0.0,0.0,0.0,0.0,0.0,0.0,0.0,0.0,0.0,0.0,12.0,8.0,0.0,4.0,15.0,19.0,13.0,10.0,8.0,10.0,0.0,0.0,0.0,18.0,17.0,9.0,6.0,7.0,7.0,9.0,8.0,0.0,9.0,14.0,13.0,10.0,14.0,15.0,14.0,9.0,8.0,13.0,18.0,19.0,17.0,19.0,12.0,22.0,24.0,21.0,26.0,22.0,16.0,19.0,12.0,12.0,21.0,11.0,13.0,19.0,18.0,20.0,12.0,12.0,11.0,17.0,21.0,61.0,15.0,18.0,22.0,32.0,22.0,24.0,0.0,0.0,20.0,0.0,17.0,16.0,25.0,22.0,35.0,22.0,22.0,23.0,16.0,23.0,16.0,21.0,32.0,37.0,34.0,14.0,14.0,23.0,23.0,12.0,19.0,11.0,11.0,25.0,15.0,15.0,0.0,0.0,0.0,1.0,0.0,1.0,0.0,0.0,15.0,24.0,26.0,17.0,13.0,18.0,22.0,88.0,34.0,26.0,18.0,12.0,26.0,17.0,29.0,19.0,20.0,25.0,16.0,22.0,20.0,17.0,19.0,22.0,14.0,13.0,16.0,8.0,21.0,20.0,23.0,14.0,18.0,21.0
63,188,0.0,0.0,0.0,0.0,0.0,0.0,0.0,0.0,0.0,0.0,0.0,0.0,0.0,0.0,0.0,0.0,0.0,0.0,0.0,0.0,0.0,0.0,0.0,0.0,0.0,0.0,0.0,0.0,0.0,1.0,4.0,1.0,1.0,0.0,1.0,6.0,2.0,2.0,9.0,1.0,0.0,1.0,1.0,1.0,1.0,0.0,0.0,0.0,1.0,1.0,0.0,1.0,0.0,0.0,0.0,0.0,0.0,0.0,0.0,1.0,0.0,0.0,0.0,1.0,1.0,0.0,0.0,0.0,0.0,0.0,0.0,0.0,0.0,0.0,0.0,0.0,1.0,0.0,0.0,0.0,0.0,0.0,1.0,2.0,0.0,0.0,0.0,0.0,3.0,0.0,6.0,1.0,0.0,1.0,1.0,0.0,1.0,1.0,0.0,0.0,1.0,0.0,1.0,0.0,1.0,0.0,2.0,1.0,1.0,1.0,1.0,0.0,0.0,0.0,0.0,1.0,0.0,1.0,0.0,0.0,2.0,1.0,2.0,0.0,0.0,1.0,0.0,0.0,1.0,1.0,0.0,0.0,0.0,0.0,0.0,1.0,0.0,0.0,1.0,0.0,2.0,2.0,4.0,1.0,0.0,1.0,1.0,2.0,3.0,2.0,0.0,1.0,0.0,0.0,1.0,1.0,0.0,0.0,3.0,0.0,1.0,0.0
63,189,0.0,0.0,0.0,0.0,0.0,0.0,0.0,0.0,0.0,0.0,0.0,0.0,0.0,0.0,0.0,0.0,0.0,0.0,0.0,0.0,0.0,0.0,0.0,0.0,0.0,0.0,0.0,0.0,0.0,0.0,3.0,3.0,1.0,1.0,0.0,0.0,0.0,3.0,2.0,0.0,0.0,0.0,0.0,0.0,0.0,0.0,2.0,1.0,1.0,0.0,2.0,0.0,0.0,2.0,3.0,1.0,3.0,3.0,0.0,1.0,0.0,3.0,0.0,2.0,1.0,1.0,1.0,3.0,4.0,4.0,2.0,1.0,1.0,4.0,7.0,1.0,2.0,2.0,3.0,1.0,1.0,1.0,1.0,4.0,7.0,2.0,1.0,1.0,7.0,1.0,3.0,0.0,0.0,0.0,5.0,5.0,3.0,0.0,3.0,2.0,4.0,3.0,1.0,1.0,1.0,4.0,0.0,1.0,3.0,4.0,1.0,0.0,1.0,2.0,2.0,5.0,2.0,2.0,0.0,5.0,3.0,4.0,3.0,0.0,4.0,0.0,1.0,0.0,1.0,0.0,2.0,3.0,0.0,1.0,1.0,3.0,4.0,0.0,2.0,3.0,3.0,1.0,2.0,0.0,1.0,0.0,2.0,6.0,5.0,2.0,2.0,0.0,1.0,0.0,0.0,1.0,0.0,1.0,2.0,3.0,0.0,0.0
63,200,0.0,0.0,0.0,0.0,0.0,0.0,0.0,0.0,0.0,0.0,0.0,0.0,0.0,0.0,0.0,0.0,0.0,0.0,0.0,0.0,0.0,0.0,0.0,0.0,0.0,0.0,0.0,0.0,0.0,0.0,0.0,0.0,0.0,0.0,0.0,0.0,0.0,0.0,0.0,0.0,0.0,0.0,0.0,0.0,0.0,0.0,1.0,2.0,5.0,1.0,0.0,0.0,0.0,3.0,1.0,1.0,1.0,0.0,0.0,3.0,2.0,1.0,0.0,2.0,0.0,0.0,5.0,0.0,0.0,0.0,0.0,0.0,0.0,1.0,2.0,0.0,2.0,0.0,0.0,5.0,3.0,0.0,1.0,4.0,0.0,0.0,1.0,2.0,5.0,0.0,0.0,0.0,2.0,1.0,0.0,0.0,0.0,2.0,0.0,0.0,6.0,2.0,0.0,0.0,2.0,1.0,1.0,2.0,1.0,3.0,1.0,0.0,1.0,1.0,0.0,1.0,0.0,0.0,3.0,2.0,0.0,2.0,3.0,0.0,0.0,0.0,1.0,0.0,0.0,2.0,1.0,1.0,2.0,0.0,1.0,1.0,1.0,0.0,0.0,0.0,0.0,1.0,0.0,0.0,0.0,0.0,0.0,2.0,0.0,2.0,1.0,0.0,0.0,0.0,2.0,0.0,2.0,0.0,0.0,1.0,0.0,1.0
63,207,0.0,0.0,0.0,0.0,0.0,0.0,0.0,0.0,0.0,0.0,0.0,0.0,0.0,0.0,0.0,0.0,0.0,0.0,0.0,0.0,0.0,0.0,0.0,0.0,0.0,0.0,0.0,0.0,0.0,0.0,0.0,0.0,0.0,0.0,0.0,0.0,0.0,0.0,0.0,0.0,0.0,0.0,0.0,0.0,0.0,0.0,0.0,0.0,0.0,0.0,0.0,0.0,0.0,0.0,0.0,1.0,0.0,0.0,0.0,1.0,0.0,0.0,0.0,0.0,0.0,1.0,1.0,1.0,0.0,0.0,0.0,1.0,1.0,0.0,1.0,0.0,1.0,0.0,0.0,0.0,0.0,0.0,1.0,0.0,1.0,0.0,1.0,1.0,2.0,3.0,1.0,0.0,0.0,0.0,0.0,0.0,0.0,1.0,0.0,1.0,0.0,2.0,2.0,2.0,1.0,1.0,0.0,1.0,1.0,3.0,4.0,0.0,0.0,0.0,0.0,0.0,0.0,0.0,0.0,0.0,0.0,0.0,0.0,0.0,0.0,2.0,1.0,1.0,0.0,1.0,1.0,0.0,0.0,0.0,1.0,4.0,0.0,0.0,1.0,2.0,2.0,2.0,1.0,4.0,1.0,0.0,1.0,4.0,0.0,0.0,0.0,2.0,2.0,2.0,2.0,0.0,0.0,2.0,0.0,2.0,1.0,0.0
63,213,0.0,0.0,0.0,0.0,0.0,0.0,0.0,0.0,0.0,0.0,0.0,0.0,0.0,0.0,0.0,0.0,0.0,0.0,0.0,0.0,0.0,0.0,0.0,0.0,0.0,0.0,0.0,0.0,0.0,0.0,0.0,0.0,0.0,0.0,0.0,0.0,0.0,0.0,0.0,0.0,0.0,0.0,0.0,0.0,0.0,0.0,0.0,0.0,0.0,0.0,0.0,0.0,0.0,3.0,3.0,3.0,0.0,0.0,1.0,1.0,0.0,4.0,2.0,2.0,7.0,1.0,1.0,1.0,1.0,2.0,1.0,1.0,0.0,0.0,1.0,2.0,0.0,0.0,1.0,1.0,0.0,0.0,1.0,1.0,0.0,1.0,1.0,5.0,2.0,1.0,1.0,1.0,0.0,1.0,0.0,2.0,0.0,1.0,0.0,2.0,1.0,1.0,1.0,0.0,1.0,1.0,2.0,1.0,1.0,2.0,2.0,0.0,0.0,0.0,1.0,1.0,1.0,1.0,3.0,2.0,1.0,0.0,0.0,0.0,0.0,1.0,0.0,0.0,1.0,2.0,3.0,0.0,0.0,0.0,0.0,1.0,2.0,0.0,1.0,2.0,1.0,1.0,0.0,1.0,0.0,1.0,0.0,0.0,1.0,1.0,0.0,1.0,1.0,2.0,0.0,1.0,1.0,0.0,3.0,0.0,1.0,0.0
63,214,0.0,0.0,0.0,0.0,0.0,0.0,0.0,0.0,0.0,0.0,0.0,0.0,0.0,0.0,0.0,0.0,0.0,0.0,0.0,0.0,0.0,0.0,0.0,0.0,0.0,0.0,0.0,0.0,0.0,0.0,0.0,0.0,0.0,0.0,0.0,0.0,0.0,0.0,0.0,0.0,0.0,0.0,0.0,0.0,0.0,0.0,0.0,0.0,0.0,0.0,0.0,0.0,0.0,2.0,0.0,0.0,0.0,0.0,0.0,0.0,0.0,1.0,1.0,3.0,0.0,3.0,3.0,1.0,1.0,1.0,4.0,1.0,1.0,1.0,1.0,0.0,1.0,2.0,2.0,1.0,1.0,0.0,0.0,1.0,4.0,0.0,2.0,3.0,4.0,0.0,0.0,0.0,0.0,0.0,0.0,4.0,4.0,0.0,3.0,0.0,1.0,2.0,0.0,0.0,1.0,1.0,0.0,1.0,4.0,1.0,0.0,2.0,1.0,4.0,1.0,1.0,2.0,2.0,2.0,2.0,0.0,0.0,0.0,0.0,1.0,0.0,1.0,1.0,2.0,0.0,0.0,0.0,2.0,0.0,1.0,4.0,0.0,0.0,1.0,2.0,4.0,2.0,1.0,1.0,1.0,0.0,1.0,2.0,1.0,2.0,1.0,1.0,0.0,0.0,0.0,1.0,0.0,1.0,1.0,4.0,4.0,1.0
63,218,0.0,0.0,0.0,0.0,0.0,0.0,0.0,0.0,0.0,0.0,0.0,0.0,0.0,0.0,0.0,0.0,0.0,0.0,0.0,0.0,0.0,0.0,0.0,0.0,0.0,0.0,0.0,0.0,0.0,0.0,0.0,0.0,0.0,0.0,0.0,0.0,0.0,0.0,0.0,0.0,0.0,0.0,0.0,0.0,0.0,0.0,0.0,0.0,0.0,0.0,0.0,0.0,0.0,0.0,1.0,0.0,0.0,0.0,1.0,0.0,0.0,1.0,0.0,3.0,0.0,1.0,1.0,1.0,2.0,1.0,0.0,0.0,0.0,0.0,2.0,0.0,1.0,0.0,1.0,1.0,0.0,1.0,0.0,1.0,2.0,0.0,2.0,1.0,4.0,1.0,0.0,0.0,0.0,0.0,1.0,1.0,0.0,0.0,1.0,0.0,1.0,0.0,0.0,1.0,0.0,0.0,0.0,2.0,0.0,0.0,0.0,0.0,1.0,0.0,1.0,2.0,1.0,0.0,1.0,0.0,0.0,0.0,0.0,0.0,0.0,0.0,1.0,0.0,0.0,0.0,1.0,1.0,0.0,0.0,1.0,1.0,1.0,1.0,0.0,0.0,1.0,1.0,1.0,1.0,1.0,0.0,0.0,2.0,0.0,0.0,0.0,1.0,2.0,2.0,1.0,1.0,0.0,1.0,0.0,2.0,0.0,0.0
63,227,0.0,0.0,0.0,0.0,0.0,0.0,0.0,0.0,0.0,0.0,0.0,0.0,0.0,0.0,0.0,0.0,0.0,0.0,0.0,0.0,0.0,0.0,0.0,0.0,0.0,0.0,0.0,0.0,0.0,0.0,0.0,0.0,0.0,0.0,0.0,0.0,0.0,0.0,0.0,0.0,0.0,0.0,0.0,0.0,0.0,0.0,0.0,0.0,0.0,0.0,0.0,0.0,0.0,0.0,0.0,0.0,0.0,0.0,0.0,0.0,0.0,0.0,0.0,0.0,0.0,0.0,0.0,0.0,0.0,0.0,0.0,0.0,0.0,0.0,0.0,0.0,0.0,0.0,0.0,0.0,0.0,0.0,0.0,2.0,5.0,0.0,1.0,3.0,4.0,4.0,8.0,1.0,2.0,0.0,1.0,4.0,2.0,3.0,1.0,0.0,1.0,0.0,0.0,1.0,0.0,1.0,3.0,0.0,2.0,1.0,0.0,0.0,0.0,2.0,0.0,0.0,0.0,2.0,0.0,1.0,0.0,0.0,0.0,3.0,0.0,1.0,1.0,0.0,0.0,0.0,0.0,0.0,0.0,0.0,0.0,12.0,13.0,0.0,3.0,1.0,6.0,1.0,12.0,1.0,0.0,0.0,2.0,0.0,3.0,1.0,0.0,2.0,2.0,0.0,1.0,2.0,1.0,1.0,1.0,7.0,11.0,0.0
63,228,0.0,0.0,0.0,0.0,0.0,0.0,0.0,0.0,0.0,0.0,0.0,0.0,0.0,0.0,0.0,0.0,0.0,0.0,0.0,0.0,0.0,0.0,0.0,0.0,0.0,0.0,0.0,0.0,0.0,0.0,0.0,0.0,0.0,0.0,0.0,0.0,0.0,0.0,0.0,0.0,0.0,0.0,0.0,0.0,0.0,0.0,0.0,0.0,0.0,0.0,0.0,0.0,0.0,0.0,0.0,0.0,0.0,0.0,0.0,0.0,0.0,0.0,0.0,0.0,0.0,0.0,0.0,0.0,0.0,0.0,0.0,0.0,0.0,0.0,0.0,0.0,0.0,0.0,0.0,0.0,0.0,0.0,0.0,12.0,6.0,3.0,9.0,6.0,9.0,5.0,9.0,5.0,2.0,1.0,1.0,2.0,2.0,0.0,0.0,2.0,0.0,3.0,0.0,2.0,3.0,1.0,0.0,4.0,12.0,0.0,0.0,2.0,2.0,1.0,1.0,0.0,1.0,3.0,2.0,1.0,0.0,1.0,0.0,0.0,1.0,0.0,1.0,0.0,3.0,3.0,1.0,0.0,2.0,0.0,0.0,6.0,1.0,1.0,3.0,2.0,2.0,0.0,4.0,0.0,0.0,0.0,0.0,2.0,0.0,1.0,0.0,0.0,0.0,0.0,0.0,0.0,0.0,0.0,0.0,0.0,0.0,0.0
63,234,0.0,0.0,0.0,0.0,0.0,0.0,0.0,0.0,0.0,0.0,0.0,0.0,0.0,0.0,0.0,0.0,0.0,0.0,0.0,0.0,0.0,0.0,0.0,0.0,0.0,0.0,0.0,0.0,0.0,0.0,0.0,0.0,0.0,0.0,0.0,0.0,0.0,0.0,0.0,0.0,0.0,0.0,0.0,0.0,0.0,0.0,0.0,0.0,0.0,0.0,0.0,0.0,0.0,0.0,0.0,0.0,0.0,0.0,0.0,0.0,0.0,0.0,0.0,1.0,3.0,1.0,2.0,9.0,3.0,5.0,1.0,2.0,3.0,2.0,2.0,0.0,4.0,2.0,8.0,2.0,0.0,3.0,0.0,3.0,4.0,5.0,0.0,4.0,1.0,0.0,1.0,1.0,2.0,0.0,1.0,1.0,1.0,3.0,2.0,0.0,0.0,2.0,1.0,0.0,1.0,2.0,4.0,3.0,0.0,1.0,1.0,1.0,2.0,0.0,1.0,4.0,0.0,2.0,0.0,0.0,1.0,2.0,1.0,1.0,0.0,2.0,1.0,0.0,1.0,5.0,0.0,0.0,0.0,0.0,1.0,3.0,5.0,1.0,2.0,0.0,0.0,0.0,0.0,1.0,0.0,0.0,0.0,0.0,0.0,0.0,1.0,1.0,0.0,0.0,0.0,0.0,0.0,0.0,1.0,0.0,1.0,2.0
63,237,0.0,0.0,0.0,0.0,0.0,0.0,0.0,0.0,0.0,0.0,0.0,0.0,0.0,0.0,0.0,0.0,0.0,0.0,0.0,0.0,0.0,0.0,0.0,0.0,0.0,0.0,0.0,0.0,0.0,0.0,0.0,0.0,0.0,0.0,0.0,0.0,0.0,0.0,0.0,0.0,0.0,0.0,0.0,0.0,0.0,0.0,0.0,0.0,0.0,0.0,0.0,0.0,0.0,0.0,0.0,0.0,0.0,0.0,0.0,0.0,0.0,0.0,0.0,0.0,0.0,0.0,0.0,0.0,0.0,0.0,0.0,0.0,0.0,0.0,0.0,0.0,0.0,2.0,10.0,8.0,3.0,1.0,2.0,16.0,0.0,0.0,2.0,3.0,1.0,3.0,3.0,0.0,2.0,1.0,1.0,1.0,3.0,0.0,0.0,2.0,1.0,4.0,0.0,0.0,4.0,2.0,3.0,0.0,0.0,0.0,0.0,1.0,4.0,2.0,3.0,3.0,1.0,2.0,3.0,2.0,2.0,5.0,2.0,5.0,7.0,1.0,2.0,0.0,3.0,2.0,1.0,1.0,1.0,3.0,3.0,13.0,7.0,0.0,3.0,1.0,0.0,2.0,3.0,3.0,2.0,2.0,0.0,0.0,0.0,1.0,0.0,0.0,0.0,0.0,1.0,0.0,0.0,2.0,0.0,2.0,4.0,2.0
63,239,0.0,0.0,0.0,0.0,0.0,0.0,0.0,0.0,0.0,0.0,0.0,0.0,0.0,0.0,0.0,0.0,0.0,0.0,0.0,0.0,0.0,0.0,0.0,0.0,0.0,0.0,0.0,0.0,0.0,0.0,0.0,0.0,0.0,0.0,0.0,0.0,0.0,0.0,0.0,0.0,0.0,0.0,0.0,0.0,0.0,0.0,0.0,0.0,0.0,0.0,0.0,0.0,0.0,0.0,0.0,0.0,0.0,0.0,0.0,2.0,1.0,1.0,5.0,2.0,1.0,0.0,0.0,0.0,0.0,3.0,4.0,1.0,1.0,1.0,2.0,1.0,2.0,3.0,6.0,1.0,0.0,1.0,0.0,4.0,3.0,0.0,2.0,1.0,1.0,0.0,1.0,1.0,1.0,1.0,0.0,1.0,1.0,3.0,1.0,4.0,1.0,2.0,1.0,0.0,1.0,2.0,2.0,6.0,0.0,1.0,0.0,0.0,1.0,1.0,2.0,0.0,1.0,0.0,0.0,0.0,2.0,1.0,2.0,1.0,0.0,0.0,0.0,1.0,6.0,4.0,3.0,1.0,1.0,1.0,0.0,6.0,2.0,0.0,2.0,0.0,2.0,0.0,1.0,0.0,1.0,0.0,0.0,0.0,0.0,4.0,0.0,0.0,1.0,0.0,0.0,1.0,0.0,0.0,2.0,0.0,3.0,1.0
63,240,0.0,0.0,0.0,0.0,0.0,0.0,0.0,0.0,0.0,0.0,0.0,0.0,0.0,0.0,0.0,0.0,0.0,0.0,0.0,0.0,0.0,0.0,0.0,0.0,0.0,0.0,0.0,0.0,0.0,0.0,0.0,0.0,0.0,0.0,0.0,0.0,0.0,0.0,0.0,0.0,0.0,0.0,0.0,0.0,0.0,0.0,0.0,0.0,0.0,0.0,0.0,0.0,0.0,0.0,0.0,0.0,0.0,0.0,0.0,0.0,0.0,0.0,0.0,0.0,1.0,0.0,1.0,1.0,0.0,0.0,0.0,0.0,0.0,0.0,0.0,0.0,0.0,1.0,1.0,0.0,2.0,0.0,0.0,5.0,2.0,1.0,3.0,0.0,0.0,0.0,0.0,1.0,1.0,0.0,0.0,2.0,0.0,1.0,0.0,0.0,0.0,0.0,0.0,0.0,0.0,0.0,2.0,1.0,2.0,0.0,0.0,0.0,0.0,0.0,0.0,0.0,0.0,0.0,0.0,0.0,0.0,0.0,0.0,0.0,1.0,0.0,0.0,2.0,4.0,3.0,2.0,2.0,2.0,1.0,1.0,7.0,3.0,0.0,0.0,1.0,0.0,0.0,2.0,2.0,2.0,1.0,1.0,2.0,2.0,3.0,0.0,1.0,1.0,1.0,1.0,1.0,0.0,0.0,4.0,3.0,4.0,3.0
63,268,0.0,1.0,0.0,0.0,0.0,0.0,0.0,1.0,1.0,0.0,0.0,0.0,1.0,1.0,0.0,0.0,1.0,2.0,0.0,1.0,2.0,2.0,2.0,1.0,1.0,1.0,1.0,0.0,2.0,0.0,2.0,0.0,1.0,4.0,0.0,2.0,0.0,0.0,1.0,0.0,0.0,1.0,0.0,0.0,0.0,0.0,2.0,1.0,0.0,0.0,1.0,0.0,0.0,1.0,0.0,0.0,3.0,0.0,2.0,0.0,0.0,2.0,0.0,1.0,1.0,3.0,1.0,1.0,0.0,3.0,1.0,1.0,0.0,1.0,0.0,0.0,2.0,0.0,0.0,2.0,0.0,1.0,2.0,2.0,1.0,0.0,1.0,3.0,3.0,0.0,3.0,1.0,0.0,1.0,1.0,1.0,2.0,0.0,2.0,0.0,1.0,0.0,1.0,1.0,1.0,0.0,2.0,3.0,1.0,0.0,0.0,0.0,0.0,1.0,0.0,0.0,1.0,3.0,0.0,0.0,3.0,1.0,1.0,0.0,0.0,0.0,1.0,2.0,1.0,1.0,0.0,2.0,0.0,1.0,2.0,3.0,2.0,0.0,0.0,2.0,1.0,0.0,1.0,1.0,0.0,0.0,0.0,0.0,0.0,1.0,0.0,0.0,0.0,0.0,0.0,1.0,0.0,0.0,2.0,3.0,1.0,0.0
63,278,0.0,0.0,1.0,0.0,0.0,0.0,0.0,1.0,0.0,3.0,0.0,0.0,0.0,0.0,0.0,0.0,0.0,0.0,0.0,2.0,1.0,0.0,0.0,1.0,0.0,0.0,1.0,1.0,0.0,1.0,3.0,1.0,0.0,1.0,0.0,0.0,1.0,1.0,0.0,1.0,1.0,0.0,0.0,0.0,0.0,0.0,0.0,0.0,0.0,0.0,0.0,0.0,0.0,0.0,0.0,0.0,0.0,1.0,0.0,2.0,2.0,3.0,0.0,0.0,0.0,0.0,0.0,0.0,1.0,0.0,0.0,2.0,0.0,1.0,0.0,0.0,0.0,0.0,0.0,0.0,0.0,0.0,0.0,0.0,0.0,1.0,0.0,1.0,2.0,1.0,2.0,0.0,1.0,0.0,1.0,2.0,0.0,0.0,0.0,0.0,0.0,0.0,0.0,0.0,0.0,0.0,1.0,0.0,0.0,2.0,0.0,1.0,1.0,1.0,1.0,1.0,0.0,1.0,1.0,1.0,0.0,3.0,0.0,0.0,1.0,1.0,1.0,1.0,0.0,1.0,1.0,0.0,1.0,4.0,1.0,1.0,2.0,0.0,1.0,1.0,1.0,2.0,1.0,2.0,1.0,0.0,1.0,1.0,0.0,2.0,0.0,0.0,0.0,0.0,1.0,0.0,1.0,0.0,1.0,0.0,0.0,0.0
63,279,2.0,0.0,0.0,3.0,0.0,1.0,0.0,1.0,0.0,5.0,0.0,0.0,1.0,1.0,1.0,1.0,2.0,0.0,1.0,0.0,1.0,0.0,0.0,1.0,0.0,0.0,0.0,0.0,0.0,0.0,3.0,1.0,0.0,1.0,0.0,2.0,3.0,0.0,1.0,0.0,1.0,0.0,0.0,2.0,0.0,0.0,0.0,0.0,0.0,0.0,0.0,0.0,0.0,2.0,0.0,0.0,0.0,0.0,1.0,1.0,0.0,3.0,1.0,0.0,0.0,0.0,0.0,1.0,1.0,0.0,0.0,0.0,0.0,0.0,0.0,1.0,1.0,0.0,0.0,1.0,0.0,1.0,0.0,0.0,0.0,0.0,0.0,1.0,4.0,2.0,0.0,1.0,2.0,1.0,1.0,1.0,1.0,0.0,0.0,0.0,0.0,0.0,0.0,0.0,1.0,2.0,0.0,0.0,0.0,0.0,0.0,3.0,2.0,3.0,0.0,1.0,0.0,2.0,0.0,1.0,0.0,2.0,2.0,2.0,0.0,0.0,3.0,1.0,2.0,0.0,1.0,0.0,1.0,1.0,1.0,2.0,0.0,0.0,1.0,2.0,2.0,5.0,0.0,1.0,0.0,0.0,1.0,0.0,0.0,0.0,0.0,0.0,1.0,1.0,1.0,0.0,0.0,0.0,0.0,0.0,1.0,0.0
63,284,0.0,0.0,3.0,5.0,6.0,3.0,5.0,3.0,1.0,1.0,3.0,3.0,0.0,2.0,0.0,1.0,0.0,2.0,0.0,1.0,4.0,5.0,2.0,2.0,0.0,1.0,0.0,0.0,0.0,1.0,2.0,4.0,0.0,2.0,6.0,5.0,1.0,2.0,3.0,0.0,2.0,1.0,2.0,0.0,2.0,0.0,3.0,2.0,3.0,2.0,2.0,0.0,0.0,1.0,0.0,3.0,1.0,0.0,3.0,0.0,1.0,0.0,0.0,0.0,1.0,1.0,0.0,0.0,0.0,0.0,0.0,0.0,0.0,1.0,1.0,1.0,0.0,0.0,0.0,0.0,0.0,1.0,0.0,0.0,0.0,0.0,2.0,0.0,0.0,1.0,0.0,1.0,0.0,0.0,0.0,1.0,0.0,0.0,0.0,0.0,0.0,1.0,2.0,0.0,0.0,0.0,1.0,1.0,1.0,1.0,3.0,3.0,1.0,2.0,4.0,1.0,2.0,1.0,5.0,0.0,0.0,3.0,1.0,1.0,1.0,2.0,1.0,0.0,1.0,3.0,1.0,3.0,2.0,0.0,0.0,1.0,0.0,2.0,0.0,4.0,1.0,2.0,2.0,1.0,1.0,0.0,0.0,0.0,0.0,1.0,0.0,0.0,0.0,0.0,0.0,2.0,0.0,0.0,0.0,1.0,2.0,1.0
63,290,0.0,0.0,0.0,0.0,0.0,0.0,0.0,0.0,0.0,0.0,0.0,0.0,0.0,0.0,1.0,1.0,0.0,0.0,0.0,1.0,1.0,0.0,1.0,0.0,1.0,0.0,0.0,0.0,0.0,1.0,0.0,0.0,0.0,0.0,0.0,3.0,0.0,0.0,0.0,0.0,1.0,3.0,1.0,3.0,0.0,1.0,0.0,0.0,0.0,1.0,0.0,2.0,0.0,2.0,0.0,0.0,0.0,1.0,0.0,0.0,0.0,2.0,0.0,0.0,1.0,4.0,0.0,0.0,1.0,3.0,0.0,0.0,1.0,1.0,1.0,0.0,1.0,1.0,0.0,0.0,0.0,0.0,0.0,0.0,0.0,0.0,0.0,1.0,0.0,0.0,1.0,1.0,2.0,0.0,0.0,0.0,0.0,0.0,1.0,0.0,0.0,0.0,1.0,0.0,1.0,2.0,0.0,1.0,1.0,1.0,1.0,1.0,0.0,4.0,0.0,0.0,0.0,0.0,1.0,1.0,3.0,1.0,0.0,0.0,0.0,0.0,2.0,0.0,2.0,0.0,2.0,2.0,1.0,2.0,3.0,5.0,1.0,1.0,1.0,0.0,0.0,0.0,0.0,0.0,0.0,0.0,3.0,0.0,0.0,0.0,0.0,0.0,0.0,2.0,0.0,0.0,2.0,0.0,0.0,0.0,1.0,0.0
64,4,0.0,0.0,0.0,0.0,0.0,0.0,0.0,0.0,0.0,1.0,0.0,1.0,0.0,1.0,0.0,1.0,0.0,1.0,0.0,0.0,0.0,0.0,1.0,1.0,0.0,0.0,2.0,0.0,0.0,0.0,0.0,0.0,1.0,0.0,0.0,2.0,0.0,1.0,1.0,1.0,0.0,0.0,0.0,0.0,0.0,0.0,0.0,1.0,0.0,0.0,0.0,1.0,0.0,0.0,1.0,1.0,0.0,3.0,0.0,0.0,1.0,2.0,0.0,0.0,2.0,0.0,1.0,1.0,0.0,0.0,0.0,1.0,3.0,0.0,0.0,0.0,0.0,2.0,0.0,0.0,1.0,0.0,0.0,0.0,2.0,1.0,2.0,2.0,2.0,0.0,0.0,2.0,0.0,1.0,1.0,0.0,0.0,1.0,1.0,1.0,0.0,1.0,1.0,1.0,0.0,1.0,1.0,1.0,1.0,1.0,4.0,0.0,1.0,3.0,3.0,2.0,1.0,1.0,0.0,0.0,1.0,2.0,0.0,1.0,0.0,0.0,0.0,1.0,0.0,0.0,1.0,1.0,1.0,0.0,0.0,0.0,0.0,1.0,2.0,3.0,2.0,1.0,0.0,1.0,0.0,0.0,0.0,0.0,0.0,1.0,0.0,2.0,1.0,3.0,0.0,0.0,0.0,0.0,0.0,0.0,1.0,0.0
64,16,1.0,5.0,6.0,6.0,6.0,2.0,4.0,1.0,2.0,6.0,4.0,3.0,3.0,2.0,5.0,4.0,2.0,3.0,13.0,10.0,4.0,5.0,5.0,5.0,3.0,3.0,4.0,4.0,6.0,4.0,6.0,3.0,7.0,5.0,1.0,3.0,3.0,3.0,8.0,5.0,2.0,3.0,2.0,3.0,4.0,5.0,2.0,3.0,3.0,2.0,3.0,5.0,4.0,8.0,5.0,2.0,8.0,5.0,6.0,0.0,4.0,4.0,8.0,3.0,7.0,3.0,6.0,2.0,1.0,2.0,7.0,5.0,1.0,6.0,5.0,1.0,6.0,1.0,8.0,2.0,6.0,8.0,1.0,4.0,4.0,4.0,5.0,8.0,5.0,8.0,4.0,6.0,7.0,4.0,5.0,9.0,3.0,4.0,7.0,2.0,0.0,7.0,5.0,4.0,4.0,4.0,7.0,4.0,4.0,4.0,9.0,7.0,2.0,5.0,4.0,3.0,2.0,5.0,9.0,3.0,2.0,1.0,7.0,4.0,3.0,2.0,3.0,7.0,5.0,4.0,3.0,3.0,3.0,3.0,3.0,5.0,8.0,0.0,2.0,3.0,7.0,1.0,3.0,4.0,3.0,4.0,2.0,2.0,7.0,1.0,4.0,6.0,5.0,5.0,3.0,5.0,5.0,4.0,6.0,1.0,5.0,4.0
64,17,50.0,27.0,53.0,62.0,49.0,36.0,37.0,43.0,50.0,67.0,34.0,51.0,37.0,67.0,67.0,51.0,33.0,56.0,42.0,27.0,39.0,55.0,61.0,51.0,67.0,33.0,79.0,39.0,23.0,49.0,125.0,106.0,43.0,34.0,32.0,83.0,90.0,90.0,101.0,23.0,35.0,57.0,37.0,35.0,38.0,46.0,37.0,38.0,44.0,32.0,43.0,45.0,47.0,46.0,56.0,63.0,47.0,38.0,55.0,58.0,63.0,78.0,30.0,44.0,41.0,62.0,49.0,49.0,49.0,48.0,48.0,55.0,41.0,39.0,53.0,51.0,46.0,39.0,33.0,36.0,51.0,47.0,60.0,143.0,71.0,37.0,43.0,58.0,60.0,62.0,120.0,27.0,31.0,36.0,57.0,47.0,53.0,41.0,45.0,30.0,29.0,30.0,31.0,36.0,55.0,36.0,38.0,70.0,70.0,29.0,51.0,61.0,44.0,49.0,33.0,33.0,39.0,56.0,49.0,35.0,51.0,33.0,53.0,44.0,37.0,41.0,32.0,38.0,51.0,54.0,36.0,41.0,31.0,57.0,48.0,150.0,87.0,45.0,52.0,35.0,60.0,66.0,88.0,48.0,55.0,32.0,33.0,41.0,50.0,49.0,38.0,50.0,46.0,54.0,38.0,45.0,36.0,37.0,38.0,12.0,56.0,36.0
64,20,0.0,0.0,0.0,0.0,1.0,2.0,0.0,1.0,0.0,0.0,0.0,0.0,0.0,0.0,1.0,0.0,2.0,0.0,1.0,2.0,0.0,0.0,0.0,0.0,0.0,0.0,0.0,0.0,0.0,1.0,2.0,0.0,1.0,0.0,1.0,0.0,1.0,0.0,1.0,0.0,1.0,0.0,2.0,0.0,0.0,0.0,1.0,0.0,0.0,0.0,0.0,0.0,0.0,2.0,0.0,0.0,2.0,2.0,0.0,0.0,1.0,2.0,1.0,0.0,0.0,0.0,0.0,2.0,0.0,1.0,0.0,0.0,1.0,0.0,0.0,0.0,0.0,2.0,0.0,0.0,0.0,1.0,0.0,1.0,0.0,1.0,2.0,2.0,0.0,0.0,1.0,0.0,2.0,0.0,3.0,0.0,0.0,0.0,1.0,0.0,1.0,0.0,1.0,1.0,1.0,0.0,1.0,0.0,1.0,0.0,2.0,1.0,0.0,3.0,0.0,0.0,0.0,3.0,1.0,0.0,1.0,0.0,1.0,2.0,0.0,1.0,0.0,1.0,1.0,1.0,0.0,0.0,0.0,0.0,1.0,1.0,1.0,0.0,0.0,0.0,0.0,2.0,3.0,0.0,1.0,2.0,3.0,0.0,1.0,0.0,0.0,0.0,0.0,0.0,0.0,0.0,0.0,0.0,1.0,1.0,0.0,1.0
64,21,0.0,0.0,0.0,0.0,0.0,3.0,0.0,0.0,1.0,0.0,0.0,2.0,1.0,0.0,0.0,0.0,1.0,0.0,0.0,1.0,0.0,0.0,0.0,1.0,1.0,1.0,0.0,1.0,1.0,0.0,2.0,0.0,1.0,1.0,0.0,3.0,2.0,0.0,1.0,1.0,0.0,0.0,0.0,1.0,2.0,0.0,0.0,0.0,1.0,0.0,0.0,0.0,1.0,2.0,0.0,1.0,1.0,0.0,0.0,0.0,0.0,0.0,0.0,2.0,0.0,0.0,0.0,0.0,0.0,1.0,0.0,0.0,0.0,2.0,0.0,0.0,2.0,1.0,0.0,1.0,0.0,0.0,0.0,4.0,0.0,3.0,1.0,1.0,0.0,3.0,1.0,0.0,1.0,0.0,0.0,3.0,1.0,1.0,0.0,2.0,2.0,0.0,0.0,0.0,4.0,0.0,0.0,0.0,2.0,0.0,1.0,2.0,0.0,1.0,2.0,2.0,2.0,2.0,2.0,1.0,2.0,1.0,0.0,0.0,0.0,0.0,0.0,0.0,1.0,3.0,0.0,0.0,0.0,3.0,0.0,3.0,0.0,0.0,3.0,0.0,2.0,0.0,2.0,0.0,0.0,1.0,0.0,0.0,1.0,3.0,0.0,1.0,3.0,1.0,4.0,0.0,0.0,1.0,0.0,0.0,0.0,0.0
64,23,11.0,20.0,43.0,4.0,28.0,23.0,37.0,37.0,10.0,18.0,30.0,27.0,13.0,36.0,15.0,9.0,7.0,9.0,10.0,6.0,13.0,20.0,25.0,10.0,3.0,12.0,13.0,27.0,26.0,13.0,47.0,65.0,55.0,49.0,39.0,117.0,69.0,102.0,250.0,24.0,30.0,28.0,30.0,25.0,48.0,14.0,23.0,9.0,9.0,9.0,8.0,9.0,7.0,4.0,67.0,32.0,54.0,37.0,14.0,37.0,11.0,38.0,43.0,21.0,15.0,6.0,29.0,25.0,3.0,7.0,8.0,23.0,47.0,61.0,28.0,45.0,35.0,62.0,55.0,23.0,28.0,22.0,14.0,38.0,12.0,84.0,62.0,25.0,23.0,15.0,80.0,9.0,6.0,4.0,4.0,4.0,6.0,6.0,2.0,56.0,132.0,46.0,42.0,41.0,28.0,50.0,78.0,127.0,37.0,24.0,22.0,62.0,13.0,72.0,21.0,4.0,13.0,12.0,6.0,11.0,75.0,21.0,27.0,40.0,49.0,27.0,9.0,17.0,66.0,54.0,44.0,38.0,32.0,23.0,9.0,14.0,29.0,31.0,66.0,58.0,81.0,54.0,114.0,69.0,25.0,39.0,18.0,13.0,29.0,24.0,34.0,27.0,43.0,26.0,21.0,29.0,32.0,22.0,21.0,10.0,13.0,27.0
64,55,3.0,2.0,3.0,1.0,0.0,3.0,4.0,4.0,1.0,2.0,1.0,1.0,1.0,2.0,1.0,0.0,1.0,0.0,0.0,1.0,2.0,1.0,3.0,0.0,0.0,0.0,2.0,1.0,2.0,0.0,5.0,0.0,0.0,1.0,0.0,4.0,3.0,1.0,7.0,0.0,1.0,2.0,1.0,3.0,13.0,0.0,3.0,4.0,0.0,0.0,1.0,3.0,2.0,0.0,3.0,3.0,2.0,0.0,4.0,2.0,0.0,0.0,1.0,4.0,3.0,0.0,0.0,0.0,1.0,0.0,2.0,0.0,1.0,0.0,2.0,2.0,1.0,0.0,0.0,0.0,0.0,2.0,2.0,1.0,4.0,2.0,0.0,1.0,4.0,1.0,5.0,0.0,0.0,3.0,1.0,0.0,2.0,0.0,4.0,0.0,0.0,0.0,0.0,0.0,0.0,3.0,2.0,0.0,0.0,0.0,0.0,1.0,0.0,2.0,0.0,0.0,0.0,0.0,1.0,0.0,1.0,0.0,5.0,1.0,0.0,0.0,0.0,0.0,1.0,1.0,3.0,1.0,3.0,0.0,0.0,0.0,1.0,0.0,0.0,0.0,2.0,0.0,1.0,0.0,0.0,1.0,0.0,3.0,2.0,8.0,1.0,2.0,0.0,6.0,3.0,2.0,2.0,2.0,1.0,0.0,0.0,2.0
64,63,0.0,0.0,2.0,0.0,0.0,0.0,0.0,0.0,0.0,0.0,0.0,0.0,0.0,0.0,1.0,0.0,0.0,0.0,0.0,0.0,0.0,0.0,0.0,1.0,0.0,0.0,0.0,0.0,0.0,0.0,3.0,1.0,0.0,1.0,0.0,1.0,5.0,5.0,6.0,1.0,0.0,1.0,2.0,0.0,0.0,1.0,0.0,1.0,0.0,0.0,0.0,0.0,3.0,0.0,0.0,0.0,1.0,0.0,0.0,0.0,0.0,0.0,0.0,0.0,0.0,1.0,0.0,1.0,1.0,1.0,1.0,0.0,0.0,0.0,1.0,0.0,1.0,2.0,0.0,0.0,0.0,0.0,1.0,6.0,1.0,0.0,0.0,6.0,6.0,3.0,8.0,0.0,0.0,0.0,2.0,1.0,0.0,1.0,0.0,0.0,0.0,0.0,0.0,0.0,1.0,2.0,3.0,3.0,0.0,0.0,2.0,0.0,3.0,1.0,1.0,2.0,1.0,1.0,1.0,2.0,3.0,1.0,1.0,1.0,1.0,0.0,1.0,1.0,0.0,0.0,2.0,1.0,0.0,0.0,1.0,5.0,2.0,0.0,1.0,1.0,3.0,7.0,14.0,2.0,0.0,1.0,0.0,0.0,1.0,1.0,1.0,1.0,0.0,1.0,0.0,0.0,0.0,2.0,1.0,1.0,2.0,0.0
64,103,15.0,9.0,22.0,20.0,14.0,17.0,16.0,17.0,14.0,27.0,7.0,23.0,9.0,34.0,8.0,13.0,9.0,33.0,12.0,0.0,0.0,4.0,19.0,16.0,31.0,22.0,32.0,17.0,13.0,30.0,23.0,11.0,2.0,12.0,8.0,28.0,19.0,10.0,24.0,4.0,5.0,25.0,8.0,6.0,16.0,18.0,6.0,11.0,9.0,7.0,7.0,9.0,7.0,15.0,13.0,17.0,0.0,0.0,7.0,4.0,4.0,8.0,4.0,3.0,0.0,0.0,6.0,11.0,5.0,8.0,16.0,21.0,11.0,4.0,5.0,11.0,9.0,11.0,5.0,8.0,16.0,5.0,7.0,23.0,19.0,2.0,2.0,24.0,5.0,9.0,57.0,8.0,2.0,2.0,20.0,12.0,26.0,8.0,13.0,11.0,7.0,6.0,6.0,7.0,11.0,5.0,12.0,9.0,24.0,11.0,21.0,19.0,10.0,19.0,12.0,18.0,13.0,28.0,17.0,8.0,24.0,16.0,24.0,23.0,10.0,13.0,2.0,10.0,11.0,5.0,6.0,8.0,4.0,3.0,4.0,12.0,10.0,0.0,3.0,2.0,16.0,11.0,31.0,2.0,2.0,2.0,3.0,7.0,9.0,4.0,0.0,7.0,4.0,4.0,2.0,3.0,2.0,6.0,2.0,4.0,0.0,0.0
64,150,6.0,0.0,0.0,0.0,5.0,0.0,0.0,0.0,0.0,0.0,1.0,2.0,1.0,1.0,1.0,0.0,0.0,3.0,0.0,2.0,2.0,1.0,1.0,1.0,0.0,1.0,0.0,1.0,0.0,2.0,0.0,1.0,2.0,2.0,3.0,3.0,1.0,1.0,2.0,1.0,4.0,0.0,1.0,3.0,5.0,2.0,0.0,1.0,1.0,2.0,1.0,3.0,2.0,2.0,1.0,0.0,2.0,1.0,2.0,0.0,0.0,3.0,2.0,1.0,0.0,0.0,0.0,2.0,3.0,1.0,0.0,0.0,0.0,3.0,2.0,1.0,0.0,0.0,0.0,0.0,1.0,0.0,0.0,0.0,2.0,0.0,0.0,2.0,4.0,1.0,0.0,0.0,2.0,0.0,1.0,1.0,0.0,0.0,0.0,0.0,2.0,1.0,1.0,0.0,0.0,1.0,1.0,0.0,0.0,1.0,2.0,0.0,0.0,1.0,0.0,4.0,1.0,0.0,0.0,1.0,0.0,0.0,0.0,0.0,0.0,1.0,1.0,0.0,0.0,0.0,0.0,0.0,0.0,1.0,2.0,0.0,0.0,0.0,3.0,0.0,2.0,3.0,0.0,2.0,0.0,1.0,2.0,0.0,4.0,0.0,0.0,1.0,1.0,2.0,0.0,1.0,1.0,1.0,0.0,1.0,1.0,0.0
64,193,0.0,0.0,0.0,0.0,0.0,0.0,0.0,0.0,0.0,0.0,0.0,0.0,0.0,0.0,0.0,0.0,0.0,0.0,0.0,0.0,0.0,0.0,0.0,0.0,0.0,0.0,0.0,0.0,0.0,0.0,0.0,0.0,0.0,0.0,0.0,0.0,0.0,0.0,0.0,0.0,0.0,0.0,0.0,0.0,0.0,0.0,0.0,3.0,1.0,2.0,0.0,1.0,1.0,0.0,0.0,0.0,0.0,0.0,0.0,0.0,0.0,0.0,2.0,0.0,2.0,1.0,0.0,0.0,4.0,0.0,1.0,1.0,2.0,1.0,2.0,1.0,1.0,0.0,0.0,3.0,1.0,2.0,0.0,4.0,3.0,1.0,0.0,2.0,0.0,1.0,6.0,3.0,1.0,1.0,0.0,1.0,2.0,0.0,1.0,0.0,1.0,0.0,1.0,0.0,0.0,0.0,2.0,1.0,0.0,0.0,1.0,0.0,0.0,2.0,0.0,0.0,1.0,2.0,0.0,0.0,0.0,0.0,0.0,2.0,0.0,0.0,0.0,1.0,2.0,2.0,1.0,1.0,1.0,0.0,0.0,2.0,2.0,0.0,0.0,2.0,0.0,0.0,0.0,0.0,0.0,0.0,0.0,1.0,0.0,0.0,0.0,2.0,0.0,1.0,1.0,2.0,0.0,0.0,0.0,4.0,0.0,0.0
64,238,0.0,0.0,0.0,0.0,1.0,0.0,1.0,0.0,0.0,1.0,0.0,2.0,0.0,0.0,0.0,0.0,1.0,5.0,0.0,3.0,1.0,0.0,0.0,0.0,0.0,0.0,0.0,0.0,0.0,0.0,0.0,0.0,0.0,2.0,0.0,2.0,1.0,2.0,0.0,1.0,1.0,2.0,3.0,0.0,0.0,2.0,12.0,2.0,2.0,3.0,1.0,1.0,1.0,0.0,4.0,3.0,1.0,1.0,0.0,3.0,2.0,0.0,0.0,0.0,2.0,1.0,1.0,1.0,0.0,0.0,1.0,1.0,1.0,0.0,0.0,0.0,1.0,0.0,0.0,0.0,0.0,2.0,0.0,2.0,2.0,0.0,1.0,4.0,1.0,0.0,0.0,1.0,0.0,0.0,1.0,0.0,0.0,3.0,0.0,0.0,1.0,0.0,0.0,1.0,1.0,0.0,0.0,0.0,0.0,0.0,1.0,3.0,1.0,3.0,0.0,0.0,1.0,1.0,0.0,2.0,3.0,1.0,0.0,0.0,0.0,0.0,1.0,0.0,0.0,2.0,0.0,0.0,0.0,0.0,2.0,4.0,3.0,0.0,1.0,5.0,6.0,3.0,1.0,1.0,2.0,1.0,0.0,1.0,0.0,0.0,0.0,0.0,1.0,2.0,1.0,1.0,1.0,1.0,0.0,0.0,2.0,1.0
65,126,5.0,2.0,3.0,3.0,2.0,6.0,2.0,3.0,5.0,1.0,3.0,6.0,0.0,4.0,0.0,7.0,0.0,0.0,5.0,0.0,3.0,0.0,0.0,6.0,0.0,2.0,0.0,3.0,0.0,0.0,0.0,0.0,13.0,0.0,0.0,3.0,0.0,0.0,0.0,8.0,0.0,0.0,5.0,0.0,0.0,2.0,0.0,5.0,0.0,2.0,0.0,0.0,0.0,6.0,0.0,0.0,0.0,5.0,3.0,2.0,2.0,0.0,0.0,5.0,0.0,2.0,15.0,5.0,0.0,0.0,5.0,0.0,5.0,4.0,0.0,2.0,0.0,2.0,0.0,9.0,3.0,0.0,0.0,0.0,0.0,7.0,0.0,7.0,2.0,7.0,7.0,2.0,0.0,0.0,0.0,5.0,2.0,0.0,4.0,4.0,2.0,3.0,3.0,3.0,0.0,4.0,4.0,0.0,7.0,0.0,4.0,0.0,0.0,2.0,3.0,0.0,2.0,0.0,2.0,3.0,4.0,0.0,0.0,0.0,10.0,0.0,0.0,4.0,5.0,3.0,0.0,0.0,0.0,0.0,8.0,0.0,7.0,0.0,0.0,0.0,15.0,5.0,7.0,0.0,10.0,0.0,0.0,0.0,0.0,0.0,12.0,5.0,0.0,8.0,0.0,16.0,0.0,4.0,4.0,4.0,4.0,5.0
66,124,0.0,0.0,0.0,0.0,0.0,0.0,0.0,0.0,2.0,0.0,1.0,1.0,0.0,0.0,0.0,2.0,4.0,2.0,6.0,11.0,4.0,6.0,11.0,6.0,9.0,13.0,6.0,8.0,7.0,7.0,13.0,20.0,7.0,9.0,9.0,10.0,15.0,4.0,6.0,6.0,2.0,7.0,4.0,6.0,8.0,4.0,5.0,8.0,3.0,5.0,13.0,4.0,5.0,3.0,7.0,8.0,7.0,7.0,7.0,3.0,5.0,3.0,2.0,2.0,3.0,4.0,7.0,10.0,5.0,3.0,5.0,9.0,7.0,4.0,4.0,2.0,0.0,6.0,1.0,8.0,10.0,9.0,7.0,7.0,7.0,8.0,5.0,8.0,10.0,5.0,5.0,6.0,6.0,4.0,10.0,2.0,7.0,8.0,8.0,7.0,4.0,5.0,7.0,3.0,8.0,5.0,5.0,11.0,5.0,6.0,6.0,3.0,6.0,7.0,11.0,5.0,3.0,4.0,9.0,11.0,11.0,6.0,2.0,8.0,11.0,6.0,5.0,5.0,6.0,9.0,4.0,10.0,8.0,5.0,9.0,16.0,11.0,9.0,8.0,5.0,19.0,14.0,4.0,8.0,7.0,7.0,6.0,3.0,5.0,9.0,11.0,8.0,5.0,4.0,7.0,6.0,3.0,7.0,10.0,6.0,5.0,6.0
66,126,0.0,0.0,0.0,0.0,0.0,0.0,0.0,0.0,1.0,3.0,3.0,3.0,0.0,0.0,0.0,0.0,0.0,2.0,4.0,5.0,3.0,2.0,10.0,0.0,0.0,2.0,0.0,2.0,0.0,11.0,3.0,5.0,0.0,0.0,3.0,6.0,2.0,0.0,0.0,4.0,0.0,13.0,0.0,0.0,0.0,2.0,2.0,0.0,4.0,2.0,0.0,0.0,2.0,2.0,2.0,5.0,2.0,0.0,0.0,4.0,4.0,4.0,0.0,2.0,2.0,6.0,2.0,6.0,2.0,2.0,0.0,0.0,2.0,0.0,4.0,0.0,0.0,5.0,0.0,2.0,0.0,2.0,0.0,9.0,6.0,7.0,3.0,0.0,2.0,14.0,0.0,0.0,0.0,2.0,4.0,2.0,11.0,4.0,0.0,0.0,0.0,0.0,7.0,0.0,0.0,0.0,0.0,0.0,0.0,0.0,9.0,0.0,0.0,0.0,2.0,3.0,0.0,2.0,0.0,2.0,2.0,2.0,0.0,0.0,2.0,0.0,2.0,0.0,4.0,4.0,3.0,4.0,4.0,0.0,0.0,0.0,16.0,2.0,0.0,4.0,0.0,0.0,7.0,0.0,3.0,0.0,0.0,2.0,0.0,6.0,9.0,0.0,0.0,0.0,8.0,2.0,0.0,3.0,4.0,9.0,0.0,3.0
